1127|Repair HORNET|Repair damage in the Pit during Arcade Mode.|3053|31 Jul 2018 7:31:35 PM|13654|21147|64.57|Common|Bronze
1127|YOU JUST LOST YOUR...|Find the hidden sign at the dead end in ADVANCED Course of ARCADE MODE.|3052|31 Jul 2018 7:29:41 PM|10706|21147|50.63|Common|Bronze
1127|Slot Machine|On a BEGINNER Course of ARCADE Mode press "Special" in front of the Slots to stop the 3 reels.|3051|31 Jul 2018 7:28:26 PM|11972|21147|56.61|Common|Bronze
1127|First Place ADVANCED|Win an ADVANCED Course in ARCADE Mode (any difficulty level is ok).|3050|31 Jul 2018 7:23:51 PM|12067|21147|57.06|Common|Silver
1127|First Place BEGINNER|Win a BEGINNER Course in ARCADE Mode (any difficulty level is ok).|3049|31 Jul 2018 7:16:08 PM|15790|21147|74.67|Common|Silver
5362|Nukem All|Kill 5 bad guys with one shot.|3048|31 Jul 2018 7:00:42 PM|8619|13823|62.35|Common|Gold
5362|Rage Engage|Kill 10 bad guys in 10 seconds while on steroids.|3047|31 Jul 2018 6:25:14 PM|7730|13823|55.92|Common|Gold
5362|Roast 'Em|Burn 50 bad guys to death.|3046|31 Jul 2018 6:24:19 PM|7715|13823|55.81|Common|Silver
5362|Why So Serious!?!|Find Sam in "Mirage Barrage".|3045|31 Jul 2018 6:10:00 PM|7800|13823|56.43|Common|Silver
5362|Duke, Use the Force!|Find Luke in the Level "Lunar Reactor".|3044|31 Jul 2018 6:08:02 PM|7654|13823|55.37|Common|Silver
5362|Doomed Marine|Find the Doomguy in the Level "Death Row".|3043|31 Jul 2018 6:05:43 PM|9196|13823|66.53|Common|Silver
5362|Buzz Off|Kill a Firefly Trooper while it's flying small.|3042|31 Jul 2018 6:04:39 PM|8018|13823|58.0|Common|Silver
5362|I Never Knew This Was Here|Finish a secret level.|3041|31 Jul 2018 5:14:40 PM|8439|13823|61.05|Common|Silver
5362|See, I'm Tough Too!|Finish any level on "Damn, I'm Good" difficulty.|3040|31 Jul 2018 5:10:17 PM|7994|13823|57.83|Common|Silver
5362|I Never Inhaled|Use the hookah in "High Times".|3039|31 Jul 2018 5:04:49 PM|8337|13823|60.31|Common|Bronze
5362|Alien Maggots are Gonna Pay|Finish the "Hollywood Holocaust" level in under 3 minutes.|3038|31 Jul 2018 5:00:20 PM|8366|13823|60.52|Common|Silver
5362|Shake It, Baby|Tip an exotic dancer.|3037|31 Jul 2018 4:56:01 PM|11665|13823|84.39|Common|Bronze
5362|It Happens|Step in a pile of excrement.|3036|31 Jul 2018 4:51:57 PM|8908|13823|64.44|Common|Bronze
5362|Duke's Mighty Foot|Step on 40 enemies after using the Shrinker on them.|3035|31 Jul 2018 4:51:13 PM|8130|13823|58.82|Common|Silver
5362|I'm Back, Baby|Complete "Alien World Order" on any difficulty.|3034|31 Jul 2018 4:45:00 PM|8055|13823|58.27|Common|Gold
5362|Damn I'm Good|Complete "The Birth" on any difficulty.|3033|31 Jul 2018 4:41:44 PM|7888|13823|57.06|Common|Silver
5362|All Too Easy|Find a secret area.|3032|31 Jul 2018 4:33:00 PM|13072|13823|94.57|Common|Bronze
5362|Take No Prisoners|Kill every enemy on a level.|3031|31 Jul 2018 4:27:47 PM|9471|13823|68.52|Common|Gold
5362|Come Get Some|Complete "Shrapnel City" on any difficulty.|3030|31 Jul 2018 4:27:46 PM|8185|13823|59.21|Common|Silver
5362|Let's Rock|Complete "Lunar Apocalypse" on any difficulty.|3029|31 Jul 2018 4:24:56 PM|8244|13823|59.64|Common|Bronze
5362|Smoke 'Em If You Got 'Em|Use the Incinerator.|3028|31 Jul 2018 4:24:04 PM|8834|13823|63.91|Common|Bronze
5362|Piece of Cake|Complete "L.A. Meltdown" on any difficulty.|3027|31 Jul 2018 4:20:33 PM|9152|13823|66.21|Common|Bronze
5362|That's What She Said|Listen to Developer Commentary (Use at least one trigger).|3026|31 Jul 2018 4:13:30 PM|8746|13823|63.27|Common|Bronze
5362|More Than 2 Weapons At Once?|Carry all weapons with ammo at once.|3025|31 Jul 2018 4:12:57 PM|8799|13823|63.65|Common|Bronze
5362|Cheating!|Use a cheat code.|3024|31 Jul 2018 4:11:40 PM|8794|13823|63.62|Common|Bronze
5672|Cringer|Summon the Power of Greyskull to distract Antoine and Pierre|3023|31 Jul 2018 4:06:02 PM|4201|4460|94.19|Common|Bronze
5672|Damn you all!|Maybe it was earth all along?|3022|31 Jul 2018 4:03:17 PM|4163|4460|93.34|Common|Silver
5672|+1 Geology|Examine all the rocks on the planet surface|3021|30 Jul 2018 10:38:29 AM|4150|4460|93.05|Common|Gold
5672|Premium Engineering|Locate the French camp while driving the Beagle Two Too|3020|30 Jul 2018 10:31:51 AM|4147|4460|92.98|Common|Silver
5672|She's behind you!|Find a replacement motor, when asked|3019|30 Jul 2018 10:26:15 AM|4159|4460|93.25|Common|Silver
5672|While simultaneously no earned|Observe Schrödinger's cat both alive and dead|3018|30 Jul 2018 10:16:28 AM|4158|4460|93.23|Common|Bronze
5672|Cardio, bruh|Break a sweat when using the treadmill|3017|30 Jul 2018 10:08:46 AM|4156|4460|93.18|Common|Silver
5672|What a thrill|Use the ladder like a boss|3016|30 Jul 2018 10:04:40 AM|4233|4460|94.91|Common|Bronze
5672|I can't believe you've done this!|Wake up Sub Lieutenant Jones|3015|30 Jul 2018 10:01:18 AM|4244|4460|95.16|Common|Bronze
5672|One can never be too careful|Ensure no one can erase the driver|3014|30 Jul 2018 9:59:49 AM|4154|4460|93.14|Common|Gold
5672|Leg breaker|Crush a table top football player|3013|30 Jul 2018 9:54:45 AM|4278|4460|95.92|Common|Bronze
5672|Call Autoglass!|Crash into ejected fuel cell when at the controls of the HMSS Imperialise|3012|30 Jul 2018 9:51:23 AM|4150|4460|93.05|Common|Gold
5672|Sharing is caring|Give Sub Lieutenant Jones English's tea|3011|30 Jul 2018 9:45:53 AM|4205|4460|94.28|Common|Silver
5672|Inconceivable|Attempt to mix washing up liquid and tea|3010|30 Jul 2018 9:42:49 AM|4184|4460|93.81|Common|Bronze
5672|Bring me my detonators!|Talk to G.E.R.T.E.A. about British villains|3009|30 Jul 2018 9:40:20 AM|4226|4460|94.75|Common|Silver
5672|The Gravity Simulation Switch|Examine the Gravity Simulation Switch|3008|30 Jul 2018 9:36:02 AM|4306|4460|96.55|Common|Bronze
5672|Don't show me this tip again|Locate the paperclip|3007|30 Jul 2018 9:35:02 AM|4302|4460|96.46|Common|Silver
5672|One Small Step...|Commence your mission on board the HMSS Imperialise!|3006|30 Jul 2018 9:29:08 AM|4406|4460|98.79|Common|Bronze
5672|Every Breath You Take|Look intently at Sub Lieutenant Jones|3005|30 Jul 2018 9:28:56 AM|4228|4460|94.8|Common|Silver
3547|Keep foyer combat master|Achieve gold medal for this challenge map|3004|30 Jul 2018 9:11:25 AM|14520|66803|21.74|Uncommon|Bronze
6987|Done Done Done|For excellent and dedicated field work in the field of battle for completion|3003|30 Jul 2018 5:36:34 AM|5838|10035|58.18|Common|Platinum
6987|Pedal to the Metal|Destroy Metal Kor at Nest|3002|30 Jul 2018 5:36:34 AM|6690|10035|66.67|Common|Gold
2481|Final Showdown|Complete all of the District Showdowns in the city|3001|30 Jul 2018 5:28:18 AM|264567|500825|52.83|Common|Silver
2481|Clean Sweep|Clear the D.U.P. out of the entire city|3000|30 Jul 2018 5:28:17 AM|254713|500825|50.86|Common|Silver
2481|Shardcore|Collect all the Blast Shards|2999|30 Jul 2018 5:24:50 AM|258699|500825|51.65|Common|Silver
2481|Blown Cover|Defeat all the D.U.P. Secret Agents|2998|30 Jul 2018 5:23:48 AM|260645|500825|52.04|Common|Silver
2481|Inside Track|Collect all the Informant Audio Logs|2997|29 Jul 2018 5:48:01 PM|261275|500825|52.17|Common|Silver
2481|Big Brother|Destroy all the D.U.P. Hidden Cameras|2996|29 Jul 2018 5:43:21 PM|261826|500825|52.28|Common|Silver
2481|Blinded|Destroy all of the D.U.P. security cameras|2995|29 Jul 2018 5:40:03 PM|263679|500825|52.65|Common|Silver
2481|Coloring Inside the Lines|Complete all the Stencil Art|2994|29 Jul 2018 5:28:46 PM|264679|500825|52.85|Common|Silver
7853|Platinum Destronaut|Get all the trophies|2993|29 Jul 2018 3:44:50 PM|2469|2509|98.41|Common|Platinum
7853|Challenge me|Complete 12 challenges|2992|29 Jul 2018 3:44:50 PM|2475|2509|98.64|Common|Gold
7853|Mastering challenges|Complete 6 challenges|2991|29 Jul 2018 3:28:15 PM|2484|2509|99.0|Common|Gold
7853|I like challenges|Complete 3 challenges|2990|29 Jul 2018 3:26:29 PM|2491|2509|99.28|Common|Gold
7853|Up for a challenge|Complete 1 challenge|2989|29 Jul 2018 3:25:01 PM|2500|2509|99.64|Common|Gold
7853|Countdown|Reach 10K in Time Attack Mode|2988|29 Jul 2018 3:24:26 PM|2489|2509|99.2|Common|Gold
7853|Saving the galaxy|Reach 1K in Hardcore Mode|2987|29 Jul 2018 3:22:41 PM|2487|2509|99.12|Common|Gold
7853|Excellent|Reach to 100K points in Classic Mode|2986|29 Jul 2018 3:22:10 PM|2479|2509|98.8|Common|Gold
7853|Working hard|Reach to 50K points in Classic Mode|2985|29 Jul 2018 3:22:09 PM|2488|2509|99.16|Common|Gold
7853|Well done|Reach to 25K points in Classic Mode|2984|29 Jul 2018 3:20:08 PM|2493|2509|99.36|Common|Gold
7853|The whole crew was lost|Die once|2983|29 Jul 2018 3:20:04 PM|2501|2509|99.68|Common|Silver
7853|Changing weapons|Kill 1 special red enemy|2982|29 Jul 2018 3:19:43 PM|2501|2509|99.68|Common|Gold
7853|Persistent|Hit one of the grey enemies|2981|29 Jul 2018 3:19:31 PM|2502|2509|99.72|Common|Gold
7853|Starter|Kill 1 enemy|2980|29 Jul 2018 3:19:25 PM|2506|2509|99.88|Common|Silver
2481|Put That Anywhere|Defeat 10 enemies by detonating ammo crates|2979|29 Jul 2018 3:13:52 PM|333297|500825|66.55|Common|Bronze
6053|Full Throttle|Unlock all trophies|2978|28 Jul 2018 8:34:08 AM|5081|6986|72.73|Common|Platinum
6053|LOOMing Seagull|Kill the LOOM Seagull|2977|28 Jul 2018 8:34:08 AM|5385|6986|77.08|Common|Bronze
6053|Thank No Cats|Watch the bunnies overtake the credits|2976|28 Jul 2018 8:27:24 AM|5415|6986|77.51|Common|Bronze
6053|Can't Beat a Corley|Send up a gorge-ous death for Ripburger|2975|28 Jul 2018 8:12:26 AM|5685|6986|81.38|Common|Gold
6053|Burger Well Done|Defeat Ripburger without dying|2974|28 Jul 2018 8:12:26 AM|5169|6986|73.99|Common|Gold
6053|Now Boarding|Get Ripburger into the plane|2973|28 Jul 2018 8:10:19 AM|5694|6986|81.51|Common|Silver
6053|Rabbit Ragu|Dice a rabbit in the engine fan|2972|28 Jul 2018 8:05:36 AM|5417|6986|77.54|Common|Silver
6053|Burger Melt|Melt Ripburger's vision of the future|2971|28 Jul 2018 7:59:30 AM|5708|6986|81.71|Common|Bronze
6053|Wisecrack|Kick the crack to open the secret passage|2970|28 Jul 2018 7:56:11 AM|5718|6986|81.85|Common|Bronze
6053|What A Pain Threshold!|Make the Boom Boom Bros go boom|2969|28 Jul 2018 7:50:40 AM|5724|6986|81.94|Common|Silver
6053|Taut a Lesson|Talk your way out of getting quartered|2968|28 Jul 2018 7:37:36 AM|5748|6986|82.28|Common|Bronze
6053|Hare Trigger|Sacrifice bunnies to get through the minefield|2967|28 Jul 2018 7:36:11 AM|5748|6986|82.28|Common|Silver
6053|Invasion of the Bunny Snatcher|Snatch the bunny|2966|28 Jul 2018 7:32:06 AM|5772|6986|82.62|Common|Bronze
6053|Pull a Fast One|Get the battery from the minefield|2965|28 Jul 2018 7:30:30 AM|5774|6986|82.65|Common|Bronze
6053|Pure Evel|Launch over Poyahoga Gorge|2964|28 Jul 2018 7:26:06 AM|5836|6986|83.54|Common|Silver
6053|The Spirit of Ricky Myran|Escape with Ricky's ramp|2963|28 Jul 2018 6:59:49 AM|5858|6986|83.85|Common|Bronze
6987|Head Master|Collect 510 Metal Head Skull Gems|2962|28 Jul 2018 6:42:29 AM|6483|10035|64.6|Common|Gold
6987|Head Cheese|Collect 250 Metal Head Skull Gems|2961|28 Jul 2018 6:42:23 AM|7433|10035|74.07|Common|Silver
6987|Head Over Heels|Collect 50 Metal Head Skull Gems|2960|28 Jul 2018 6:42:16 AM|7928|10035|79.0|Common|Bronze
6987|The Collectationator!|Collect 286 Precursor Orbs|2959|28 Jul 2018 6:42:14 AM|5878|10035|58.57|Common|Gold
6987|The Collectivist|Collect 125 Precursor Orbs|2958|28 Jul 2018 6:42:12 AM|6074|10035|60.53|Common|Silver
6987|The Collector|Collect 25 Precursor Orbs|2957|28 Jul 2018 6:42:04 AM|7432|10035|74.06|Common|Bronze
6987|Who Knew Krew Blew?|Beat Krew in Weapons Lab|2956|28 Jul 2018 6:38:54 AM|6766|10035|67.42|Common|Silver
6987|Finders Keepers|Find Sig in Underport|2955|28 Jul 2018 6:38:54 AM|6754|10035|67.3|Common|Bronze
6987|Heavy Distortion|Attack the Metal Head Nest|2954|28 Jul 2018 6:38:54 AM|6738|10035|67.14|Common|Bronze
6987|Timber!|Destroy Drill Platform Tower|2953|28 Jul 2018 6:38:53 AM|6791|10035|67.67|Common|Bronze
6987|Speed Speedily|Win Class 1 Race in Stadium|2952|28 Jul 2018 6:38:53 AM|6780|10035|67.56|Common|Gold
6987|I Heart Heart|Get Heart of Mar in Weapons Lab|2951|28 Jul 2018 6:38:53 AM|6766|10035|67.42|Common|Bronze
6987|Bot Bot Boom Boom|Protect Hideout from Bomb Bots|2950|28 Jul 2018 6:38:52 AM|6886|10035|68.62|Common|Bronze
6987|Speed Quicker|Win Class 2 Race at Stadium|2949|28 Jul 2018 6:38:52 AM|6901|10035|68.77|Common|Silver
6987|Grin and Baron It|Defeat Baron in Mar's Tomb|2948|28 Jul 2018 6:38:51 AM|6972|10035|69.48|Common|Silver
6987|We're All Friends Here|Rescue Friends at Fortress|2947|28 Jul 2018 6:38:51 AM|6941|10035|69.17|Common|Bronze
6987|What's That Smell?|Escort Men Through Sewers|2946|28 Jul 2018 6:38:51 AM|6888|10035|68.64|Common|Bronze
6987|Testosterone|Pass the Tests of Manhood|2945|28 Jul 2018 6:38:49 AM|6981|10035|69.57|Common|Silver
6987|No Man is a Canyon|Use Items in No Man's Canyon|2944|28 Jul 2018 6:38:47 AM|7004|10035|69.8|Common|Bronze
6987|Speeding Slowly|Win Class 3 Race at Stadium|2943|28 Jul 2018 6:38:46 AM|7176|10035|71.51|Common|Bronze
6987|Doggin' the Hellcats|Destroy 5 Hellcat Cruisers|2942|28 Jul 2018 6:38:40 AM|7054|10035|70.29|Common|Bronze
6987|Sunken Ship|Destroy Ship at Drill Platform|2941|28 Jul 2018 6:38:39 AM|7190|10035|71.65|Common|Bronze
6987|Clap Hands|Get Seal Piece at Dig|2940|28 Jul 2018 6:38:39 AM|7119|10035|70.94|Common|Silver
6987|Kersplash!|Destroy Equipment at Dig|2939|28 Jul 2018 6:38:38 AM|7294|10035|72.69|Common|Bronze
6987|Strip Mine, Not Yours|Blow up Strip Mine in Eco Wells|2938|28 Jul 2018 6:38:38 AM|7249|10035|72.24|Common|Bronze
6987|Scout's Honor|Catch Scouts in Haven Forest|2937|28 Jul 2018 6:38:37 AM|7442|10035|74.16|Common|Bronze
6987|Cha-ching|Collect Money for Krew|2936|28 Jul 2018 6:38:36 AM|7770|10035|77.43|Common|Bronze
6987|Skip the Stairs|Ride Elevator up to Palace|2935|28 Jul 2018 6:38:35 AM|7595|10035|75.69|Common|Bronze
6987|Don't Let Him Get Away|Defeat Baron at Palace|2934|28 Jul 2018 6:38:35 AM|7581|10035|75.55|Common|Silver
6987|More Power to You|Turn on 5 Power Switches|2933|28 Jul 2018 6:38:34 AM|7626|10035|75.99|Common|Bronze
6987|Over Easy|Destroy Eggs at Drill Platform|2932|28 Jul 2018 6:38:33 AM|7800|10035|77.73|Common|Silver
6987|Just the Artifacts Ma'am|Find 3 Artifacts in Mountain Temple|2931|28 Jul 2018 6:38:33 AM|7602|10035|75.75|Common|Bronze
6987|Stripped Down|Rescue Vin at Strip Mine|2930|28 Jul 2018 6:38:31 AM|7938|10035|79.1|Common|Bronze
6987|Lost and Found|Find Pumping Station Patrol|2929|28 Jul 2018 6:38:31 AM|7784|10035|77.57|Common|Silver
6987|Turrets Syndrome|Destroy Turrets in Sewers|2928|28 Jul 2018 6:38:30 AM|8208|10035|81.79|Common|Bronze
6987|Signature Moves|Protect Sig at Pumping Station|2927|28 Jul 2018 6:38:29 AM|8337|10035|83.08|Common|Bronze
6987|Kaboom!|Blow up Ammo at Fortress|2926|28 Jul 2018 6:38:28 AM|8748|10035|87.17|Common|Bronze
6987|Poor Kid|Protect Kor and Kid|2925|28 Jul 2018 6:38:20 AM|9499|10035|94.66|Common|Bronze
6987|Dead and Gone|Retrieve Banner from Dead Town|2924|28 Jul 2018 6:38:20 AM|9249|10035|92.17|Common|Bronze
6053|Burn-In Rubber|Save your screen from burn-in with 3D animated vehicles|2923|27 Jul 2018 7:58:58 PM|5820|6986|83.31|Common|Bronze
6053|Gogglor|Use the Cavefish goggles to locate their lair|2922|27 Jul 2018 7:53:31 PM|5885|6986|84.24|Common|Bronze
6053|A Fistful of Fertilizer|Get the chainsaw with the fertilizer|2921|27 Jul 2018 7:25:23 PM|5775|6986|82.67|Common|Silver
6053|Torque Talk|Consume Father Torque's wisdom|2920|27 Jul 2018 7:17:10 PM|5979|6986|85.59|Common|Silver
6053|Fertilized|Use the fertilizer to spin out Nestor and Bolus|2919|27 Jul 2018 7:10:57 PM|5941|6986|85.04|Common|Bronze
6053|Hosed|Get a hose to fix your bike|2918|27 Jul 2018 7:05:16 PM|6081|6986|87.05|Common|Bronze
6053|Hard Tale|Look at the pic of Maureen and Malcom fixing hard tail|2917|27 Jul 2018 7:04:40 PM|5360|6986|76.72|Common|Silver
6053|I Can Do That|Play a game of five finger fillet|2916|27 Jul 2018 7:00:42 PM|5405|6986|77.37|Common|Silver
6053|News to Me|Watch the entire news broadcast|2915|27 Jul 2018 6:59:33 PM|5349|6986|76.57|Common|Bronze
6053|A New Hope|Grab the Fake ID from Miranda|2914|27 Jul 2018 6:57:56 PM|6123|6986|87.65|Common|Bronze
6053|Unnatural Causes|Listen to Malcolm's last words|2913|27 Jul 2018 6:52:32 PM|6169|6986|88.31|Common|Silver
6053|Right in the Junk|Recover the forks from the junkyard|2912|27 Jul 2018 6:46:02 PM|6228|6986|89.15|Common|Bronze
6053|OK, I'll Put My Lips on That|Siphon gas from Floyd|2911|27 Jul 2018 6:39:12 PM|6272|6986|89.78|Common|Bronze
6053|Annoyed Floyd|Hide from Floyd|2910|27 Jul 2018 6:37:44 PM|6301|6986|90.19|Common|Bronze
6053|Not So Tough After All|Pick the lock to the tower|2909|27 Jul 2018 6:36:01 PM|6368|6986|91.15|Common|Silver
6053|Carry the Torch|Retrieve Mo's welding torch|2908|27 Jul 2018 6:35:07 PM|6341|6986|90.77|Common|Bronze
6053|Trailer Trashed|Kick in the trailer door|2907|27 Jul 2018 6:33:44 PM|6435|6986|92.11|Common|Bronze
6053|Angels with Dirty Faces|Keep talking to Todd|2906|27 Jul 2018 6:33:32 PM|5311|6986|76.02|Common|Bronze
6053|Minking Memories|Check out the photo of Uncle Pete|2905|27 Jul 2018 6:28:39 PM|6470|6986|92.61|Common|Silver
6053|Know Mo|Finish all of Mo's initial dialog|2904|27 Jul 2018 6:28:22 PM|6145|6986|87.96|Common|Silver
6053|A-Number One Polecat Honcho|Take out the first Rottwheeler|2903|27 Jul 2018 6:22:59 PM|6600|6986|94.47|Common|Bronze
6053|Ring Pull|Get your keys from the bartender|2902|27 Jul 2018 6:21:01 PM|6636|6986|94.99|Common|Silver
6053|Not Puttin' My Lips on That|Keep Your Lips Off of 10 Objects|2901|27 Jul 2018 6:20:07 PM|6032|6986|86.34|Common|Silver
6053|One Final Offer...|Accept Ripburger's Final Offer|2900|27 Jul 2018 6:15:03 PM|6695|6986|95.83|Common|Bronze
4369|Farewell|Completed Episode 3|2899|27 Jul 2018 5:30:06 PM|24747|30179|82.0|Common|Bronze
4369|Hell Hath No Fury|Completed Chapter 6 of Episode 3|2898|27 Jul 2018 5:24:20 PM|24758|30179|82.04|Common|Bronze
4369|A Storm is Brewing|Completed Chapter 5 of Episode 3|2897|27 Jul 2018 5:11:37 PM|24782|30179|82.12|Common|Bronze
4369|Dark Sacrifice|Completed Chapter 4 of Episode 3|2896|27 Jul 2018 4:09:03 PM|24792|30179|82.15|Common|Bronze
4369|Charred Memory|Completed Chapter 3 of Episode 3|2895|27 Jul 2018 3:44:23 PM|24842|30179|82.32|Common|Bronze
4369|Unexpected Guests|Completed Chapter 2 of Episode 3|2894|27 Jul 2018 3:37:31 PM|24884|30179|82.45|Common|Bronze
4369|Fun on the Shore|Completed Chapter 1 of Episode 3|2893|27 Jul 2018 3:33:55 PM|24905|30179|82.52|Common|Bronze
4369|Quiet Time|Completed Episode 2|2892|27 Jul 2018 5:52:10 AM|25347|30179|83.99|Common|Bronze
4369|Party Crashers|Completed Chapter 6 of Episode 2|2891|27 Jul 2018 5:42:11 AM|25357|30179|84.02|Common|Bronze
4369|Distant Memories|Completed Chapter 5 of Episode 2|2890|27 Jul 2018 5:31:40 AM|25426|30179|84.25|Common|Bronze
4369|Emergency Room|Completed Chapter 4 of Episode 2|2889|27 Jul 2018 5:23:31 AM|25452|30179|84.34|Common|Bronze
4369|Steep Climb|Completed Chapter 3 of Episode 2|2888|27 Jul 2018 5:05:52 AM|25508|30179|84.52|Common|Bronze
4369|Herd Mentality|Completed Chapter 2 of Episode 2|2887|27 Jul 2018 5:02:10 AM|25538|30179|84.62|Common|Bronze
4369|Burning Bridges|Completed Chapter 1 of Episode 2|2886|26 Jul 2018 7:07:32 PM|25604|30179|84.84|Common|Bronze
2481|What Did You Call Me?|Kill 10 obnoxious Akuran gang members|2885|26 Jul 2018 6:53:48 PM|205215|500825|40.98|Uncommon|Bronze
2481|Everyone's a Critic|Take out 10 street musicians|2884|26 Jul 2018 6:51:01 PM|189829|500825|37.9|Uncommon|Bronze
2481|Drop Everything|Comet Drop over 170 meters|2883|26 Jul 2018 6:25:54 PM|190570|500825|38.05|Uncommon|Bronze
2481|Spin-off|Beat down 10 sign twirlers|2882|26 Jul 2018 6:02:04 PM|185366|500825|37.01|Uncommon|Bronze
2481|Hello Operator|Complete Showdowns in half of the districts|2881|26 Jul 2018 5:58:05 PM|303906|500825|60.68|Common|Bronze
2481|Home Field Advantage|Clear the D.U.P. out of half the districts in the city|2880|26 Jul 2018 5:58:03 PM|280461|500825|56.0|Common|Bronze
2481|Kicking and Screaming|Finish off 10 wounded enemies or civilians|2879|26 Jul 2018 4:24:28 PM|297743|500825|59.45|Common|Bronze
5531|My Name is Mayo!|Unlock all the trophies!|2878|26 Jul 2018 5:59:10 AM|43704|45221|96.65|Common|Platinum
5531|What do we do now?|Unlock all the rewards!|2877|26 Jul 2018 5:59:10 AM|43712|45221|96.66|Common|Gold
5531|I'm just a mayo.|Flipped. (Hit this 500 times)|2876|26 Jul 2018 5:59:04 AM|44003|45221|97.31|Common|Bronze
5531|Vanished...|Screw that. (Hit this 300 times)|2875|26 Jul 2018 5:57:32 AM|44074|45221|97.46|Common|Bronze
5531|Screwed|Drink coffee. (Hit this 150 times)|2874|26 Jul 2018 5:56:49 AM|44122|45221|97.57|Common|Bronze
5531|Catch my cold!|Slap that cheese! (Hit this 250 times)|2873|26 Jul 2018 5:56:24 AM|44147|45221|97.62|Common|Bronze
5531|Cheesy Rap|Drop the bombshell! (Hit this 50 times)|2872|26 Jul 2018 5:55:48 AM|44233|45221|97.82|Common|Bronze
5531|Blonde bombshell!|Zzz... (Hit this 150 times)|2871|26 Jul 2018 5:55:34 AM|44265|45221|97.89|Common|Bronze
5531|Z's|Furry Rain. (Hit this 100 times)|2870|26 Jul 2018 5:55:15 AM|44351|45221|98.08|Common|Bronze
5531|Rain|Spin the yarn. (Hit this 50 times)|2869|26 Jul 2018 5:54:55 AM|44520|45221|98.45|Common|Bronze
5531|A Mime?|In the end... (Hit this 50 times)|2868|26 Jul 2018 5:44:17 AM|44036|45221|97.38|Common|Gold
5531|Elephant fun times!|Feline Ketchup. (Hit this 500 times)|2867|26 Jul 2018 5:44:02 AM|44016|45221|97.34|Common|Gold
5531|I am Mayonnaise!|Talking about life. (10 hits, follow the life)|2866|26 Jul 2018 5:42:32 AM|44137|45221|97.6|Common|Bronze
5531|Red Cheetah|Red Mayonnaise. (Hit this 300 times)|2865|26 Jul 2018 5:42:24 AM|44076|45221|97.47|Common|Bronze
5531|Support!|While my guitar gently weeps. (Hit this 300 times)|2864|26 Jul 2018 5:41:28 AM|44072|45221|97.46|Common|Bronze
5531|Talking about life|Philosophy. (10 hits, follow the life)|2863|26 Jul 2018 5:40:44 AM|44167|45221|97.67|Common|Bronze
5531|Glam Rock|Follow in his footsteps. (Hit this 100 times)|2862|26 Jul 2018 5:40:36 AM|44132|45221|97.59|Common|Bronze
5531|Catsup|Starchy fashion. (Hit this 200 times)|2861|26 Jul 2018 5:40:18 AM|44124|45221|97.57|Common|Bronze
5531|Potato!|Banana? (Hit this 300 times)|2860|26 Jul 2018 5:39:49 AM|44177|45221|97.69|Common|Bronze
5531|Best Seller|It's not a phase, it's who I am! (Hit this 10 times)|2859|26 Jul 2018 5:39:02 AM|44166|45221|97.67|Common|Bronze
5531|Philosophy|Part of life. (10 hits, follow the life)|2858|26 Jul 2018 5:38:55 AM|44194|45221|97.73|Common|Bronze
5531|Part of life|Muscles. (10 hits, follow the life)|2857|26 Jul 2018 5:38:48 AM|44212|45221|97.77|Common|Bronze
5531|Banana!|Cool whip is sexy. (Hit this 200 times)|2856|26 Jul 2018 5:38:41 AM|44238|45221|97.83|Common|Bronze
5531|Identity issues...|Old fashioned and boring. (Hit this 200 times)|2855|26 Jul 2018 5:38:12 AM|44202|45221|97.75|Common|Bronze
5531|Muscles|Move. (10 hits, follow the life)|2854|26 Jul 2018 5:37:46 AM|44233|45221|97.82|Common|Bronze
5531|Move|Just kidding... (10 hits, follow the life)|2853|26 Jul 2018 5:37:29 AM|44258|45221|97.87|Common|Bronze
5531|Ordinary|Daddy issues. (Hit this 100 times)|2852|26 Jul 2018 5:37:21 AM|44314|45221|97.99|Common|Bronze
5531|Crème a la Mayo|Tap it wild and free. (Hit this 125 times)|2851|26 Jul 2018 5:37:03 AM|44321|45221|98.01|Common|Bronze
5531|Just kidding...|The Box of Love. (10 hits, follow the life)|2850|26 Jul 2018 5:36:39 AM|44366|45221|98.11|Common|Bronze
5531|Dad|Like that old time Rock and Roll! (Hit this 50 times)|2849|26 Jul 2018 5:36:29 AM|44396|45221|98.18|Common|Bronze
5531|Topless!|Keep wearing the leopard (Hit this 100 times)|2848|26 Jul 2018 5:36:19 AM|44439|45221|98.27|Common|Bronze
5531|The Box of Love|Something important. (10 hits, follow the life)|2847|26 Jul 2018 5:35:38 AM|44557|45221|98.53|Common|Bronze
5531|Rock Star!|Young soul. (Hit this 10 times)|2846|26 Jul 2018 5:35:30 AM|44605|45221|98.64|Common|Bronze
5531|Cheetah|Wear the bikini. (Hit this 50 times)|2845|26 Jul 2018 5:35:13 AM|44584|45221|98.59|Common|Bronze
5531|An ingredient to rule them all|Hit 10000 times!|2844|26 Jul 2018 5:31:32 AM|43913|45221|97.11|Common|Gold
5531|*The Crow movie pun*|Hit 8000 times!|2843|26 Jul 2018 5:27:13 AM|43972|45221|97.24|Common|Bronze
5531|Venus-wise|Hit 5000 times!|2842|26 Jul 2018 5:21:09 AM|44222|45221|97.79|Common|Bronze
5531|Knee record|Hit 3000 times!|2841|26 Jul 2018 5:15:36 AM|44403|45221|98.19|Common|Bronze
5531|Short timer|Hit 1500 times!|2840|26 Jul 2018 5:12:12 AM|44647|45221|98.73|Common|Bronze
5531|Club|Hit 700 times!|2839|26 Jul 2018 5:10:07 AM|44826|45221|99.13|Common|Bronze
5531|Nosey Caesar|Hit 550 times!|2838|26 Jul 2018 5:09:44 AM|44863|45221|99.21|Common|Bronze
5531|Go eat cake|Hit 500 times!|2837|26 Jul 2018 5:09:31 AM|44898|45221|99.29|Common|Bronze
5531|20th century diet|Hit 350 times!|2836|26 Jul 2018 5:09:13 AM|44933|45221|99.36|Common|Bronze
5531|Micro downsizing|Hit 200 times!|2835|26 Jul 2018 5:08:57 AM|44977|45221|99.46|Common|Bronze
5531|Balls of yarn|Amazing Story (150 hits)|2834|26 Jul 2018 5:08:51 AM|44989|45221|99.49|Common|Bronze
5531|Something important|A Story About Life. (120 hits)|2833|26 Jul 2018 5:08:44 AM|45009|45221|99.53|Common|Bronze
5531|Young Boy|I am Mayonnaise (90 hits)|2832|26 Jul 2018 5:08:42 AM|45022|45221|99.56|Common|Bronze
5531|Red Bikini!|This will cheer you up! (Hit Mayo 75 times)|2831|26 Jul 2018 5:08:36 AM|45023|45221|99.56|Common|Bronze
5531|Trimmed hearts|Hit 50 times!|2830|26 Jul 2018 5:08:31 AM|45035|45221|99.59|Common|Bronze
5531|No brainer|Hit 20 times!|2829|26 Jul 2018 5:08:29 AM|45051|45221|99.62|Common|Bronze
5531|You can see the hits!|Hit the Mayo 5 times!|2828|26 Jul 2018 5:08:22 AM|45074|45221|99.67|Common|Bronze
2481|Total CARnage|Destroy 5 cars in 5 seconds|2827|25 Jul 2018 7:35:52 PM|299424|500825|59.79|Common|Bronze
2481|Hat Trick|Defeat an enemy using three different power sources|2826|25 Jul 2018 7:34:00 PM|203904|500825|40.71|Uncommon|Bronze
2481|Keep It Up|Stay in the air for more than 45 seconds|2825|25 Jul 2018 7:31:10 PM|207892|500825|41.51|Uncommon|Bronze
2481|Freedom of Speech|Disrupt 10 activist rallies|2824|25 Jul 2018 7:16:49 PM|255272|500825|50.97|Common|Bronze
2481|Bweep! Bweep! Bweep!|Collect half the Blast Shards|2823|25 Jul 2018 7:00:40 PM|330883|500825|66.07|Common|Bronze
2481|Nothing To See Here|Destroy half the D.U.P. security cameras|2822|25 Jul 2018 6:54:38 PM|332193|500825|66.33|Common|Bronze
2481|Cough Drop|Comet Drop on three coughing enemies|2821|25 Jul 2018 6:52:43 PM|186013|500825|37.14|Uncommon|Bronze
2481|Double Smoke Stack Attack|Dash through two red air vents without touching the ground and then Comet Drop on an enemy|2820|25 Jul 2018 6:34:14 PM|188088|500825|37.56|Uncommon|Bronze
2481|Reconciliation|Finish the story with Good Karma|2819|25 Jul 2018 6:27:58 PM|317318|500825|63.36|Common|Gold
2481|Justice|Expose the corruption of the powerful|2818|25 Jul 2018 6:21:07 PM|319992|500825|63.89|Common|Bronze
7081|Platinum Midnight|Become a master collector|2817|25 Jul 2018 4:55:05 PM|5969|7207|82.82|Common|Platinum
7081|So close|Die with 35 fragments|2816|25 Jul 2018 4:55:05 PM|6117|7207|84.88|Common|Gold
7081|That IS bad luck|Die with 36 fragments|2815|25 Jul 2018 4:24:16 PM|6159|7207|85.46|Common|Gold
7081|Super fast|Get 36 fragments in less than 10 Min|2814|25 Jul 2018 4:15:56 PM|6166|7207|85.56|Common|Gold
7081|The greatest gift|Get 36 fragments|2813|25 Jul 2018 4:15:55 PM|6185|7207|85.82|Common|Gold
7081|The fastest one|Get 36 fragments in less than 6 Min|2812|25 Jul 2018 4:15:55 PM|5991|7207|83.13|Common|Gold
7081|Only the half left|Get 18 fragments|2811|25 Jul 2018 3:48:42 PM|6852|7207|95.07|Common|Gold
7081|Squared unicorn|Die by a spike|2810|25 Jul 2018 3:39:42 PM|7174|7207|99.54|Common|Gold
7081|Stuned|Die by a laser|2809|25 Jul 2018 3:39:08 PM|7172|7207|99.51|Common|Gold
7081|At least you tried|Die with only 1 fragments|2808|25 Jul 2018 3:38:19 PM|7156|7207|99.29|Common|Gold
7081|Cutted in half|Die by a saw|2807|25 Jul 2018 3:38:13 PM|7188|7207|99.74|Common|Gold
7081|Baby steps|Get 1 fragments|2806|25 Jul 2018 3:38:06 PM|7193|7207|99.81|Common|Gold
2481|Mercy|Everyone deserves a second chance|2805|25 Jul 2018 6:22:56 AM|320518|500825|64.0|Common|Bronze
2481|True Hero|Achieve Level 5 Good Karma|2804|25 Jul 2018 6:09:06 AM|289317|500825|57.77|Common|Silver
2481|Courage|Stand up for the helpless|2803|24 Jul 2018 5:23:01 PM|336524|500825|67.19|Common|Bronze
2481|Someone Your Own Size|Rescue 10 escaped conduits from angry mobs|2802|24 Jul 2018 4:47:17 PM|277975|500825|55.5|Common|Bronze
2481|Make Fetch Proud|Hit three weak points with Neon Beam in 6 seconds|2801|23 Jul 2018 6:24:23 PM|370186|500825|73.92|Common|Bronze
2481|Excessive Force|Use a Karmic Streak attack to defeat exactly one enemy|2800|23 Jul 2018 5:09:09 PM|327545|500825|65.4|Common|Bronze
2481|Temperance|Practice self-control|2799|23 Jul 2018 4:58:01 PM|365736|500825|73.03|Common|Bronze
2481|Prank Call|Complete a District Showdown|2798|17 Jul 2018 7:02:54 PM|373411|500825|74.56|Common|Bronze
2481|One Down|Clear the D.U.P. completely out of a district|2797|17 Jul 2018 7:02:53 PM|328510|500825|65.59|Common|Bronze
2481|Everybody Out|Rescue 10 suspects from suspicion pens|2796|17 Jul 2018 6:58:27 PM|364314|500825|72.74|Common|Bronze
2481|Just Say No|Bust 10 drug dealers|2795|17 Jul 2018 6:35:22 PM|344005|500825|68.69|Common|Bronze
2481|Walk It Off|Heal 10 wounded civilians|2794|17 Jul 2018 4:29:03 PM|392211|500825|78.31|Common|Bronze
2481|Sacrifice|Risk your freedom to protect those you care about|2793|17 Jul 2018 3:28:46 PM|444661|500825|88.79|Common|Bronze
2758|Master Negotiator|Win a MUT auction.|2792|17 Jul 2018 2:51:06 PM|17750|67059|26.47|Uncommon|Bronze
2758|Accomplished|Complete a MUT set.|2791|17 Jul 2018 2:49:39 PM|19452|67059|29.01|Uncommon|Bronze
2758|Verizon Offensive MVP|Score 55+ points in a game (No SuperSim or Co-Op)|2790|17 Jul 2018 2:17:29 PM|13345|67059|19.9|Rare|Bronze
2758|Vince Lombardi Legacy Award|Using a created player, coach, or owner - surpass a legacy score of 23,700|2789|17 Jul 2018 1:22:12 PM|2973|67059|4.43|Ultra Rare|Gold
2758|Otto Graham Legacy Award|Using a created player, coach, or owner - surpass a legacy score of 14,400|2788|17 Jul 2018 1:11:13 PM|3663|67059|5.46|Very Rare|Bronze
2758|Reggie White Legacy Award|Using a created player, coach, or owner - surpass a legacy score of 18,650|2787|17 Jul 2018 1:11:12 PM|3342|67059|4.98|Ultra Rare|Silver
2758|John Madden Legacy Award|Using a created player, coach, or owner - surpass a legacy score of 10,100|2786|17 Jul 2018 1:00:15 PM|4119|67059|6.14|Very Rare|Bronze
2758|Larry Fitzgerald Legacy Award|Using a created player, coach, or owner - surpass a legacy score of 4500|2785|17 Jul 2018 12:49:21 PM|5350|67059|7.98|Very Rare|Bronze
2758|Dan Rooney Legacy Award|Using a created player, coach, or owner - surpass a legacy score of 6075|2784|17 Jul 2018 12:49:20 PM|4804|67059|7.16|Very Rare|Bronze
2758|Pete Carroll Legacy Award|Using a created player, coach, or owner - surpass a legacy score of 2150|2783|17 Jul 2018 12:47:44 PM|7393|67059|11.02|Rare|Bronze
2758|John Harbaugh Legacy Award|Using a created player, coach, or owner - surpass a legacy score of 1150|2782|17 Jul 2018 12:38:27 PM|9761|67059|14.56|Rare|Bronze
2758|CJ Spiller Legacy Award|Using a created player, coach, or owner - surpass a legacy score of 400|2781|17 Jul 2018 12:37:32 PM|14698|67059|21.92|Uncommon|Bronze
2758|Ryan Tannehill Legacy Award|Using a created player, coach, or owner - surpass a legacy score of 40|2780|17 Jul 2018 12:34:08 PM|18197|67059|27.14|Uncommon|Bronze
3547|Prison docks combat master|Achieve gold medal for this challenge map|2779|17 Jul 2018 10:58:42 AM|14952|66803|22.38|Uncommon|Bronze
4369|Landfall|You completed Episode 1|2778|16 Jul 2018 10:40:09 PM|27027|30179|89.56|Common|Bronze
4369|Lies|Completed Chapter 6 of Episode 1|2777|16 Jul 2018 10:32:39 PM|27083|30179|89.74|Common|Bronze
4369|Community|Completed Chapter 5 of Episode 1|2776|16 Jul 2018 10:12:34 PM|27258|30179|90.32|Common|Bronze
4369|Stolen Goods|Completed Chapter 4 of Episode 1|2775|16 Jul 2018 10:06:42 PM|27350|30179|90.63|Common|Bronze
4369|Dead in the Water|Completed Chapter 3 of Episode 1|2774|16 Jul 2018 9:52:29 PM|27569|30179|91.35|Common|Bronze
4369|Companionship|Completed Chapter 2 of Episode 1|2773|16 Jul 2018 9:45:40 PM|27869|30179|92.35|Common|Bronze
4369|Remember Me|Completed Chapter 1 of Episode 1|2772|16 Jul 2018 9:30:23 PM|28691|30179|95.07|Common|Bronze
3547|Research centre combat master|Achieve gold medal for this challenge map|2771|16 Jul 2018 7:13:16 PM|17847|66803|26.72|Uncommon|Bronze
3547|Armor upgrade II|Unlock the Armor upgrade II perk|2770|16 Jul 2018 7:00:36 PM|23043|66803|34.49|Uncommon|Bronze
3547|Carry heavy machinegun|Unlock the Carry heavy machinegun perk|2769|16 Jul 2018 6:42:45 PM|21957|66803|32.87|Uncommon|Bronze
3547|Eagle Eye|Unlock the Eagle Eye perk|2768|16 Jul 2018 6:32:52 PM|29953|66803|44.84|Uncommon|Bronze
3547|Annette saved|Choose to save Annette|2767|16 Jul 2018 6:20:25 PM|32555|66803|48.73|Uncommon|Bronze
3547|Tough Skin|Unlock the Tough Skin perk|2766|16 Jul 2018 6:12:02 PM|31041|66803|46.47|Uncommon|Bronze
3547|Gold master|Collect 64 gold items|2765|16 Jul 2018 4:31:03 PM|18935|66803|28.34|Uncommon|Gold
3547|Quick turn|Unlock the Quick turn perk|2764|16 Jul 2018 4:30:20 PM|28287|66803|42.34|Uncommon|Bronze
3547|Kampfpistole ammo storage upgrade|Unlock the Kampfpistole ammo storage upgrade perk|2763|16 Jul 2018 4:09:04 PM|25672|66803|38.43|Uncommon|Bronze
3547|Die, Grösse, die!|Complete all nightmare levels|2762|16 Jul 2018 4:00:44 PM|20041|66803|30.0|Uncommon|Gold
3547|Prison nightmare|Complete the nightmare in chapter 1|2761|16 Jul 2018 4:00:43 PM|30260|66803|45.3|Uncommon|Bronze
3547|German Alps nightmare|Complete the prologue nightmare|2760|16 Jul 2018 3:27:40 PM|23914|66803|35.8|Uncommon|Bronze
3547|Hero|Complete game on any difficulty|2759|16 Jul 2018 12:15:37 PM|41422|66803|62.01|Common|Silver
3547|Grenade belt|Unlock the Grenade belt perk|2758|16 Jul 2018 11:52:05 AM|43088|66803|64.5|Common|Bronze
3547|Guten tag!|Complete the nightmare boss level|2757|16 Jul 2018 11:42:43 AM|28064|66803|42.01|Uncommon|Silver
3547|Postman|Collect all letters|2756|16 Jul 2018 11:22:21 AM|20400|66803|30.54|Uncommon|Gold
3547|Old town nightmare|Complete the nightmare in chapter 7|2755|16 Jul 2018 11:06:36 AM|22801|66803|34.13|Uncommon|Bronze
3547|Kessler saved|Choose to save Kessler|2754|16 Jul 2018 10:52:25 AM|31426|66803|47.04|Uncommon|Bronze
3547|Ruins nightmare|Complete the nightmare in chapter 6|2753|16 Jul 2018 10:45:42 AM|27600|66803|41.32|Uncommon|Bronze
3547|Health upgrade III|Unlock the Health upgrade III perk|2752|16 Jul 2018 10:26:25 AM|38894|66803|58.22|Common|Bronze
3547|Wulfburg nightmare|Complete the nightmare in chapter 5|2751|16 Jul 2018 10:09:54 AM|27455|66803|41.1|Uncommon|Bronze
3547|The ecstasy of gold|Collect 32 gold items|2750|16 Jul 2018 9:55:27 AM|29064|66803|43.51|Uncommon|Bronze
3547|Revenge|Complete part one|2749|16 Jul 2018 9:46:31 AM|45760|66803|68.5|Common|Silver
3547|Paperboy|Collect 5 letters|2748|16 Jul 2018 9:42:35 AM|40904|66803|61.23|Common|Bronze
3547|Health upgrade II|Unlock the Health upgrade II perk|2747|16 Jul 2018 9:36:40 AM|40536|66803|60.68|Common|Bronze
3547|Health upgrade I|Unlock the Health upgrade I perk|2746|16 Jul 2018 9:28:11 AM|54246|66803|81.2|Common|Bronze
3547|Escape! nightmare|Complete the nightmare in chapter 4|2745|16 Jul 2018 9:27:22 AM|27682|66803|41.44|Uncommon|Bronze
3547|Freedom|Escape Castle Wolfenstein|2744|16 Jul 2018 8:58:42 AM|46722|66803|69.94|Common|Bronze
3547|Ammunition upgrade|Unlock the Ammunition upgrade perk|2743|16 Jul 2018 8:48:25 AM|36921|66803|55.27|Common|Bronze
3547|Schockhammer clip upgrade|Unlock the Schockhammer clip upgrade perk|2742|16 Jul 2018 8:45:32 AM|47013|66803|70.38|Common|Bronze
3547|Armor upgrade I|Unlock the Armor upgrade I perk|2741|16 Jul 2018 8:45:27 AM|46669|66803|69.86|Common|Bronze
3547|Bombenschuss clip upgrade|Unlock the Bombenschuss clip upgrade perk|2740|15 Jul 2018 1:03:11 PM|44037|66803|65.92|Common|Bronze
3547|Wolfenstein Keep nightmare|Complete the nightmare in chapter 3|2739|15 Jul 2018 12:56:07 PM|28764|66803|43.06|Uncommon|Bronze
3547|Reload mash|Unlock the Reload mash perk|2738|15 Jul 2018 12:45:28 PM|44900|66803|67.21|Common|Bronze
3547|Vampire|Unlock the Vampire perk|2737|15 Jul 2018 12:45:14 PM|40894|66803|61.22|Common|Bronze
3547|Glittering gold|Collect 16 gold items|2736|15 Jul 2018 12:43:09 PM|43922|66803|65.75|Common|Bronze
3547|All that glitters|Collect 8 gold items|2735|14 Jul 2018 1:50:32 PM|50800|66803|76.04|Common|Bronze
3547|Docks nightmare|Complete the nightmare in chapter 2|2734|14 Jul 2018 1:43:54 PM|25016|66803|37.45|Uncommon|Bronze
3547|Undercover|Infiltrate Castle Wolfenstein|2733|13 Jul 2018 2:09:56 PM|65232|66803|97.65|Common|Bronze
6534|Comeback City|Comeback and win when trailing by 17+ points at halftime.|2732|12 Jul 2018 12:21:37 PM|1932|26171|7.38|Very Rare|Silver
5864|Final Words|Thank you for playing.|2731|12 Jul 2018 11:07:39 AM|36700|112478|32.63|Uncommon|Platinum
5864|The Minds That Emerged|View the final credits.|2730|12 Jul 2018 11:07:39 AM|52028|112478|46.26|Uncommon|Gold
5864|Beautiful World|Achieve A2's ending.|2729|12 Jul 2018 11:07:38 AM|57515|112478|51.13|Common|Silver
6534|Max Effort|Hit every QTE gameplay sequence during the high school flashback.|2728|11 Jul 2018 4:26:54 PM|6133|26171|23.43|Uncommon|Bronze
6534|Team Building 101|Activate two Chemistries at the same time.|2727|11 Jul 2018 4:11:46 PM|11228|26171|42.9|Uncommon|Silver
6534|Negotiator|Win a MUT auction.|2726|11 Jul 2018 4:09:51 PM|9400|26171|35.92|Uncommon|Bronze
5864|Weapons Maniac|All Pod programs obtained.|2725|11 Jul 2018 4:27:28 AM|38882|112478|34.57|Uncommon|Silver
5864|Inorganic Blade|All weapons upgraded to the highest level.|2724|11 Jul 2018 4:27:23 AM|38506|112478|34.23|Uncommon|Silver
5864|A Scanner's Power|100 machine lifeforms destroyed by hacking.|2723|11 Jul 2018 4:27:19 AM|51423|112478|45.72|Uncommon|Bronze
5864|Machines vs. Machines|50 machine lifeforms destroyed by remote control.|2722|11 Jul 2018 4:27:14 AM|41742|112478|37.11|Uncommon|Silver
5864|The Power of Hate|50 machine lifeforms destroyed with berserk mode.|2721|11 Jul 2018 4:27:08 AM|39943|112478|35.51|Uncommon|Bronze
5864|Harvest King|Materials gathered at a hidden harvest point 10 times.|2720|11 Jul 2018 4:27:03 AM|52989|112478|47.11|Uncommon|Silver
5864|Pod Hunter|All Pods found.|2719|11 Jul 2018 4:26:58 AM|52692|112478|46.85|Uncommon|Bronze
5864|Animal Rider|Any animal ridden for 5 kilometers.|2718|11 Jul 2018 4:26:50 AM|52480|112478|46.66|Uncommon|Bronze
5864|A Round by the Pond|20 different kinds of fish caught.|2717|11 Jul 2018 4:26:46 AM|42045|112478|37.38|Uncommon|Bronze
5864|What Are You Doing?|2B's secret discovered 10 times.|2716|11 Jul 2018 4:26:40 AM|50888|112478|45.24|Uncommon|Bronze
5864|Not That I Mind...|1 hour played with 9S in a certain state.|2715|11 Jul 2018 4:26:35 AM|41111|112478|36.55|Uncommon|Bronze
5864|Come Take a Look!|Emil's shop used for the first time.|2714|11 Jul 2018 4:26:30 AM|71139|112478|63.25|Common|Bronze
5864|Naughty Children|Emil destroyed.|2713|11 Jul 2018 4:26:25 AM|39405|112478|35.03|Uncommon|Gold
5864|Transcendent Being|All endings achieved.|2712|11 Jul 2018 4:26:19 AM|37689|112478|33.51|Uncommon|Bronze
5864|Lunar Tear|The place of memories has been visited.|2711|11 Jul 2018 4:22:32 AM|47083|112478|41.86|Uncommon|Bronze
6534|Complete Act 3|Complete the Third Act in Longshot.|2710|10 Jul 2018 5:48:03 PM|9960|26171|38.06|Uncommon|Bronze
6534|High IQ|Finish Longshot with a high football IQ.|2709|10 Jul 2018 5:43:48 PM|4146|26171|15.84|Rare|Bronze
6534|Prove it on the Field|Finish Longshot with great on field performances.|2708|10 Jul 2018 5:43:47 PM|3916|26171|14.96|Rare|Bronze
6534|Redemption|Redeem yourself in the Longshot Finale.|2707|10 Jul 2018 5:28:39 PM|10126|26171|38.69|Uncommon|Silver
6534|Draft Grade|Raise Devin's grade in the scouting report to 7.0.|2706|10 Jul 2018 5:26:39 PM|5188|26171|19.82|Rare|Bronze
6534|Who's the Man|Finish with a higher score than Dan Marino in the Military Throwing Game.|2705|10 Jul 2018 4:40:03 PM|4625|26171|17.67|Rare|Bronze
6534|Trust Your Arm|Lead your team to a win in the Longshot 7 on 7 Game.|2704|10 Jul 2018 3:46:05 PM|10658|26171|40.72|Uncommon|Bronze
6534|Complete Act 2|Complete the Second Act in Longshot.|2703|10 Jul 2018 2:56:41 PM|11999|26171|45.85|Uncommon|Bronze
6534|Spider 3 Y Banana|Successfully complete every playcall moment in Longshot.|2702|10 Jul 2018 2:35:38 PM|4339|26171|16.58|Rare|Silver
6534|You are the Longshot|Become the star of the Longshot TV show.|2701|10 Jul 2018 2:29:20 PM|12773|26171|48.81|Uncommon|Bronze
6534|Carnival Games|Beat Josh Butterly in the Longshot Throwing Game.|2700|10 Jul 2018 1:15:05 PM|13060|26171|49.9|Uncommon|Bronze
6534|A New Hope|Complete the First Act in Longshot.|2699|10 Jul 2018 12:03:39 PM|13789|26171|52.69|Common|Bronze
6534|2nd Rounder|Make game-winning FG under 10 sec. after missing 2 or more previous kick attempts.|2698|10 Jul 2018 10:32:21 AM|2006|26171|7.66|Very Rare|Silver
6534|Throwin’ Dots|Throw a Passing TD using the Target Passing Mechanic.|2697|10 Jul 2018 10:15:14 AM|2210|26171|8.44|Very Rare|Bronze
6534|Situational Awareness|Make a Coaching Adjustment in the 4th quarter or OT.|2696|10 Jul 2018 10:13:57 AM|5438|26171|20.78|Uncommon|Silver
6534|Reach Out|Execute a successful reach tackle while being blocked.|2695|10 Jul 2018 9:56:50 AM|2074|26171|7.92|Very Rare|Silver
6534|Not OP|Successfully use the swat mechanic to force an incomplete pass.|2694|10 Jul 2018 9:54:17 AM|17783|26171|67.95|Common|Silver
6534|Move Master|Successfully fake-out a defender when prompted to perform a ball carrier special move.|2693|10 Jul 2018 9:49:59 AM|13393|26171|51.17|Common|Bronze
6534|This is My Ultimate Team|Create a MUT Team.|2692|10 Jul 2018 8:39:27 AM|16083|26171|61.45|Common|Bronze
6534|Grindin' Solos|Win a MUT Solo Challenge.|2691|10 Jul 2018 8:38:27 AM|16075|26171|61.42|Common|Bronze
6534|Going For Gold|Earn gold from a drill inside the Skill Trainer.|2690|10 Jul 2018 8:26:38 AM|6510|26171|24.87|Uncommon|Gold
6534|Pass Academy|Successfully complete the Target Passing Mechanic Tutorial and Skills Trainer drill.|2689|10 Jul 2018 8:26:35 AM|2394|26171|9.15|Very Rare|Silver
6534|Tom Brady Legacy Award|Using a created player, coach, or owner - surpass a legacy score of 27,000.|2688|10 Jul 2018 7:31:07 AM|2275|26171|8.69|Very Rare|Gold
6534|John Madden Legacy Award|Using a created player, coach, or owner - surpass a legacy score of 10,000.|2687|10 Jul 2018 7:28:17 AM|2839|26171|10.85|Rare|Silver
6534|Eli Manning Legacy Award|Using a created player, coach, or owner - surpass a legacy score of 7,750.|2686|10 Jul 2018 7:28:09 AM|2947|26171|11.26|Rare|Bronze
6534|Larry Fitzgerald Legacy Award|Using a created player, coach, or owner - surpass a legacy score of 8,750.|2685|10 Jul 2018 7:28:09 AM|2892|26171|11.05|Rare|Bronze
6534|Marshawn Lynch Legacy Award|Using a created player, coach, or owner - surpass a legacy score of 6,500.|2684|10 Jul 2018 7:26:55 AM|3054|26171|11.67|Rare|Bronze
6534|Matt Ryan Legacy Award|Using a created player, coach, or owner - surpass a legacy score of 4,050|2683|10 Jul 2018 7:26:49 AM|3420|26171|13.07|Rare|Bronze
6534|Eric Berry Legacy Award|Using a created player, coach, or owner - surpass a legacy score of 2,150.|2682|10 Jul 2018 7:25:38 AM|4186|26171|15.99|Rare|Bronze
6534|Mike Evans Legacy Award|Using a created player, coach, or owner - surpass a legacy score of 1,050.|2681|10 Jul 2018 7:25:31 AM|5104|26171|19.5|Rare|Bronze
6534|Ezekiel Elliott Legacy Award|Using a created player, coach, or owner - surpass a legacy score of 620.|2680|10 Jul 2018 7:25:30 AM|5638|26171|21.54|Uncommon|Bronze
6534|Carson Wentz Legacy Award|Using a created player, coach, or owner - surpass a legacy score of 50.|2679|10 Jul 2018 7:24:53 AM|7689|26171|29.38|Uncommon|Bronze
6077|Everything Ends|Finish all stories|2678|9 Jul 2018 6:41:20 PM|4695|5438|86.34|Common|Gold
6077|Loop-de-loop-de-loop|Play Calvin's story again|2677|9 Jul 2018 6:32:00 PM|3173|5438|58.35|Common|Bronze
6077|Great Owl|Catch 2 rabbits with only 2 swoops|2676|9 Jul 2018 6:28:30 PM|2929|5438|53.86|Common|Bronze
6077|Thanks, Johann!|See Johann's name in the ending credits|2675|9 Jul 2018 6:16:20 PM|4785|5438|87.99|Common|Silver
6077|A Closer Look|Look in all peepholes and telescopes long enough to hear Edith's commentary|2674|9 Jul 2018 5:53:35 PM|3165|5438|58.2|Common|Gold
6077|G-R-E-G-O-R-Y|Knock all the letters of Gregory's name into the bathtub|2673|9 Jul 2018 5:41:18 PM|3573|5438|65.7|Common|Bronze
6077|Clear the Table|Clear all balls off the pool table|2672|9 Jul 2018 5:09:02 PM|3160|5438|58.11|Common|Bronze
6077|Let Him Finish|Let the drunken sailor finish his song|2671|9 Jul 2018 4:50:16 PM|2862|5438|52.63|Common|Bronze
6077|All Roads|Take both paths to the house|2670|9 Jul 2018 4:23:56 PM|3438|5438|63.22|Common|Bronze
6247|Buckle Up, Boys, Buckle Up!|Earn 5 Relics.|2669|9 Jul 2018 4:09:44 PM|33205|145190|22.87|Uncommon|Bronze
6247|A Stitch in Time Saves 99|Earn 99 Lives.|2668|9 Jul 2018 3:54:01 PM|22464|145190|15.47|Rare|Gold
6246|Kick the Tires!|Earn 5 Relics.|2667|9 Jul 2018 3:37:14 PM|24367|145722|16.72|Rare|Bronze
6246|One Man's Trash|Earn 21 Gems.|2666|9 Jul 2018 3:06:37 PM|30589|145722|20.99|Uncommon|Gold
5864|Supreme Support Weapons|All Pods upgraded to the highest level.|2665|9 Jul 2018 2:35:41 PM|37886|112478|33.68|Uncommon|Silver
5864|Tools of the Trade|Any weapon upgraded to the highest level.|2664|9 Jul 2018 2:35:22 PM|56212|112478|49.98|Uncommon|Bronze
5864|Chip Collector|80% of all plug-in chips collected.|2663|9 Jul 2018 2:34:28 PM|59237|112478|52.67|Common|Bronze
5864|Destruction is My Job|80% of all unit data unlocked.|2662|9 Jul 2018 2:34:04 PM|49401|112478|43.92|Uncommon|Bronze
5864|Information Master|80% of all archives found.|2661|9 Jul 2018 2:33:56 PM|40036|112478|35.59|Uncommon|Bronze
5864|The Mercenary|80% of all quests completed.|2660|9 Jul 2018 2:33:27 PM|46499|112478|41.34|Uncommon|Silver
5864|Desire Without Emotion|At least 100,000 G in possession.|2659|9 Jul 2018 2:32:41 PM|69983|112478|62.22|Common|Silver
6245|Catch Me If You Can!|Earn 5 Relics.|2658|6 Jul 2018 1:22:15 PM|36260|151565|23.92|Uncommon|Bronze
6245|More Gems Are Better Than None|Earn 13 Gems.|2657|6 Jul 2018 12:23:02 PM|31380|151565|20.7|Uncommon|Gold
5253|Mullach an Eilein|Trigger all directors' commentary|2656|6 Jul 2018 11:22:47 AM|2224|6195|35.9|Uncommon|Silver
5253|Seonaidh|Drown Once|2655|6 Jul 2018 10:18:38 AM|4853|6195|78.34|Common|Bronze
5253|Man of the Rocks|Walk 5000 steps|2654|6 Jul 2018 10:16:09 AM|3841|6195|62.0|Common|Bronze
5253|Paul|Finish Chapter 'The Beacon'|2653|6 Jul 2018 10:12:02 AM|4532|6195|73.16|Common|Gold
5253|Seanchaidh|Trigger all voice over points|2652|6 Jul 2018 10:08:15 AM|2804|6195|45.26|Uncommon|Silver
5253|Tuir|Uncover 4 urns|2651|6 Jul 2018 9:57:39 AM|2460|6195|39.71|Uncommon|Bronze
5253|Esther|Finish Chapter 'The Caves'|2650|6 Jul 2018 9:54:00 AM|4628|6195|74.71|Common|Silver
5253|Jakobson|Finish Chapter 'The Buoy'|2649|6 Jul 2018 9:38:29 AM|4762|6195|76.87|Common|Silver
5253|Stac an Armin|Die from falling off a cliff once|2648|6 Jul 2018 9:30:41 AM|4274|6195|68.99|Common|Bronze
5253|Donnelley|Finish Chapter 'The Lighthouse'|2647|6 Jul 2018 9:21:38 AM|5316|6195|85.81|Common|Silver
5147|Leviathan|Breach the water on the back of a blue whale.|2646|5 Jul 2018 10:49:41 AM|13832|59769|23.14|Uncommon|Bronze
5147|Collector|Add all secret shells to your collection.|2645|5 Jul 2018 10:38:14 AM|9158|59769|15.32|Rare|Gold
5147|Reflection|Complete the adventure.|2644|5 Jul 2018 10:37:50 AM|27721|59769|46.38|Uncommon|Silver
5147|Arctic Explorer|Discover the polar region.|2643|5 Jul 2018 10:30:17 AM|11532|59769|19.29|Rare|Bronze
5147|Connection|Ride the Great White Shark.|2642|5 Jul 2018 10:22:10 AM|23548|59769|39.4|Uncommon|Bronze
5147|Zen Master|Find all the meditation statues.|2641|5 Jul 2018 10:11:38 AM|10231|59769|17.12|Rare|Silver
5147|Ecosystem|Release fish from all the hidden pools.|2640|5 Jul 2018 10:11:15 AM|9218|59769|15.42|Rare|Silver
5147|Kraken|Discover those that lurk in the abyss.|2639|5 Jul 2018 9:42:47 AM|21232|59769|35.52|Uncommon|Bronze
5147|Jetstream|Burst 15 fish schools in the jetstream.|2638|5 Jul 2018 8:59:58 AM|37978|59769|63.54|Common|Bronze
5147|Ballet|Perform a flip while riding a creature.|2637|5 Jul 2018 8:56:58 AM|23620|59769|39.52|Uncommon|Bronze
5147|Breach|Leap from the water.|2636|5 Jul 2018 8:41:05 AM|43785|59769|73.26|Common|Bronze
5147|Food Chain|Witness predation while meditating.|2635|5 Jul 2018 8:37:55 AM|30672|59769|51.32|Common|Bronze
5146|I'm Batman|Complete Batman|2634|4 Jul 2018 11:18:25 PM|80309|122729|65.44|Common|Platinum
5146|A New Day in Gotham|Completed Chapter 6 of Episode 5|2633|4 Jul 2018 11:18:25 PM|80543|122729|65.63|Common|Gold
5146|Executive Decision|Completed Chapter 5 of Episode 5|2632|4 Jul 2018 11:04:46 PM|80638|122729|65.7|Common|Silver
5146|The Legacy|Completed Chapter 4 of Episode 5|2631|4 Jul 2018 10:50:59 PM|80628|122729|65.7|Common|Silver
5146|On the Trail|Completed Chapter 3 of Episode 5|2630|4 Jul 2018 10:34:28 PM|80785|122729|65.82|Common|Bronze
5146|Revelations|Completed Chapter 2 of Episode 5|2629|4 Jul 2018 10:21:54 PM|80931|122729|65.94|Common|Bronze
5146|Loose Ends|Completed Chapter 1 of Episode 5|2628|4 Jul 2018 9:58:01 PM|81165|122729|66.13|Common|Bronze
7146|Platinum Midnight|Unlock all the trophies.|2627|4 Jul 2018 9:37:29 PM|4748|4854|97.82|Common|Platinum
7146|You made it|Complete level 4 making Midnight's friend smile.|2626|4 Jul 2018 9:37:29 PM|4793|4854|98.74|Common|Gold
7146|Expert|Complete 40 levels.|2625|4 Jul 2018 9:30:30 PM|4755|4854|97.96|Common|Gold
7146|Stunned|Die by a laser.|2624|4 Jul 2018 9:17:26 PM|4770|4854|98.27|Common|Gold
7146|Professional|Complete 20 levels.|2623|4 Jul 2018 8:59:11 PM|4788|4854|98.64|Common|Gold
7146|Not squared anymore|Die by a saw.|2622|4 Jul 2018 8:50:53 PM|4804|4854|98.97|Common|Gold
7146|Stabbed|Die by a spike.|2621|4 Jul 2018 8:50:42 PM|4814|4854|99.18|Common|Gold
7146|Improving|Complete 10 levels.|2620|4 Jul 2018 8:50:20 PM|4808|4854|99.05|Common|Gold
7146|Engineer|Pull a lever.|2619|4 Jul 2018 8:45:58 PM|4821|4854|99.32|Common|Gold
7146|Starter|Complete 5 levels.|2618|4 Jul 2018 8:45:30 PM|4824|4854|99.38|Common|Gold
7146|Went to explore|Die by getting out of a level.|2617|4 Jul 2018 8:44:07 PM|4828|4854|99.46|Common|Gold
7146|Making friends|Bump into one of Midnight's friends.|2616|4 Jul 2018 8:43:59 PM|4827|4854|99.44|Common|Silver
7146|Not overworking|Get 3 stars in one level.|2615|4 Jul 2018 8:40:24 PM|4836|4854|99.63|Common|Gold
7146|Go into the light|Complete level 1.|2614|4 Jul 2018 8:40:23 PM|4840|4854|99.71|Common|Silver
5146|The Good, the Bat, and the Ugly|Completed Chapter 6 of Episode 4|2613|4 Jul 2018 8:35:30 PM|81645|122729|66.52|Common|Gold
5146|Another Night at the Office|Completed Chapter 5 of Episode 4|2612|4 Jul 2018 8:27:20 PM|81686|122729|66.56|Common|Silver
5146|Back to Business|Completed Chapter 4 of Episode 4|2611|4 Jul 2018 8:18:07 PM|81738|122729|66.6|Common|Silver
5146|Home Sweet Home|Completed Chapter 3 of Episode 4|2610|4 Jul 2018 6:43:46 PM|81839|122729|66.68|Common|Bronze
5146|A Serious House|Completed Chapter 2 of Episode 4|2609|4 Jul 2018 6:16:17 PM|82167|122729|66.95|Common|Bronze
5146|Price of Admission|Completed Chapter 1 of Episode 4|2608|4 Jul 2018 6:02:59 PM|82320|122729|67.07|Common|Bronze
3227|I want those ones.|Never play property cards. Steal them or request them as payment to finally win the game.|2607|4 Jul 2018 4:08:55 PM|500|2374|21.06|Uncommon|Bronze
3227|Selective|Win without having a “Property Wildcard” in your full sets|2606|4 Jul 2018 3:42:30 PM|586|2374|24.68|Uncommon|Bronze
3227|Business master|Use a “Double The Rent” card on the full dark blue set with a house and hotel.|2605|4 Jul 2018 3:29:18 PM|509|2374|21.44|Uncommon|Gold
3227|Investor|Add a hotel|2604|4 Jul 2018 3:12:45 PM|894|2374|37.66|Uncommon|Bronze
3227|Helpful deal|By using a “Forced Deal” card, both players get a full set.|2603|4 Jul 2018 2:25:14 PM|628|2374|26.45|Uncommon|Silver
3227|Final no|Counter a "Just Say No" card with a "Just Say No" card.|2602|4 Jul 2018 1:55:38 PM|715|2374|30.12|Uncommon|Bronze
3227|Collector|Have 1 of each kind of property on the board, including Stations and Utilities|2601|4 Jul 2018 1:09:23 PM|684|2374|28.81|Uncommon|Bronze
3227|Tactician|Use "Deal Breaker" as a final move to win the game|2600|4 Jul 2018 12:54:32 PM|849|2374|35.76|Uncommon|Bronze
3227|Wild wild set|Have a full set composed of only "Property Wildcards"|2599|4 Jul 2018 12:51:39 PM|859|2374|36.18|Uncommon|Bronze
3227|Gimme money|Use 5 “Rent” cards during a game|2598|4 Jul 2018 12:24:27 PM|876|2374|36.9|Uncommon|Bronze
3227|Settler|Have at least 12 properties on the board, including Stations and Utilities|2597|4 Jul 2018 12:13:57 PM|1037|2374|43.68|Uncommon|Bronze
3227|My properties!!!|Never pay with properties during the game|2596|4 Jul 2018 12:03:38 PM|1315|2374|55.39|Common|Bronze
3227|More cards!|Play 3 "Pass Go" cards in a single turn|2595|4 Jul 2018 11:58:14 AM|781|2374|32.9|Uncommon|Bronze
3227|Rent basics|Use a “Rent” or “Multi-Colored Rent” card on a full set of properties.|2594|4 Jul 2018 11:55:36 AM|1261|2374|53.12|Common|Bronze
3227|In a hurry|Be the first to have a full set|2593|4 Jul 2018 11:49:11 AM|1324|2374|55.77|Common|Bronze
6544|Online Debut|Arrive at an online open course|2592|4 Jul 2018 11:33:32 AM|15017|23312|64.42|Common|Bronze
6247|Your Moment of Zen|Avoid whatever he's flinging at you.|2591|4 Jul 2018 10:17:23 AM|25761|145190|17.74|Rare|Silver
6247|Trigger Clickin' Good|Shoot 5 of them in a single level.|2590|4 Jul 2018 10:14:30 AM|24369|145190|16.78|Rare|Bronze
6247|Warts and All|Die.|2589|4 Jul 2018 10:09:54 AM|38231|145190|26.33|Uncommon|Bronze
6247|The Riddle of the Sphynx|Have your bazooka ready.|2588|4 Jul 2018 10:08:11 AM|25269|145190|17.4|Rare|Bronze
6247|UFO Xing|Discovered the Secret Exit in Road Crash.|2587|4 Jul 2018 9:51:06 AM|32673|145190|22.5|Uncommon|Silver
6247|A Cut Above the Rest|Discover a Gem Path after earning a Color Gem.|2586|4 Jul 2018 9:45:42 AM|36054|145190|24.83|Uncommon|Silver
6245|Cortex's Terrifying Trial|Earn the Key in Jaws of Darkness.|2585|4 Jul 2018 9:10:29 AM|34006|151565|22.44|Uncommon|Silver
6245|Cortex's Crazed Contest|Earn the Key in Sunset Vista.|2584|4 Jul 2018 8:47:44 AM|44432|151565|29.32|Uncommon|Silver
6246|99 Percent Perspiration|Earn 99 lives.|2583|4 Jul 2018 8:16:10 AM|25232|145722|17.32|Rare|Gold
6246|The Flora Flop|Unlocked the Secret Exit in Diggin' It.|2582|4 Jul 2018 7:58:31 AM|29348|145722|20.14|Uncommon|Silver
6246|No Bear Left Behind|Unlocked the Secret Exit in Unbearable.|2581|4 Jul 2018 7:53:12 AM|31036|145722|21.3|Uncommon|Silver
6246|Jumping the Jetboard|Unlocked the Secret Exit in Air Crash.|2580|4 Jul 2018 7:44:03 AM|37155|145722|25.5|Uncommon|Silver
6246|A Diamond in the Rough|Discover a Gem Path after earning a Color Gem.|2579|4 Jul 2018 7:33:57 AM|44364|145722|30.44|Uncommon|Silver
6245|On Cloud 99|Earn 99 Lives.|2578|4 Jul 2018 7:17:56 AM|38015|151565|25.08|Uncommon|Gold
6158|Showdown Completion|Complete all Puzzle Showdown 4K Trophies|2577|3 Jul 2018 4:27:07 PM|4323|5271|82.01|Common|Platinum
6158|Puzzle Champion|Complete 50 Puzzles|2576|3 Jul 2018 4:27:07 PM|4385|5271|83.19|Common|Gold
6158|Line of Five|Complete a Line Bonus of 5 pieces or more|2575|2 Jul 2018 7:35:04 PM|4589|5271|87.06|Common|Gold
6158|Showdown Underdog|Come back from a 1000 point deficit in showdown|2574|2 Jul 2018 7:32:59 PM|4483|5271|85.05|Common|Gold
6158|Another's Treasure|Complete an Another's Treasure Bonus twice in one Showdown|2573|2 Jul 2018 7:28:39 PM|4455|5271|84.52|Common|Gold
6158|Showdown Champion|10 Competitive Wins|2572|2 Jul 2018 7:21:28 PM|4475|5271|84.9|Common|Gold
6158|Showdown Winner|1 Competitive Win|2571|2 Jul 2018 7:10:40 PM|4645|5271|88.12|Common|Gold
6158|Puzzle Connoisseur|Complete a 510-piece Puzzle|2570|2 Jul 2018 7:10:33 PM|4652|5271|88.26|Common|Gold
6158|Puzzle Master|Complete a 510-piece Puzzle in under 2 hours|2569|2 Jul 2018 7:10:32 PM|4555|5271|86.42|Common|Gold
6158|Ithsmus Be Difficult|Complete an Isthmus Bonus of 15 or more pieces|2568|2 Jul 2018 6:14:52 PM|4871|5271|92.41|Common|Gold
6158|Triple Jig|Complete 3rd Puzzle|2567|2 Jul 2018 6:11:52 PM|4956|5271|94.02|Common|Silver
6158|Accuracy Streak|Complete 5 Accuracy Bonuses in a row|2566|2 Jul 2018 6:11:46 PM|4925|5271|93.44|Common|Silver
6158|Triple Speed Streak|Complete 3 Speed Streak Bonuses in a row|2565|2 Jul 2018 6:11:35 PM|4901|5271|92.98|Common|Silver
6158|Showdown Boon|Complete two 30-point or higher Bonus Points in one Showdown|2564|2 Jul 2018 6:07:51 PM|4941|5271|93.74|Common|Silver
6158|Relaxation Station|Complete a puzzle with scoring disabled|2563|2 Jul 2018 6:06:54 PM|5113|5271|97.0|Common|Bronze
6158|First Showdown|Compete against another player|2562|2 Jul 2018 6:06:48 PM|4658|5271|88.37|Common|Silver
6158|Do a Jig|Complete 1st Puzzle|2561|2 Jul 2018 6:06:41 PM|5180|5271|98.27|Common|Bronze
6584|Pinch Me|Get the big text from your agent.|2560|1 Jul 2018 5:42:13 PM|22966|33432|68.69|Common|Gold
6584|Not Gonna Waste My Shot|Complete the tryout with an NBA team.|2559|1 Jul 2018 5:40:11 PM|22373|33432|66.92|Common|Silver
6584|Don't Call it a Comeback|Get an NBA tryout.|2558|1 Jul 2018 5:29:57 PM|24218|33432|72.44|Common|Silver
6584|Hey Guys!|Get interviewed by Rachel for 2KTV after the Showdown Game.|2557|1 Jul 2018 5:24:38 PM|24661|33432|73.76|Common|Silver
6584|Movin' On Up|Play in the Showdown Game at the end of The Proving Ground event.|2556|1 Jul 2018 5:23:05 PM|24135|33432|72.19|Common|Silver
6584|Y'all Ready For This?|Play your first game in The Proving Ground tournament.|2555|1 Jul 2018 5:08:09 PM|26323|33432|78.74|Common|Silver
6584|I Make This Look Good|Select a jumpshot for your MyPLAYER.|2554|1 Jul 2018 4:59:36 PM|23665|33432|70.79|Common|Bronze
6584|It'll Last Longer|Take a picture of the Air Jordan XXXII shoe.|2553|1 Jul 2018 4:59:01 PM|7328|33432|21.92|Uncommon|Silver
6584|Devil is in the Details|Register for The Proving Ground.|2552|1 Jul 2018 4:56:05 PM|29045|33432|86.88|Common|Bronze
6584|You've Got The Look|Create Your MyPLAYER.|2551|1 Jul 2018 4:49:54 PM|30850|33432|92.28|Common|Bronze
5344|Show me your skills|Complete a multiplayer skill game|2550|1 Jul 2018 3:57:34 PM|91298|224406|40.68|Uncommon|Bronze
6749|More Powerful Than You Think|Complete all trophies in South Park™: The Fractured But Whole™|2549|1 Jul 2018 12:12:52 PM|13659|52617|25.96|Uncommon|Platinum
6749|Pick Yourself up by Your Bootstraps|Collect all loot in the Homeless Camp at SoDoSoPa|2548|1 Jul 2018 12:12:52 PM|20903|52617|39.73|Uncommon|Bronze
6749|Farts over Freckles|Pick a fight with Morgan Freeman and defeat him|2547|1 Jul 2018 12:08:30 PM|20249|52617|38.48|Uncommon|Silver
6749|Corporate Wolf|Reach the highest economic value on your Character Sheet|2546|1 Jul 2018 11:26:06 AM|24685|52617|46.91|Uncommon|Bronze
6749|Fully Bloated|Unlock all combat TimeFarts|2545|1 Jul 2018 10:57:26 AM|26662|52617|50.67|Common|Silver
6749|Boy Love Aficionado|Find all Yaoi art pieces|2544|1 Jul 2018 10:47:17 AM|19714|52617|37.47|Uncommon|Gold
6749|Crappin' Forte|Use every available toilet in South Park and achieve the highest mastery level for each|2543|1 Jul 2018 8:33:45 AM|19352|52617|36.78|Uncommon|Bronze
4069|King of Medici|Earned all Just Cause 3 Trophies|2542|1 Jul 2018 7:56:37 AM|10482|263507|3.98|Ultra Rare|Platinum
4069|Winner Takes All, Again|100% Just Cause 3.|2541|1 Jul 2018 7:56:37 AM|11066|263507|4.2|Ultra Rare|Gold
4069|All the Gears|Earn 5 Gears in every Challenge.|2540|1 Jul 2018 7:56:32 AM|11316|263507|4.29|Ultra Rare|Silver
4069|MOD Tinkerer|Have every Gear MOD active for at least 1 minute each.|2539|1 Jul 2018 7:31:14 AM|12896|263507|4.89|Ultra Rare|Silver
