3825|Blockhead|Own the best V6 and V8 Engines|4501|31 Jul 2018 12:40:56 PM|32379|165121|19.61|Rare|Bronze
3825|Spreading the Word|Clear all threat in Pink Eye's territory|4500|31 Jul 2018 12:40:41 PM|36009|165121|21.81|Uncommon|Silver
3825|Pink Eye Thrives|Reduce threat to 0 in the Knit Sack region around Pink Eye's Stronghold|4499|31 Jul 2018 12:03:23 PM|39093|165121|23.68|Uncommon|Bronze
4441|Your seat is so hot|Complete a track in hotseat mode|4498|30 Jul 2018 3:11:07 PM|13390|77793|17.21|Rare|Bronze
4441|I'm feeling lucky|Create a track with the random generator|4497|30 Jul 2018 3:08:07 PM|26643|77793|34.25|Uncommon|Bronze
4441|My own cabinet|Complete a track in arcade mode|4496|30 Jul 2018 3:05:46 PM|18236|77793|23.44|Uncommon|Bronze
3825|Rust is the New Black|Collect all body colors|4495|30 Jul 2018 2:31:16 PM|43636|165121|26.43|Uncommon|Bronze
3679|Metaverse|Equip the Halo Topper and win a match on Starbase ARC|4494|29 Jul 2018 9:27:13 PM|23831|99632|10.35|Rare|Bronze
282|Red Dead Rockstar|Kill a Rockstar or someone with this Trophy in a public multiplayer match.|4493|29 Jul 2018 9:15:54 PM|379791|794005|47.83|Uncommon|Bronze
517|A Credit to Pirates Everywhere|Witnessed Morgan's Final Fate|4492|29 Jul 2018 9:01:04 PM|7705|9404|81.93|Common|Silver
517|Fall of the Pirate God|Defeated LeChuck|4491|29 Jul 2018 8:54:11 PM|8028|9404|85.37|Common|Gold
517|Does This Corpse Make Me Look Fat?|Completed the Diet of the Senses|4490|29 Jul 2018 8:42:51 PM|8116|9404|86.3|Common|Silver
517|Dance, Monkey, Dance!|Did the dance of the hybrid fruit|4489|29 Jul 2018 8:38:50 PM|5847|9404|62.18|Common|Bronze
517|I Ain't Got No Body|Bound Guybrush's spirit to his body|4488|29 Jul 2018 8:22:26 PM|8150|9404|86.67|Common|Silver
517|The Violet Beauregard Memorial Trophy|Tried every piece of gum|4487|29 Jul 2018 8:22:17 PM|6415|9404|68.22|Common|Bronze
517|All Roads Lead to LeChuck|Opened the Crossroads|4486|29 Jul 2018 7:44:39 PM|8311|9404|88.38|Common|Silver
517|Morgan's Secret|Found out what Morgan treasures above all else|4485|29 Jul 2018 7:42:06 PM|8213|9404|87.34|Common|Silver
517|Say What?|Discovered Morgan's Dying Words|4484|29 Jul 2018 7:41:38 PM|8192|9404|87.11|Common|Bronze
517|Grave Ribber|Read every gravestone|4483|29 Jul 2018 7:14:05 PM|7943|9404|84.46|Common|Bronze
517|Grog, Grog, Grog!|Used a dollar bill to try to buy every drink in the Grog Machine|4482|29 Jul 2018 7:11:18 PM|8304|9404|88.3|Common|Bronze
516|Adieu, Adieu...|Defeated De Singe|4481|29 Jul 2018 12:05:42 PM|8323|9584|86.84|Common|Gold
516|Feast for the Senses|Almost completed the Feast of the Senses|4480|29 Jul 2018 11:55:50 AM|8351|9584|87.13|Common|Silver
516|Guybrush Goes Classy|Experienced Guybrush's Brush with the Bard|4479|29 Jul 2018 11:40:08 AM|7229|9584|75.43|Common|Silver
516|Push ze Buttons of SCIENCE!|Tried all four of the buttons in De Singe's Lab|4478|29 Jul 2018 11:34:45 AM|8277|9584|86.36|Common|Bronze
516|Shlock Shopper Supreme|Fully Perused Stan's Wares|4477|29 Jul 2018 11:30:42 AM|8151|9584|85.05|Common|Silver
516|Use the Source|Got criminal charges dropped... with a little help|4476|29 Jul 2018 11:27:07 AM|8576|9584|89.48|Common|Silver
516|What Do You Do with a Drunken Guybrush?|Drank everything available in Club 41|4475|29 Jul 2018 11:20:40 AM|7761|9584|80.98|Common|Bronze
516|What's in a Name?|Found out the horrifying truth about Bosun Krebbs|4474|29 Jul 2018 11:16:38 AM|8372|9584|87.35|Common|Bronze
516|Musical Memories|Enticed Guybrush to indulge his musical impulses|4473|29 Jul 2018 11:14:38 AM|7170|9584|74.81|Common|Bronze
516|Ayyyye, the Jury|Got Civil charges against Guybrush dropped|4472|29 Jul 2018 11:08:57 AM|8608|9584|89.82|Common|Silver
516|Idiot for a Client|Explored the possibilities of Guybrush calling himself to the stand|4471|29 Jul 2018 10:37:03 AM|7215|9584|75.28|Common|Bronze
3679|Ruthless|Make 50 total "Shots on Goal" using Grog or Ripper|4470|28 Jul 2018 9:10:20 PM|31012|41859|20.78|Uncommon|Bronze
3679|Psycho-Master Exploder|Equip the Mohawk and Demolish 3 opposing Bots in the Wasteland|4469|28 Jul 2018 8:36:47 PM|17971|41859|12.04|Rare|Bronze
515|Feed the Beast|Defeated DeCava and the Brotherhood|4468|28 Jul 2018 8:20:24 PM|8822|10151|86.91|Common|Gold
515|La Esponja... Grande?|Acquired La Esponja Grande|4467|28 Jul 2018 8:15:29 PM|8858|10151|87.26|Common|Silver
515|Bongo Baby, Yeah|Played the bongos repeatedly|4466|28 Jul 2018 8:08:13 PM|7655|10151|75.41|Common|Bronze
515|What a Card|Tried every Tarot Card combination|4465|28 Jul 2018 7:55:35 PM|7853|10151|77.36|Common|Silver
515|Lord of the Locket|Tried every Locket Combination|4464|28 Jul 2018 7:43:02 PM|6568|10151|64.7|Common|Silver
515|There is a Brotherhood of Jerks|Accepted into the Brotherhood|4463|28 Jul 2018 7:24:46 PM|8994|10151|88.6|Common|Silver
515|I'm So Faced|Tried every possible Face-Off feature|4462|28 Jul 2018 7:11:58 PM|8536|10151|84.09|Common|Bronze
515|Meet Murray|Introduced Murray to everyone|4461|28 Jul 2018 7:09:26 PM|6842|10151|67.4|Common|Bronze
515|Frequent Tuber|Used all the Bile Tubes in all directions|4460|28 Jul 2018 7:07:24 PM|8880|10151|87.48|Common|Bronze
515|The 0.01 Percent Solution|Got one one ten thousandth of the way through the alternate solution to the Cochlea puzzle|4459|28 Jul 2018 7:03:55 PM|6854|10151|67.52|Common|Bronze
515|The Newlyfed Game|Convinced DeCava that Guybrush is married to Morgan|4458|28 Jul 2018 6:34:44 PM|9381|10151|92.41|Common|Silver
514|The BIG Finish|Sailed to the alleged resting place of La Esponja Grande|4457|28 Jul 2018 3:41:15 PM|9493|11657|81.44|Common|Gold
514|Nice Try|Heard the Secret of Donkey Island|4456|28 Jul 2018 3:34:00 PM|8016|11657|68.77|Common|Bronze
514|Mighty Merperson Rescuer|Save the MerLeader from McGillicutty|4455|28 Jul 2018 3:32:30 PM|9533|11657|81.78|Common|Silver
514|Talk to the Hook|Threatened a number of adversaries with a Hook|4454|28 Jul 2018 3:23:21 PM|6009|11657|51.55|Common|Bronze
514|Artifacts of LIfe|Get all of the Summoning Artifacts|4453|28 Jul 2018 3:06:37 PM|9642|11657|82.71|Common|Silver
514|Fishing for Literalists|Caught a Red Herring|4452|28 Jul 2018 2:59:22 PM|8817|11657|75.64|Common|Bronze
514|Meals Fit for a King... Queen... Whatever|Gave the MerLeader every kind of bait|4451|28 Jul 2018 2:58:13 PM|6498|11657|55.74|Common|Bronze
514|Model of E-FISH-Ency|Read every fish joke|4450|28 Jul 2018 2:56:05 PM|8192|11657|70.28|Common|Silver
514|Ride 'Em, Pirate|Made LeChuck do something embarassing on the cliff|4449|28 Jul 2018 2:32:37 PM|7813|11657|67.02|Common|Silver
514|Give Her a Hand|Kicked LeFlay off the Screaming Narwhal|4448|28 Jul 2018 2:08:01 PM|10576|11657|90.73|Common|Silver
514|She's Cute When She's Angry|Get Morgan angry by repeatedly checking out the mast|4447|28 Jul 2018 2:03:20 PM|8290|11657|71.12|Common|Bronze
3679|Savage|With Ripper, Score 10 Goals against Pro-level Bots or higher|4446|27 Jul 2018 9:46:40 PM|18224|41859|12.21|Rare|Silver
3679|My World is Fire|Equip any Chaos Run item and win a 4v4 Online match|4445|27 Jul 2018 9:26:24 PM|34296|41859|22.98|Uncommon|Gold
3679|Throwback|Use the Accelerato Boost with an original Battle-Car while playing in a SARPBC-inspired arena|4444|27 Jul 2018 9:09:51 PM|28702|45738|18.4|Rare|Bronze
513|Many Unhappy Returns|Found Elaine|4443|27 Jul 2018 8:56:54 PM|10912|17625|61.91|Common|Gold
513|The Winds of Freedom Blow|Escaped from Flotsam Island|4442|27 Jul 2018 8:52:32 PM|10947|17625|62.11|Common|Silver
513|Bats Right, Throws Lame|Repeatedly Threw Things... Kinda|4441|27 Jul 2018 8:36:02 PM|6656|17625|37.76|Uncommon|Bronze
513|Is That a Pox On Your Face, Or Are You Just Angry To See Me?|Experience the effects of the Pox on the charming inhabitants of Flotsam|4440|27 Jul 2018 8:28:55 PM|7061|17625|40.06|Uncommon|Bronze
513|The Legend of LeFlay|Quizzed everyone about Morgan LeFlay|4439|27 Jul 2018 8:25:16 PM|7515|17625|42.64|Uncommon|Silver
513|Why is My Older Brother Laughing?|Encountered a shipload of references to the previous Monkey Island games|4438|26 Jul 2018 8:56:36 PM|7325|17625|41.56|Uncommon|Bronze
513|This Ain't a Library|Intensely browsed a prominent bookshelf|4437|26 Jul 2018 8:52:42 PM|7949|17625|45.1|Uncommon|Silver
513|Use the Source|Met Deep Gut|4436|26 Jul 2018 8:40:36 PM|11740|17625|66.61|Common|Silver
513|The Sounds of Science|Heard DeSinge treating four different patients|4435|26 Jul 2018 8:38:11 PM|7538|17625|42.77|Uncommon|Bronze
513|Leave Well Enough Alone|Experienced a brief, yet horrifying transformation|4434|26 Jul 2018 8:26:36 PM|13029|17625|73.92|Common|Bronze
513|LeChuck Slayer|Defeated LeChuck (again)|4433|26 Jul 2018 7:55:05 PM|15568|17625|88.33|Common|Silver
3765|All The Goat!|Unlock all the Goat Trophies!|4432|26 Jul 2018 7:20:23 PM|23137|74368|31.11|Uncommon|Platinum
3765|One Ball|Ride a bike for 60 sec|4431|26 Jul 2018 7:20:23 PM|31386|74368|42.2|Uncommon|Gold
3765|Tony Goat|Finish all manual quests|4430|26 Jul 2018 7:18:12 PM|30781|74368|41.39|Uncommon|Silver
3765|The Flapmaster|Score 10 points in Flappy Goat|4429|26 Jul 2018 7:12:26 PM|24319|74368|32.7|Uncommon|Silver
3765|I freaking love goats|Find all collectibles on level 2|4428|25 Jul 2018 8:58:09 PM|25986|74368|34.94|Uncommon|Gold
3765|Hat Simulator|Buy all hats|4427|25 Jul 2018 8:32:02 PM|27286|74368|36.69|Uncommon|Silver
3765|Is that a goat?|Lick the rollercoaster with 6 batteries attached|4426|25 Jul 2018 8:24:30 PM|27664|74368|37.2|Uncommon|Silver
3765|Builder Goat|Find all the blocks|4425|25 Jul 2018 8:14:02 PM|30076|74368|40.44|Uncommon|Gold
3765|Valkyrie|Go on the catapult with a rider on your back|4424|25 Jul 2018 8:08:04 PM|29915|74368|40.23|Uncommon|Silver
3765|Goats 'n' Stuff|Hold your own concert|4423|25 Jul 2018 8:04:27 PM|48190|74368|64.8|Common|Bronze
3765|A Story about my elevator|Get up on the skyscraper without using the elevator|4422|25 Jul 2018 8:03:58 PM|35137|74368|47.25|Uncommon|Silver
3765|Ling Ling into battle go|Fight the turtle|4421|25 Jul 2018 7:59:58 PM|39793|74368|53.51|Common|Bronze
3765|Disgusting|Why did you step in that? Yuck|4420|25 Jul 2018 7:59:43 PM|41771|74368|56.17|Common|Bronze
3765|A story about my goat|I'm sorry about my goat|4419|25 Jul 2018 7:57:46 PM|44610|74368|59.99|Common|Bronze
3765|Try Hard|Find all the trophies in Goat Ville!|4418|25 Jul 2018 7:23:26 PM|27336|74368|36.76|Uncommon|Silver
3765|Around the World in 5 Jumps|Visit 5 trampolines in one jump, bouncing on each trampoline once|4417|24 Jul 2018 8:11:42 PM|28160|74368|37.87|Uncommon|Silver
3765|Mattress Madness|Bounce 100 times on mattresses within 30 seconds|4416|24 Jul 2018 8:08:10 PM|30233|74368|40.65|Uncommon|Silver
3765|Goat of the hill|Everything the light touches is your kingdom|4415|24 Jul 2018 8:03:09 PM|34406|74368|46.26|Uncommon|Bronze
3765|Mile High Club|Lick the Hanging Glider|4414|24 Jul 2018 8:01:05 PM|33469|74368|45.0|Uncommon|Gold
3765|Dodge This|Make sure the Hillbilly never drives again|4413|24 Jul 2018 7:51:58 PM|34454|74368|46.33|Uncommon|Bronze
3765|Rymdskepp i Rymden|Travel to space!|4412|24 Jul 2018 7:48:51 PM|37793|74368|50.82|Common|Gold
6188|The end is a new beginning|Obtain all trophies.|4411|24 Jul 2018 7:42:02 PM|15513|56060|27.67|Uncommon|Platinum
6188|Blend-in with the surroundings|Move undetected amongst the shades.|4410|24 Jul 2018 7:42:02 PM|15749|56060|28.09|Uncommon|Silver
6188|Sweet Memory|Reunite with the white shade.|4409|24 Jul 2018 7:39:46 PM|15710|56060|28.02|Uncommon|Gold
6188|To let go|Accept things as they are.|4408|24 Jul 2018 7:39:46 PM|23509|56060|41.94|Uncommon|Gold
6188|No hope|Hit your lowest point.|4407|24 Jul 2018 7:34:34 PM|23536|56060|41.98|Uncommon|Silver
6188|Full Wardrobe|Collect all the outfits.|4406|24 Jul 2018 7:23:04 PM|15730|56060|28.06|Uncommon|Gold
6188|Toyful Child|Collect all the toys.|4405|24 Jul 2018 7:16:12 PM|15822|56060|28.22|Uncommon|Silver
6188|The Truth|Peek through all the keyholes.|4404|24 Jul 2018 7:10:14 PM|15772|56060|28.13|Uncommon|Gold
6188|It's a process|Recompose all the emblems.|4403|24 Jul 2018 6:59:48 PM|15708|56060|28.02|Uncommon|Gold
6188|From the sky to the abyss|Witness the resting place of the once mighty.|4402|24 Jul 2018 6:58:54 PM|15985|56060|28.51|Uncommon|Silver
6188|Racing|Be faster than the Sentinels.|4401|24 Jul 2018 6:50:29 PM|16680|56060|29.75|Uncommon|Bronze
3765|Trying to bring forth Sanctum 3?|Sacrifice the 3 Sanctum items|4400|23 Jul 2018 9:05:15 PM|30786|74368|41.4|Uncommon|Silver
3765|Pedestrian|Find the Sanctum 1 Walker Statue|4399|23 Jul 2018 8:43:03 PM|43117|74368|57.98|Common|Bronze
3765|LOEK master|Find the Sanctum 2 Walker Statue|4398|23 Jul 2018 8:35:18 PM|43826|74368|58.93|Common|Silver
3765|Devil Goat|We are each our own devil, and we make this world our hell|4397|23 Jul 2018 8:32:53 PM|42986|74368|57.8|Common|Silver
3765|Demogoat|Have 10 gas canisters explode at the same time|4396|23 Jul 2018 8:27:55 PM|48544|74368|65.28|Common|Silver
3765|Boulder of Death|Hit the party with the Boulder of Death|4395|23 Jul 2018 8:20:43 PM|44039|74368|59.22|Common|Bronze
3765|What is its purpose?|Thrash the Goathenge|4394|23 Jul 2018 8:19:12 PM|53279|74368|71.64|Common|Silver
3765|Alexander Goatstafsson|Win the title bout!|4393|23 Jul 2018 8:18:33 PM|52670|74368|70.82|Common|Bronze
3765|GoatQueen|Become the Queen of GoatVille|4392|23 Jul 2018 8:16:28 PM|51877|74368|69.76|Common|Silver
6188|Ask for a miracle|Pay it forward.|4391|23 Jul 2018 8:13:04 PM|23909|56060|42.65|Uncommon|Silver
6188|Lost Lullaby|Complete the lost lullaby.|4390|23 Jul 2018 8:05:04 PM|15825|56060|28.23|Uncommon|Silver
6188|Good intentions|Try to undo a mistake.|4389|23 Jul 2018 7:41:29 PM|16102|56060|28.72|Uncommon|Silver
6188|Bite the dust|Break the five strange statues.|4388|23 Jul 2018 7:37:09 PM|16097|56060|28.71|Uncommon|Silver
6188|What lies in the deep|Find the shark.|4387|23 Jul 2018 6:46:13 PM|18395|56060|32.81|Uncommon|Silver
6188|Without a trace|Respect the past.|4386|23 Jul 2018 6:42:06 PM|19732|56060|35.2|Uncommon|Bronze
6188|Hold your breath|Use only one bubble in the underwater cave.|4385|23 Jul 2018 6:42:05 PM|15962|56060|28.47|Uncommon|Silver
6188|Patience|Turning your back to the truth and persevering will lead you nowhere.|4384|23 Jul 2018 6:27:51 PM|16590|56060|29.59|Uncommon|Bronze
6188|Unbearable|From victim to victor.|4383|22 Jul 2018 8:39:45 PM|26967|56060|48.1|Uncommon|Bronze
6188|Wrong direction|The other way was safer.|4382|22 Jul 2018 8:34:55 PM|16815|56060|29.99|Uncommon|Bronze
6188|Jars in the sand|Break many jars.|4381|22 Jul 2018 8:15:59 PM|22103|56060|39.43|Uncommon|Bronze
6188|Lighten up|Lit many lights.|4380|22 Jul 2018 6:50:02 PM|27375|56060|48.83|Uncommon|Bronze
6188|Don't say no|Leave denial behind.|4379|22 Jul 2018 12:20:32 PM|33366|56060|59.52|Common|Bronze
6188|The path of light|Bring light to the labyrinth of darkness.|4378|22 Jul 2018 12:16:40 PM|21758|56060|38.81|Uncommon|Bronze
6188|Dark and quiet|Complete the labyrinth without making a sound.|4377|22 Jul 2018 12:13:25 PM|17972|56060|32.06|Uncommon|Silver
6188|Funeral flowers|Find a nice resting place.|4376|22 Jul 2018 11:31:52 AM|21554|56060|38.45|Uncommon|Bronze
6188|Careful steps|Don't smash the eggs.|4375|22 Jul 2018 11:29:33 AM|22365|56060|39.89|Uncommon|Bronze
6188|Ancient treasure|Try to wake up the lost Sentinel.|4374|22 Jul 2018 10:47:32 AM|21535|56060|38.41|Uncommon|Silver
6188|That went too far|Throw something as far as you can.|4373|22 Jul 2018 10:18:10 AM|23673|56060|42.23|Uncommon|Bronze
6188|Happy family|Reunite the family.|4372|22 Jul 2018 10:16:11 AM|21455|56060|38.27|Uncommon|Bronze
6188|Reckless cannonball|The higher, the funnier!|4371|22 Jul 2018 10:08:04 AM|19357|56060|34.53|Uncommon|Bronze
2286|Death Mode: Disasteroids|Complete the Death Mode level.|4370|21 Jul 2018 9:02:37 PM|16884|53661|31.46|Uncommon|Silver
2286|Death Mode: Extraterrestria|Complete the Death Mode level.|4369|21 Jul 2018 8:39:46 PM|16284|53661|30.35|Uncommon|Silver
2286|Death Mode: Aquatica|Complete the Death Mode level.|4368|21 Jul 2018 8:31:58 PM|16091|53661|29.99|Uncommon|Silver
5590|The Little Acre|Unlock all the Trophies in The Little Acre|4367|21 Jul 2018 8:11:18 PM|5827|7109|81.97|Common|Platinum
5590|The Little Speedrun|Beat the game in less than 1 hour|4366|21 Jul 2018 8:11:18 PM|5840|7109|82.15|Common|Gold
5590|There and back again|Complete The Little Acre|4365|21 Jul 2018 8:11:18 PM|6309|7109|88.75|Common|Gold
5590|Probably used a walkthrough|Didn't ask for any hints|4364|21 Jul 2018 8:11:17 PM|6205|7109|87.28|Common|Gold
5590|Let go of my hand|Didn't ask for any solutions|4363|21 Jul 2018 8:11:16 PM|6221|7109|87.51|Common|Gold
5590|Now, I am alone|Gave Merr what he wanted… sort of|4362|21 Jul 2018 8:10:08 PM|6309|7109|88.75|Common|Silver
5590|Not too late|Saved Aidan|4361|21 Jul 2018 8:05:22 PM|6315|7109|88.83|Common|Silver
5590|Arthur|Found Arthur|4360|21 Jul 2018 8:01:27 PM|6316|7109|88.85|Common|Bronze
5590|Dam!|Overcome hurdles at the dam|4359|21 Jul 2018 8:00:40 PM|6316|7109|88.85|Common|Silver
5590|No way to treat an ancient manuscript|Tried to lose the cavity magnetron|4358|21 Jul 2018 7:59:18 PM|6046|7109|85.05|Common|Silver
5590|Involving a certain microwave casserole|Ruined lunch|4357|21 Jul 2018 7:59:05 PM|6316|7109|88.85|Common|Bronze
5590|I'm gonna call you Bugsy|Made a new friend|4356|21 Jul 2018 7:52:57 PM|6339|7109|89.17|Common|Silver
5590|Merrrrrr?|Helped Merr fix a machine and return home|4355|21 Jul 2018 7:47:26 PM|6352|7109|89.35|Common|Silver
5590|Wibble wobble|Apparently you’re ready for this jelly|4354|21 Jul 2018 7:45:55 PM|6080|7109|85.53|Common|Silver
5590|Didn't panic|Attacked the swamp monster in less than 5 seconds|4353|21 Jul 2018 7:41:08 PM|6179|7109|86.92|Common|Silver
5590|Godspeed Sir Fuzzle Puff|Travelled to Clonfira as Lily|4352|21 Jul 2018 7:36:31 PM|6410|7109|90.17|Common|Bronze
5590|Blind goes up!|Ok, we get it|4351|21 Jul 2018 7:34:19 PM|6125|7109|86.16|Common|Silver
5590|Never suspected a thing|Took out the informant|4350|21 Jul 2018 7:32:02 PM|6425|7109|90.38|Common|Bronze
5590|But if you turn it this way …|Only placed the orb once|4349|21 Jul 2018 7:28:41 PM|6019|7109|84.67|Common|Silver
5590|Welcome to Clonfira|Travelled to Clonfira as Aidan|4348|21 Jul 2018 7:24:29 PM|6540|7109|92.0|Common|Bronze
5590|I did this all by myself|Make breakfast|4347|21 Jul 2018 7:23:25 PM|6548|7109|92.11|Common|Silver
5590|Silly doggy|Distracted Dougal once only|4346|21 Jul 2018 7:21:47 PM|6304|7109|88.68|Common|Silver
5590|When in doubt, dance it out|Solved the dance puzzle on your 1st try|4345|21 Jul 2018 7:17:27 PM|6267|7109|88.16|Common|Gold
5590|Avoided the consequences|Let Dougal take the blame|4344|21 Jul 2018 7:15:17 PM|6607|7109|92.94|Common|Bronze
5590|All this power … from a crystal?|Got the generator working|4343|21 Jul 2018 7:12:15 PM|6632|7109|93.29|Common|Silver
5590|Phone home|Where did you get that pattern?|4342|21 Jul 2018 7:11:28 PM|6227|7109|87.59|Common|Silver
5590|Welcome to The Little Acre|Get dressed without waking Lily|4341|21 Jul 2018 7:04:03 PM|6935|7109|97.55|Common|Silver
5590|It's dangerous to go alone|Ask for a solution|4340|21 Jul 2018 6:59:51 PM|6319|7109|88.89|Common|Bronze
4398|I'm not a Killer!|The Shark - Do not kill the Drug Dealer|4339|21 Jul 2018 6:53:18 PM|26534|76541|34.67|Uncommon|Bronze
3765|Angel Goat|Do no evil|4338|20 Jul 2018 12:03:54 PM|46863|74368|63.02|Common|Bronze
4398|Gold Finger|The Lizard - Cut your finger using axe, knife or pliers + disinfect or cauterize the wound|4337|20 Jul 2018 11:17:04 AM|25773|76541|33.67|Uncommon|Bronze
4398|Bad Cop|Shrink and Punches - Do not stop Blake from hitting Dupré|4336|20 Jul 2018 11:03:42 AM|15996|76541|20.9|Uncommon|Bronze
4398|Coward!|The Butterfly - Give up or fail the Butterfly Trial|4335|20 Jul 2018 10:49:30 AM|24011|76541|31.37|Uncommon|Bronze
4398|Blunder|Nathaniel - Shoot Nathaniel|4334|19 Jul 2018 11:20:20 AM|33021|76541|43.14|Uncommon|Bronze
4398|Agoraphobia|Lexington Station - Knock down at least 50 passers-by|4333|19 Jul 2018 11:07:46 AM|20336|76541|26.57|Uncommon|Bronze
4398|Got To Remember!|Welcome, Norman! - Remember the time it was at the park and what Shaun was wearing|4332|19 Jul 2018 10:41:52 AM|21863|76541|28.56|Uncommon|Bronze
4398|Good Friends|The Park - Play two games with Shaun successfully and buy him candy|4331|19 Jul 2018 10:21:57 AM|32732|76541|42.76|Uncommon|Bronze
4398|Happy Birthday|Prologue - Complete the drawing + Set the table + Play with kids|4330|18 Jul 2018 8:25:07 PM|26191|76541|34.22|Uncommon|Bronze
4398|HEAVY RAIN™ Hero|Finish HEAVY RAIN™|4329|18 Jul 2018 11:22:50 AM|38796|76541|50.69|Common|Bronze
4398|Simple Mind|The Old Warehouse - Save the Origami Killer before he falls, with Jayden or Madison|4328|18 Jul 2018 11:22:49 AM|24280|76541|31.72|Uncommon|Bronze
4398|Four Heroes|Complete the story with four characters alive|4327|18 Jul 2018 11:22:49 AM|26492|76541|34.61|Uncommon|Silver
4398|Saved the Kid|Save Shaun|4326|18 Jul 2018 11:22:49 AM|36946|76541|48.27|Uncommon|Silver
4398|Cold as Ice|Killer's Place - Survive the explosion by hiding in the fridge|4325|18 Jul 2018 11:10:06 AM|32782|76541|42.83|Uncommon|Bronze
4398|Trial Master|Succeeded in all Ethan's trials|4324|17 Jul 2018 12:16:49 PM|21469|76541|28.05|Uncommon|Silver
4398|Sacrifice|The Rat - Drink the poison|4323|17 Jul 2018 12:16:47 PM|32923|76541|43.01|Uncommon|Bronze
4398|Escape Master|On the Loose - Escape the police at the motel|4322|17 Jul 2018 11:48:43 AM|36165|76541|47.25|Uncommon|Bronze
4398|Lover Boy|On the Loose - Forgive Madison|4321|17 Jul 2018 11:48:40 AM|34445|76541|45.0|Uncommon|Bronze
4398|Pride Saved|Sexy Girl - Take off no more than one item of clothing during the strip-tease|4320|17 Jul 2018 11:24:12 AM|28058|76541|36.66|Uncommon|Bronze
4398|Smart Girl|The Doc - Do not drink the Doc's beverage|4319|17 Jul 2018 10:36:09 AM|31194|76541|40.75|Uncommon|Bronze
4398|Queen of Ropes|The Doc - Escape before the Doc returns|4318|17 Jul 2018 10:36:09 AM|36828|76541|48.12|Uncommon|Bronze
4398|I'm a Killer...|The Shark - Kill the Drug Dealer|4317|16 Jul 2018 11:41:48 AM|29815|76541|38.95|Uncommon|Bronze
4398|Wise Guy|Under Arrest - Switch the camera off in the surveillance room before saving Ethan|4316|16 Jul 2018 11:16:48 AM|25572|76541|33.41|Uncommon|Bronze
4398|Ludwig Von|Jayden Blues - Play the piano without a wrong note|4315|16 Jul 2018 10:55:02 AM|30264|76541|39.54|Uncommon|Bronze
4398|Hands Up!|Fugitive or On the Loose - Get arrested by Blake|4314|16 Jul 2018 10:43:54 AM|27881|76541|36.43|Uncommon|Bronze
4398|Good Cop|Shrink and Punches - Stop Blake from hitting Dupré|4313|16 Jul 2018 10:25:55 AM|42065|76541|54.96|Common|Bronze
4398|Electrified|The Butterfly - Complete the Butterfly Trial successfully|4312|16 Jul 2018 10:11:20 AM|36484|76541|47.67|Uncommon|Bronze
2286|Death Mode: Purgatory #2|Complete the Death Mode level.|4311|15 Jul 2018 8:23:42 PM|19336|53661|36.03|Uncommon|Silver
4398|Tough Guy|Kramer's Party - Defeat Gordi's bodyguards|4310|15 Jul 2018 8:09:25 PM|40849|76541|53.37|Common|Bronze
4398|Cat & Mouse|Covered Market - Beat Korda in the cold storage|4309|15 Jul 2018 7:52:32 PM|42668|76541|55.75|Common|Bronze
4398|Good Driver|The Bear - Complete the Bear Trial successfully|4308|15 Jul 2018 7:35:15 PM|40829|76541|53.34|Common|Bronze
4398|Self Control|Nathaniel - Do not shoot Nathaniel|4307|15 Jul 2018 5:50:37 PM|32136|76541|41.99|Uncommon|Bronze
4398|Lucky Locker|Lexington Station - Find the correct locker on first try|4306|15 Jul 2018 5:34:53 PM|43179|76541|56.41|Common|Bronze
4398|VIP|Paparazzi - Leave home without being spotted by the journalists|4305|15 Jul 2018 5:34:52 PM|38034|76541|49.69|Uncommon|Bronze
4398|FBI Investigator|Crime Scene - Find all clues related to the Origami Killer in the scene|4304|15 Jul 2018 11:52:12 AM|38347|76541|50.1|Common|Bronze
4398|White Knight|Sleazy Place - Beat Troy|4303|15 Jul 2018 11:36:09 AM|50089|76541|65.44|Common|Bronze
4398|Private Eye|Sleazy Place - Lead Lauren to talk about her son|4302|15 Jul 2018 11:36:08 AM|42890|76541|56.04|Common|Bronze
4398|Good Father|Father and Son - Follow the schedule with Shaun and put him to bed in a good mood|4301|15 Jul 2018 11:26:10 AM|34156|76541|44.62|Uncommon|Bronze
4398|Interactive Drama|Thank you for supporting Interactive Drama|4300|15 Jul 2018 11:26:08 AM|56530|76541|73.86|Common|Bronze
3767|This Pattern is Mine|You got them all. You got them all.|4299|14 Jul 2018 6:47:13 PM|23020|124614|18.47|Rare|Platinum
3767|Open Ended|Reached Stephen's bunker without ending any other story arc|4298|14 Jul 2018 6:47:13 PM|26043|124614|20.9|Uncommon|Silver
3767|Backtracker|Used the hidden paths to return to each area in the game|4297|14 Jul 2018 6:41:21 PM|24690|124614|19.81|Rare|Silver
3767|Radio Enthusiast|Listened to all the radios before doing anything else|4296|14 Jul 2018 6:20:24 PM|24741|124614|19.85|Rare|Gold
3767|Moonwalker|Simulated walking backwards for fifty seconds|4295|14 Jul 2018 4:32:08 PM|47046|124614|37.75|Uncommon|Silver
2286|Death Mode: Thermogenica #2|Complete the Death Mode level.|4294|14 Jul 2018 12:55:24 PM|16207|53661|30.2|Uncommon|Silver
2286|Death Mode: Thermogenica #1|Complete the Death Mode level.|4293|14 Jul 2018 12:44:29 PM|17272|53661|32.19|Uncommon|Silver
3767|Completionist|Triggered all of the story in the game|4292|14 Jul 2018 12:14:15 PM|23739|124614|19.05|Rare|Gold
3767|Lost|Read all of the You Are Here maps|4291|14 Jul 2018 11:54:49 AM|24702|124614|19.82|Rare|Gold
3767|Ready Meal|Made some tasty meals using the power of nuclear energy|4290|14 Jul 2018 11:51:25 AM|27346|124614|21.94|Uncommon|Bronze
3767|Bibliophile|Read all of the Bittern books|4289|14 Jul 2018 11:50:21 AM|24668|124614|19.8|Rare|Gold
3767|Trainspotter|Noted all of the train numbers|4288|14 Jul 2018 11:39:32 AM|31274|124614|25.1|Uncommon|Silver
3767|Last Orders|Waited for a pint at The Stars and The Whistler|4287|14 Jul 2018 11:36:42 AM|29451|124614|23.63|Uncommon|Bronze
3767|Passive Observer|Discovered the power of interactivity by doing nothing at all|4286|13 Jul 2018 8:31:44 PM|47618|124614|38.21|Uncommon|Bronze
3767|Graffiti Artist|Found all the Chads|4285|13 Jul 2018 8:17:53 PM|28459|124614|22.84|Uncommon|Gold
3767|Perpetual Motion|Rode the Witches Hat for two minutes|4284|12 Jul 2018 8:19:47 PM|35892|124614|28.8|Uncommon|Silver
3767|Hypochondriac|Arrived and left Wade's surgery many, many times|4283|12 Jul 2018 8:02:11 PM|34126|124614|27.39|Uncommon|Bronze
2286|Death Mode: Purgatory #1|Complete the Death Mode level.|4282|10 Jul 2018 8:32:24 PM|20015|53661|37.3|Uncommon|Silver
2286|Death Mode: Rowdy Cloudy|Complete the Death Mode level.|4281|10 Jul 2018 8:16:24 PM|19383|53661|36.12|Uncommon|Silver
2286|Death Mode: Sneak n' Deke|Complete the Death Mode level.|4280|10 Jul 2018 8:12:59 PM|19634|53661|36.59|Uncommon|Silver
2286|Death Mode: Sparkle Darkle|Complete the Death Mode level.|4279|10 Jul 2018 8:04:40 PM|21646|53661|40.34|Uncommon|Silver
2286|Death Mode: Hills n' Spills|Complete the Death Mode level.|4278|10 Jul 2018 7:59:25 PM|21071|53661|39.27|Uncommon|Silver
2286|Beat School: Muting Technique|Complete the Beat School level.|4277|10 Jul 2018 7:52:13 PM|21160|53661|39.43|Uncommon|Silver
2286|Beat School: Cuts, Scrapes and Scratches|Complete the Beat School level.|4276|10 Jul 2018 7:51:26 PM|21162|53661|39.44|Uncommon|Silver
2286|Beat School: Roll The Bass Dice|Complete the Beat School level.|4275|10 Jul 2018 7:50:39 PM|21176|53661|39.46|Uncommon|Silver
2286|Beat School: Uh Oh|Complete the Beat School level.|4274|10 Jul 2018 7:50:01 PM|21187|53661|39.48|Uncommon|Silver
2286|Beat School: It's Getting Tense In Here|Complete the Beat School level.|4273|10 Jul 2018 7:49:35 PM|21195|53661|39.5|Uncommon|Silver
2286|Beat School: A Rolling Frolic|Complete the Beat School level.|4272|10 Jul 2018 7:49:04 PM|21199|53661|39.51|Uncommon|Silver
2286|Beat School: Chordaby|Complete the Beat School level.|4271|10 Jul 2018 7:48:11 PM|21212|53661|39.53|Uncommon|Silver
2286|Beat School: Chord Tweak|Complete the Beat School level.|4270|10 Jul 2018 7:47:33 PM|21233|53661|39.57|Uncommon|Silver
2286|Beat School: Lullaby|Complete the Beat School level.|4269|10 Jul 2018 7:47:00 PM|21259|53661|39.62|Uncommon|Silver
2286|Beat School: Hi-Hat Spice (not very spicy)|Complete the Beat School level.|4268|10 Jul 2018 7:46:18 PM|21280|53661|39.66|Uncommon|Silver
2286|Beat School: Tiny Groove|Complete the Beat School level.|4267|10 Jul 2018 7:45:23 PM|21351|53661|39.79|Uncommon|Silver
2286|Beat School: Straight Up|Complete the Beat School level.|4266|10 Jul 2018 7:44:19 PM|21483|53661|40.03|Uncommon|Silver
4295|Firewatch|Completed Day 79|4265|10 Jul 2018 7:33:27 PM|22060|27768|79.44|Common|Gold
4295|"Burn the place down."|Completed Day 77|4264|10 Jul 2018 6:45:41 PM|22409|27768|80.7|Common|Gold
4295|Bee Plot|Got stung by a bee. It happens.|4263|10 Jul 2018 6:22:15 PM|9534|10448|55.97|Common|Bronze
4295|Ol' Shoshone|Listened to the tape of "Ol' Shoshone." Cavorted among the aspens.|4262|10 Jul 2018 4:48:43 PM|4457|10448|26.17|Uncommon|Bronze
4295|The Life and Times of Raccoon Carter|Got attacked by a raccoon; probably didn't get rabies.|4261|10 Jul 2018 4:46:14 PM|5078|10448|29.81|Uncommon|Bronze
4295|"Someone's out here."|Completed Day 76|4260|10 Jul 2018 4:38:46 PM|22774|27768|82.02|Common|Gold
4295|"Back to work."|Completed Day 2|4259|9 Jul 2018 7:54:45 PM|24105|27768|86.81|Common|Silver
4295|Love Turts|Adopted a turtle as a pet. The average lifespan of a box turtle is fifty years. It will outlive you.|4258|9 Jul 2018 7:48:31 PM|7083|10448|41.58|Uncommon|Bronze
4295|Shutter Bug|Filled a disposable camera with photos.|4257|9 Jul 2018 7:32:54 PM|6342|10448|37.23|Uncommon|Bronze
4295|"Good first day."|Completed Day 1|4256|9 Jul 2018 7:11:36 PM|25987|27768|93.59|Common|Bronze
5316|Virginia|I never made decisions. Things always came up and made them for me.|4255|8 Jul 2018 9:25:00 PM|10085|15564|64.8|Common|Platinum
5316|Doam|Bis!|4254|8 Jul 2018 9:25:00 PM|10188|15564|65.46|Common|Gold
5316|Ariadne|Thank you|4253|8 Jul 2018 12:51:41 PM|13477|15564|86.59|Common|Silver
5316|Red Night|There are no passengers on spaceship earth. We are all crew.|4252|8 Jul 2018 12:51:39 PM|13291|15564|85.4|Common|Silver
5316|Benway|The true ship is the ship-builder|4251|8 Jul 2018 12:35:09 PM|10984|15564|70.57|Common|Gold
5316|Dead Road|Along comes the driver, Pulls the little lever. Puff, puff! Chuff, chuff! Off we go!|4250|8 Jul 2018 12:23:11 PM|10530|15564|67.66|Common|Gold
5316|Paris|A bird of the air shall carry the voice, and that which hath wings shall tell the matter|4249|8 Jul 2018 12:22:44 PM|10252|15564|65.87|Common|Gold
5316|Beatrice|Strictly for the birds|4248|8 Jul 2018 12:22:43 PM|12507|15564|80.36|Common|Silver
5316|Fever|To me the meanest flower that blows can give, thoughts that do often lie too deep for tears|4247|8 Jul 2018 12:22:35 PM|10294|15564|66.14|Common|Gold
5316|Toet|Ms. Paul didn't get to be PA to the AD by making a spectacle of herself|4246|8 Jul 2018 12:19:01 PM|10355|15564|66.53|Common|Gold
5316|Lemon|Susan's checked between the booths and under the counter, but where she left it is anyone's guess|4245|8 Jul 2018 12:09:57 PM|10502|15564|67.48|Common|Gold
5316|Ganesha|Orbed is the moon and bright, and the stars they glisten, glisten|4244|8 Jul 2018 12:01:13 PM|10418|15564|66.94|Common|Gold
5316|Iris|Do what you can for Edith Fairfax. A little kindness goes a long way.|4243|8 Jul 2018 11:52:37 AM|10918|15564|70.15|Common|Gold
5316|Mausoleum|Durch die Blume gesprochen|4242|8 Jul 2018 11:41:45 AM|11472|15564|73.71|Common|Silver
5316|Meda|Beta vulgaris|4241|8 Jul 2018 11:41:29 AM|11758|15564|75.55|Common|Silver
5316|Madam|For closers only|4240|8 Jul 2018 11:36:55 AM|14414|15564|92.61|Common|Bronze
5316|Flea|Victories in space and time|4239|8 Jul 2018 11:23:48 AM|11709|15564|75.23|Common|Silver
5316|Aleph|Get your foot off my neck|4238|8 Jul 2018 11:18:25 AM|12267|15564|78.82|Common|Bronze
6030|Totale Brutale|You have unlocked every trick, secret and note that the mansion has to offer.|4237|8 Jul 2018 11:04:04 AM|2563|5139|49.87|Uncommon|Platinum
6030|The Door of Old Habits…|You have unlocked the door to a deep, dark place. Some things never die.|4236|8 Jul 2018 11:04:04 AM|2870|5139|55.85|Common|Gold
6030|The Gang's All Here|You possess every invite sent to every guest. It is a full — if macabre — collection.|4235|8 Jul 2018 11:02:13 AM|2606|5139|50.71|Common|Gold
6030|A Full Deck|You collected every card available within the mansion. Someone will be very pleased …|4234|7 Jul 2018 6:21:17 PM|2574|5139|50.09|Common|Gold
6030|Finding Forever|You spilled the deepest secrets at the heart of the Sexy Brutale.|4233|7 Jul 2018 6:02:13 PM|2858|5139|55.61|Common|Silver
6030|The Tale of the Sexy Brutale|The pieces are in place. But the picture is still not complete…|4232|7 Jul 2018 5:36:14 PM|3111|5139|60.54|Common|Gold
6030|…Into the Fire|You have survived the burning mansion. For some reason, it feels hotter than ever.|4231|7 Jul 2018 5:11:32 PM|3128|5139|60.87|Common|Bronze
6030|The King in Red|You encountered the deep Lord of the mansion. A prison in his own bloodied tears.|4230|7 Jul 2018 12:26:46 PM|3135|5139|61.0|Common|Gold
6030|Out of the Frying Pan…|You saved Aurum and Thanos. The secrets of the mansion are yours to learn.|4229|7 Jul 2018 12:03:11 PM|3156|5139|61.41|Common|Gold
6030|The Light Fantastic|You smashed a priceless chandelier with your voice. Vandalism!|4228|7 Jul 2018 11:34:17 AM|3221|5139|62.68|Common|Bronze
6030|Stories and Studies of Strange Things|You discovered the library. What secrets does it hide?|4227|7 Jul 2018 11:28:29 AM|3229|5139|62.83|Common|Silver
6030|How Scenical! How Scenical!|You discovered the mansion grounds. A beautiful, terrible sight.|4226|7 Jul 2018 11:26:56 AM|3212|5139|62.5|Common|Silver
6030|An Electric Performance!|You saved Greyson and Redd. The locks of the mansion open for you.|4225|7 Jul 2018 11:15:59 AM|3263|5139|63.49|Common|Gold
2286|Campaign Complete|Complete all Campaign levels.|4224|6 Jul 2018 8:16:45 PM|24485|53661|45.63|Uncommon|Gold
6030|A (Stylish) Sense of Dread|You have encountered a chilling figure in the heart of the mansion.|4223|6 Jul 2018 7:45:10 PM|3335|5139|64.9|Common|Bronze
6030|Tequila, Down the Hatch|You saved Tequila Belle. Glass shatters at your word.|4222|6 Jul 2018 7:43:07 PM|3337|5139|64.93|Common|Silver
6030|The Devil and the Blue|You saved Willow Blue. You can see things that should remain unseen.|4221|6 Jul 2018 7:26:34 PM|3490|5139|67.91|Common|Silver
6030|To Defeat the Spider's Curse…|You saved Trinity and Clay. The quietest of sounds are clear to you.|4220|6 Jul 2018 6:34:44 PM|4028|5139|78.38|Common|Gold
6030|Sixpence None the Wiser|You saved Reginald Sixpence. The mansion clocks are yours to command.|4219|6 Jul 2018 6:21:34 PM|4645|5139|90.39|Common|Silver
6030|The End of the Beginning|You saw everything the Bloody Girl has to show you. Time to get to work.|4218|6 Jul 2018 6:11:40 PM|4959|5139|96.5|Common|Bronze
6988|Head Over Here|Collect 250 Metal Head Skull Gems|4217|5 Jul 2018 6:48:44 PM|4137|6282|65.85|Common|Gold
6988|The Orbiter of Faith|Collect 50 Precursor Orbs|4216|5 Jul 2018 6:48:44 PM|4171|6282|66.4|Common|Bronze
6988|My Head Hurts|Collect 125 Metal Head Skull Gems|4215|5 Jul 2018 6:48:01 PM|4469|6282|71.14|Common|Silver
6988|Oh My Head|Collect 25 Metal Head Skull Gems|4214|5 Jul 2018 6:38:49 PM|4963|6282|79.0|Common|Bronze
3000|The Walking Dead|Earn all trophies in: "The Walking Dead"|4213|4 Jul 2018 7:28:33 PM|67462|92081|73.26|Common|Platinum
3000|What Remains|Complete Episode 5: "No Time Left"|4212|4 Jul 2018 7:28:33 PM|67793|92081|73.62|Common|Gold
3000|Stay Close To Me|Complete chapter 7 of episode 5.|4211|4 Jul 2018 7:16:03 PM|67891|92081|73.73|Common|Silver
3000|What's in the bag?|Complete chapter 6 of episode 5.|4210|4 Jul 2018 7:14:33 PM|67895|92081|73.73|Common|Bronze
3000|The Marsh House|Complete chapter 5 of episode 5.|4209|4 Jul 2018 7:00:14 PM|67917|92081|73.76|Common|Bronze
3000|Mercy|Complete chapter 4 of episode 5.|4208|4 Jul 2018 6:54:55 PM|67938|92081|73.78|Common|Bronze
3000|There Ain't No Way|Complete chapter 3 of episode 5.|4207|4 Jul 2018 6:47:16 PM|67983|92081|73.83|Common|Bronze
3000|Twice Shy|Complete chapter 2 of episode 5.|4206|4 Jul 2018 6:37:50 PM|68007|92081|73.86|Common|Bronze
3000|Into The Fire|Complete chapter 1 of episode 5.|4205|4 Jul 2018 6:24:37 PM|68069|92081|73.92|Common|Bronze
5646|Cure-All|You've cured yourself of Swamp Fever!|4204|3 Jul 2018 8:25:20 PM|8469|65330|12.96|Rare|Gold
5646|Giga Rider|You rode on the back of a Giganotosaurus!|4203|3 Jul 2018 8:21:17 PM|17199|65330|26.33|Uncommon|Silver
5646|Maximum Survivor|You reached the Maximum Survivor Level!|4202|3 Jul 2018 8:18:55 PM|21999|65330|33.67|Uncommon|Silver
5646|Maximum Dinosaur|One of your Dinosaur's reached Maximum Level!|4201|3 Jul 2018 8:00:25 PM|17681|65330|27.06|Uncommon|Silver
5646|Rex Rider|You rode on the back of a T-Rex!|4200|3 Jul 2018 7:56:27 PM|29311|65330|44.87|Uncommon|Silver
5646|Your first Dino...|You Tamed a Dinosaur!|4199|3 Jul 2018 7:54:52 PM|45271|65330|69.3|Common|Bronze
5646|Alpha Ascension|You Ascended off the ARK, at Alpha level!|4198|3 Jul 2018 7:51:56 PM|4632|9145|18.95|Rare|Gold
5646|Beta Ascension|You Ascended off the ARK, at Beta level!|4197|3 Jul 2018 7:50:20 PM|7763|9145|31.76|Uncommon|Silver
5646|Gamma Ascension|You Ascended off the ARK, at Gamma level!|4196|3 Jul 2018 7:47:46 PM|5365|9145|21.95|Uncommon|Bronze
3000|Penultimate|Complete Episode 4: "Around Every Corner"|4195|3 Jul 2018 7:25:03 PM|68220|92081|74.09|Common|Gold
3000|The Morning After|Complete chapter 7 of episode 4.|4194|3 Jul 2018 7:21:22 PM|68251|92081|74.12|Common|Bronze
3000|For Whom The Bell Tolls|Complete chapter 6 of episode 4.|4193|3 Jul 2018 7:13:22 PM|68277|92081|74.15|Common|Bronze
3000|Georgia's Last City|Complete chapter 5 of episode 4.|4192|3 Jul 2018 6:05:25 PM|69019|92081|74.95|Common|Silver
3000|Bedside Manor|Complete chapter 4 of episode 4.|4191|2 Jul 2018 7:54:36 PM|69151|92081|75.1|Common|Bronze
3000|Support Group|Complete chapter 3 of episode 4.|4190|2 Jul 2018 7:48:34 PM|69216|92081|75.17|Common|Bronze
3000|Down By The River|Complete chapter 2 of episode 4.|4189|2 Jul 2018 7:37:33 PM|69387|92081|75.35|Common|Bronze
3000|Georgia's First City|Complete chapter 1 of episode 4.|4188|2 Jul 2018 7:02:21 PM|69826|92081|75.83|Common|Bronze
3000|Lend Me Your Ears|Complete Episode 3: "Long Road Ahead"|4187|2 Jul 2018 6:51:16 PM|70615|92081|76.69|Common|Gold
3000|Look Behind You|Complete chapter 7 of episode 3.|4186|2 Jul 2018 6:46:17 PM|70636|92081|76.71|Common|Bronze
3000|Unexpected Delay|Complete chapter 6 of episode 3.|4185|2 Jul 2018 6:31:31 PM|71048|92081|77.16|Common|Silver
3000|Handle It|Complete chapter 5 of episode 3.|4184|1 Jul 2018 7:40:33 PM|71281|92081|77.41|Common|Bronze
3000|What now?|Complete chapter 4 of episode 3.|4183|1 Jul 2018 7:10:34 PM|71784|92081|77.96|Common|Bronze
3000|Hit The Road|Complete chapter 3 of episode 3.|4182|1 Jul 2018 7:00:29 PM|71871|92081|78.05|Common|Bronze
3000|Bad Blood|Complete chapter 2 of episode 3.|4181|1 Jul 2018 5:49:21 PM|72327|92081|78.55|Common|Bronze
3000|Goodbye, She Quietly Says|Complete chapter 1 of episode 3.|4180|1 Jul 2018 5:42:36 PM|72409|92081|78.64|Common|Bronze
6455|Energy Cycle Platinum|Good job! Completed all tasks!|4179|1 Jul 2018 12:03:15 PM|6867|7155|95.97|Common|Platinum
6455|Time Attack Layer #30|Passed through layer #30 in Time Attack mode|4178|1 Jul 2018 12:03:15 PM|6943|7155|97.04|Common|Gold
6455|Time Attack Layer #20|Passed through layer #20 in Time Attack mode|4177|1 Jul 2018 12:03:09 PM|6948|7155|97.11|Common|Gold
6455|Time Attack Layer #10|Passed through layer #10 in Time Attack mode|4176|1 Jul 2018 12:03:03 PM|6979|7155|97.54|Common|Silver
6455|Game Completed|Energy Cycle is complete|4175|1 Jul 2018 12:01:15 PM|6904|7155|96.49|Common|Gold
6455|Level 27 Completed|Part of the cycle is complete|4174|1 Jul 2018 12:00:48 PM|6910|7155|96.58|Common|Gold
6455|Level 24 Completed|Part of the cycle is complete|4173|1 Jul 2018 11:59:36 AM|6913|7155|96.62|Common|Gold
6455|Level 21 Completed|Part of the cycle is complete|4172|1 Jul 2018 11:58:08 AM|6919|7155|96.7|Common|Gold
6455|Level 18 Completed|Part of the cycle is complete|4171|1 Jul 2018 11:56:56 AM|6926|7155|96.8|Common|Silver
6455|Level 15 Completed|Part of the cycle is complete|4170|1 Jul 2018 11:55:34 AM|6928|7155|96.83|Common|Silver
6455|Level 12 Completed|Part of the cycle is complete|4169|1 Jul 2018 11:54:35 AM|6933|7155|96.9|Common|Silver
6455|Level 9 Completed|Part of the cycle is complete|4168|1 Jul 2018 11:53:07 AM|6955|7155|97.2|Common|Bronze
6455|Level 6 Completed|Part of the cycle is complete|4167|1 Jul 2018 11:50:31 AM|6985|7155|97.62|Common|Bronze
6455|Level 3 Completed|Part of the cycle is complete|4166|1 Jul 2018 11:49:19 AM|7034|7155|98.31|Common|Bronze
6455|Infinity Layer #50|Passed through layer #50 in Infinite Play mode|4165|1 Jul 2018 11:45:13 AM|6938|7155|96.97|Common|Gold
6455|Infinity Layer #40|Passed through layer #40 in Infinite Play mode|4164|1 Jul 2018 11:45:07 AM|6938|7155|96.97|Common|Gold
6455|Infinity Layer #30|Passed through layer #30 in Infinite Play mode|4163|1 Jul 2018 11:45:01 AM|6940|7155|97.0|Common|Silver
6455|Infinity Layer #20|Passed through layer #20 in Infinite Play mode|4162|1 Jul 2018 11:44:55 AM|6949|7155|97.12|Common|Silver
6455|Infinity Layer #10|Passed through layer #10 in Infinite Play mode|4161|1 Jul 2018 11:44:49 AM|6976|7155|97.5|Common|Bronze
6015|I am the glorious Mr. Massagy!|Unlock all the trophies!|4160|1 Jul 2018 11:42:25 AM|10744|11109|96.71|Common|Platinum
6015|Bytes all over you!|Get a massagy with S.O.N.I.A.|4159|1 Jul 2018 11:42:25 AM|10771|11109|96.96|Common|Gold
6015|Hackerbruh!|Get three stars with S.O.N.I.A|4158|1 Jul 2018 11:41:26 AM|10771|11109|96.96|Common|Gold
6015|Poking around|Tap the Mayonnaise|4157|1 Jul 2018 11:37:45 AM|10836|11109|97.54|Common|Bronze
6015|You'll be alone forever...|Fail 20 dates.|4156|1 Jul 2018 11:36:59 AM|10780|11109|97.04|Common|Gold
6015|Yo, where's your mojo?|Fail 10 dates.|4155|1 Jul 2018 11:35:25 AM|10811|11109|97.32|Common|Bronze
6015|You win some, you lose some!|Fail 5 dates.|4154|1 Jul 2018 11:34:29 AM|10882|11109|97.96|Common|Bronze
6015|Duck killed!|Get killed by Nicole|4153|1 Jul 2018 11:32:13 AM|10895|11109|98.07|Common|Silver
6015|Average Joe|Finish with a two-star date 5 times with any character.|4152|1 Jul 2018 11:30:43 AM|10873|11109|97.88|Common|Bronze
6015|Proud of your job!|Discover Johnny's true job in Sarah's date.|4151|1 Jul 2018 11:29:05 AM|10765|11109|96.9|Common|Silver
6015|That's… a lot of toys|Get a massagy with Sarah|4150|1 Jul 2018 11:27:44 AM|10843|11109|97.61|Common|Bronze
6015|Expert Datemeister|Date all dates!|4149|1 Jul 2018 11:27:39 AM|10816|11109|97.36|Common|Bronze
6015|Smooth Criminal|Get three stars with all dates!|4148|1 Jul 2018 11:27:38 AM|10774|11109|96.98|Common|Gold
6015|Sugar daddy time!|Get three stars with Sarah|4147|1 Jul 2018 11:27:37 AM|10848|11109|97.65|Common|Silver
6015|How does this even work?|Get a massagy with Papu-Aiye|4146|1 Jul 2018 11:24:56 AM|10820|11109|97.4|Common|Bronze
6015|Real people are overrated|Get three stars with Papu-Aiye|4145|1 Jul 2018 11:24:52 AM|10803|11109|97.25|Common|Silver
6015|Who you gonna massage?|Get a massagy with Anne|4144|1 Jul 2018 11:22:43 AM|10826|11109|97.45|Common|Bronze
6015|I hope that's ectoplasm|Get three stars with Anne|4143|1 Jul 2018 11:22:38 AM|10808|11109|97.29|Common|Silver
6015|What a dairy experience|Get a massagy with Dorothy|4142|1 Jul 2018 11:20:31 AM|10842|11109|97.6|Common|Bronze
6015|Moooossagy!|Get three stars with Dorothy|4141|1 Jul 2018 11:20:28 AM|10827|11109|97.46|Common|Silver
6015|It hurts so gooood...|Get a massagy with Janein|4140|1 Jul 2018 11:19:03 AM|10890|11109|98.03|Common|Bronze
6015|Don't put your massage in crazy, man|Get three stars with Janein|4139|1 Jul 2018 11:18:56 AM|10819|11109|97.39|Common|Silver
6015|Slippery everywhere|Get a massagy with Mayo|4138|1 Jul 2018 11:17:11 AM|10864|11109|97.79|Common|Bronze
6015|Watch the cholesterol|Get three stars with Mayo|4137|1 Jul 2018 11:17:07 AM|10872|11109|97.87|Common|Silver
6015|Gotta love these app features|Get a massagy with Martha|4136|1 Jul 2018 11:15:26 AM|10867|11109|97.82|Common|Bronze
6015|Mother trucker!|Get three stars with Martha|4135|1 Jul 2018 11:15:20 AM|10819|11109|97.39|Common|Silver
6015|Careful with the claws|Get a massagy with Nicole|4134|1 Jul 2018 11:14:10 AM|10954|11109|98.6|Common|Bronze
6015|Awoo!|Get three stars with Nicole|4133|1 Jul 2018 11:14:06 AM|10840|11109|97.58|Common|Silver
6015|You beat the Tuto-Rial!|Get three stars with Rial|4132|1 Jul 2018 11:12:41 AM|10938|11109|98.46|Common|Silver
6015|Tutorial with a happy ending|Get a massagy with Rial|4131|1 Jul 2018 11:11:28 AM|11021|11109|99.21|Common|Bronze
6015|It's something...|Get two stars in any date.|4130|1 Jul 2018 11:11:22 AM|11005|11109|99.06|Common|Silver
6015|You blew it!|Fail any date|4129|1 Jul 2018 11:10:26 AM|11025|11109|99.24|Common|Bronze
6015|Moooom! Somebody likes me!|Match a date on Linger|4128|1 Jul 2018 11:09:45 AM|11059|11109|99.55|Common|Gold
6015|Nope!|Reject a date on Linger!|4127|1 Jul 2018 11:09:40 AM|11055|11109|99.51|Common|Bronze
7435|Hooah|In it for life.|4126|1 Jul 2018 11:07:20 AM|12967|13157|98.56|Common|Platinum
7435|Sergeant Major|I majored in sargeantology.|4125|1 Jul 2018 11:07:20 AM|12967|13157|98.56|Common|Gold
7435|Master Sergeant|Call me master.|4124|1 Jul 2018 11:07:14 AM|12969|13157|98.57|Common|Gold
7435|Staff Sergeant|Staffing up.|4123|1 Jul 2018 11:07:12 AM|12973|13157|98.6|Common|Gold
7435|Sergeant First Class|Call me sarge.|4122|1 Jul 2018 11:07:12 AM|12970|13157|98.58|Common|Gold
7435|Sergeant|Don't call me sarge.|4121|1 Jul 2018 11:07:11 AM|12977|13157|98.63|Common|Gold
7435|Corporal|Corporal diem.|4120|1 Jul 2018 11:07:05 AM|12979|13157|98.65|Common|Gold
7435|Private 2nd Class|Second comes first.|4119|1 Jul 2018 11:07:03 AM|12990|13157|98.73|Common|Gold
7435|Private 1st Class|First at bat.|4118|1 Jul 2018 11:07:03 AM|12983|13157|98.68|Common|Gold
7435|Specialist|Well isn't that special.|4117|1 Jul 2018 11:07:03 AM|12980|13157|98.65|Common|Gold
7435|Boot Camp|Settle in, buttercup.|4116|1 Jul 2018 11:07:02 AM|12997|13157|98.78|Common|Silver
7435|Deployed|See the world, they said.|4115|1 Jul 2018 11:07:02 AM|12995|13157|98.77|Common|Gold
7435|Private|Everybody starts somewhere.|4114|1 Jul 2018 11:07:02 AM|12992|13157|98.75|Common|Gold
7435|Drafted|We are soldiers now.|4113|1 Jul 2018 11:07:01 AM|13000|13157|98.81|Common|Silver
6988|Taking Him Down|Destroy Final Boss|4112|1 Jul 2018 11:01:27 AM|4258|6282|67.78|Common|Gold
6988|They Were Ruined Anyway|Break through Ruins|4111|1 Jul 2018 11:00:24 AM|4305|6282|68.53|Common|Bronze
6988|Plasma Ball|Destroy Dark Ship|4110|1 Jul 2018 11:00:24 AM|4292|6282|68.32|Common|Bronze
6988|Dude in Distress|Rescue Seem at Temple|4109|1 Jul 2018 11:00:23 AM|4371|6282|69.58|Common|Bronze
6988|Shoot 'em High|Defend Spargus from Attack|4108|1 Jul 2018 11:00:23 AM|4362|6282|69.44|Common|Bronze
6988|Clear Vision|Activate Astro-Viewer in Forest|4107|1 Jul 2018 11:00:23 AM|4347|6282|69.2|Common|Bronze
6988|Shields are Down|Destroy Dark Ship Shield|4106|1 Jul 2018 11:00:23 AM|4341|6282|69.1|Common|Bronze
6988|Big Tower Fall Down|Destroy Metal Head Tower|4105|1 Jul 2018 11:00:23 AM|4325|6282|68.85|Common|Silver
6988|Duck and Dodge|Reach Catacombs via Palace Ruins|4104|1 Jul 2018 11:00:23 AM|4308|6282|68.58|Common|Bronze
6988|Empty Nesters|Destroy Metal-pedes in Nest|4103|1 Jul 2018 11:00:22 AM|4475|6282|71.24|Common|Bronze
6988|The Masked Marauders|Take Out Marauder Stronghold|4102|1 Jul 2018 11:00:22 AM|4477|6282|71.27|Common|Silver
6988|I Want to Destroy!|Destroy War Factory Defenses|4101|1 Jul 2018 11:00:22 AM|4400|6282|70.04|Common|Bronze
6988|Batter the Boss|Beat Cyber-Errol Boss|4100|1 Jul 2018 11:00:22 AM|4396|6282|69.98|Common|Silver
6988|Gate Crasher Masher|Defend Spargus' Front Gate|4099|1 Jul 2018 11:00:18 AM|4484|6282|71.38|Common|Bronze
6988|Zoom Zoom|Race for More Artifacts|4098|1 Jul 2018 11:00:17 AM|4503|6282|71.68|Common|Bronze
6988|Switcheroo|Find Switch in Sewers|4097|1 Jul 2018 11:00:17 AM|4445|6282|70.76|Common|Bronze
6988|The Best Defense|Defend HQ from Attack|4096|1 Jul 2018 11:00:16 AM|4464|6282|71.06|Common|Bronze
6988|Hi Jak!|Hijack Eco Vehicle|4095|1 Jul 2018 11:00:15 AM|4538|6282|72.24|Common|Bronze
6988|Port to Starboard|Defend Port from Attack|4094|1 Jul 2018 11:00:15 AM|4539|6282|72.25|Common|Silver
6988|Blam!|Break Barrier with Blast Bot|4093|1 Jul 2018 11:00:15 AM|4501|6282|71.65|Common|Bronze
6988|Tanks for the Mammaries|Destroy Dark Eco Tanks|4092|1 Jul 2018 11:00:14 AM|4594|6282|73.13|Common|Bronze
6988|Black Thumb Too|Kill Dark Plants in Forest|4091|1 Jul 2018 11:00:14 AM|4582|6282|72.94|Common|Bronze
6988|Can Can Cannon|Destroy Sniper Cannons|4090|1 Jul 2018 11:00:13 AM|4644|6282|73.93|Common|Silver
6988|Swimming Hole|Reach Metal Head Area via Sewer|4089|1 Jul 2018 11:00:13 AM|4601|6282|73.24|Common|Bronze
6988|Boom Bada Boom|Destroy Incoming Blast Bots|4088|1 Jul 2018 11:00:12 AM|4699|6282|74.8|Common|Bronze
6988|Swamp Gas|Reach Port via Sewer|4087|1 Jul 2018 11:00:11 AM|4716|6282|75.07|Common|Bronze
6988|Bossing the Bot Boss|Defeat Veger's Precursor Robot|4086|1 Jul 2018 11:00:10 AM|4760|6282|75.77|Common|Silver
6988|Bombs on a Train|Escort Bomb Train|4085|1 Jul 2018 11:00:08 AM|4769|6282|75.92|Common|Bronze
6988|Ex-plorer|Explore Eco Mine|4084|1 Jul 2018 11:00:07 AM|4775|6282|76.01|Common|Bronze
6988|Is It Hot in Here?|Hang Glide to Volcano|4083|1 Jul 2018 11:00:06 AM|5007|6282|79.7|Common|Bronze
6988|Hot Babe|Defend Ashelin at Oasis|4082|1 Jul 2018 11:00:06 AM|4834|6282|76.95|Common|Bronze
6988|Railing at the Wind|Travel through Catacomb Subrails|4081|1 Jul 2018 11:00:06 AM|4794|6282|76.31|Common|Bronze
6988|World Wild Fight|Defeat Marauders in Arena|4080|1 Jul 2018 11:00:05 AM|4890|6282|77.84|Common|Bronze
6988|Crunched|Destroy Eggs in Nest|4079|1 Jul 2018 11:00:05 AM|4855|6282|77.28|Common|Bronze
6988|The Beast Beater|Destroy Metal Head Beasts|4078|1 Jul 2018 11:00:04 AM|5151|6282|82.0|Common|Bronze
6988|Yippie Ki-Yay|Corral Wild Leapers|4077|1 Jul 2018 11:00:04 AM|5058|6282|80.52|Common|Bronze
6988|Do Gooder|Rescue Wastelanders|4076|1 Jul 2018 11:00:04 AM|4918|6282|78.29|Common|Silver
6988|Beat It|Beat Kleiver in Desert Race|4075|1 Jul 2018 11:00:03 AM|5328|6282|84.81|Common|Bronze
6988|Art or Facts?|Race for Artifacts|4074|1 Jul 2018 11:00:03 AM|5279|6282|84.03|Common|Bronze
6988|I Smell A Rat|Catch Kanga-Rats|4073|1 Jul 2018 11:00:02 AM|5553|6282|88.4|Common|Bronze
6987|Done Done Done|For excellent and dedicated field work in the field of battle for completion|4072|1 Jul 2018 10:48:52 AM|5838|10035|58.18|Common|Platinum
6987|Pedal to the Metal|Destroy Metal Kor at Nest|4071|1 Jul 2018 10:48:52 AM|6690|10035|66.67|Common|Gold
6987|Head Over Heels|Collect 50 Metal Head Skull Gems|4070|1 Jul 2018 10:48:29 AM|7928|10035|79.0|Common|Bronze
6987|Head Cheese|Collect 250 Metal Head Skull Gems|4069|1 Jul 2018 10:48:29 AM|7433|10035|74.07|Common|Silver
6987|Head Master|Collect 510 Metal Head Skull Gems|4068|1 Jul 2018 10:48:29 AM|6483|10035|64.6|Common|Gold
6987|The Collectationator!|Collect 286 Precursor Orbs|4067|1 Jul 2018 10:48:29 AM|5878|10035|58.57|Common|Gold
6987|The Collectivist|Collect 125 Precursor Orbs|4066|1 Jul 2018 10:48:22 AM|6074|10035|60.53|Common|Silver
6987|The Collector|Collect 25 Precursor Orbs|4065|1 Jul 2018 10:48:21 AM|7432|10035|74.06|Common|Bronze
6987|Heavy Distortion|Attack the Metal Head Nest|4064|1 Jul 2018 10:48:12 AM|6738|10035|67.14|Common|Bronze
6987|Who Knew Krew Blew?|Beat Krew in Weapons Lab|4063|1 Jul 2018 10:48:11 AM|6766|10035|67.42|Common|Silver
6987|Finders Keepers|Find Sig in Underport|4062|1 Jul 2018 10:48:11 AM|6754|10035|67.3|Common|Bronze
6987|I Heart Heart|Get Heart of Mar in Weapons Lab|4061|1 Jul 2018 10:48:05 AM|6766|10035|67.42|Common|Bronze
6987|Timber!|Destroy Drill Platform Tower|4060|1 Jul 2018 10:48:04 AM|6791|10035|67.67|Common|Bronze
6987|Speed Speedily|Win Class 1 Race in Stadium|4059|1 Jul 2018 10:48:04 AM|6780|10035|67.56|Common|Gold
6987|Testosterone|Pass the Tests of Manhood|4058|1 Jul 2018 10:48:01 AM|6981|10035|69.57|Common|Silver
6987|Grin and Baron It|Defeat Baron in Mar's Tomb|4057|1 Jul 2018 10:48:01 AM|6972|10035|69.48|Common|Silver
6987|We're All Friends Here|Rescue Friends at Fortress|4056|1 Jul 2018 10:48:01 AM|6941|10035|69.17|Common|Bronze
6987|Bot Bot Boom Boom|Protect Hideout from Bomb Bots|4055|1 Jul 2018 10:48:01 AM|6886|10035|68.62|Common|Bronze
6987|Speed Quicker|Win Class 2 Race at Stadium|4054|1 Jul 2018 10:48:01 AM|6901|10035|68.77|Common|Silver
6987|What's That Smell?|Escort Men Through Sewers|4053|1 Jul 2018 10:48:01 AM|6888|10035|68.64|Common|Bronze
6987|Speeding Slowly|Win Class 3 Race at Stadium|4052|1 Jul 2018 10:48:00 AM|7176|10035|71.51|Common|Bronze
6987|Strip Mine, Not Yours|Blow up Strip Mine in Eco Wells|4051|1 Jul 2018 10:48:00 AM|7249|10035|72.24|Common|Bronze
6987|Sunken Ship|Destroy Ship at Drill Platform|4050|1 Jul 2018 10:48:00 AM|7190|10035|71.65|Common|Bronze
6987|Clap Hands|Get Seal Piece at Dig|4049|1 Jul 2018 10:48:00 AM|7119|10035|70.94|Common|Silver
6987|Doggin' the Hellcats|Destroy 5 Hellcat Cruisers|4048|1 Jul 2018 10:48:00 AM|7054|10035|70.29|Common|Bronze
6987|No Man is a Canyon|Use Items in No Man's Canyon|4047|1 Jul 2018 10:48:00 AM|7004|10035|69.8|Common|Bronze
6987|Scout's Honor|Catch Scouts in Haven Forest|4046|1 Jul 2018 10:47:57 AM|7442|10035|74.16|Common|Bronze
6987|Kersplash!|Destroy Equipment at Dig|4045|1 Jul 2018 10:47:57 AM|7294|10035|72.69|Common|Bronze
6987|Over Easy|Destroy Eggs at Drill Platform|4044|1 Jul 2018 10:47:56 AM|7800|10035|77.73|Common|Silver
6987|Cha-ching|Collect Money for Krew|4043|1 Jul 2018 10:47:56 AM|7770|10035|77.43|Common|Bronze
6987|More Power to You|Turn on 5 Power Switches|4042|1 Jul 2018 10:47:56 AM|7626|10035|75.99|Common|Bronze
6987|Skip the Stairs|Ride Elevator up to Palace|4041|1 Jul 2018 10:47:56 AM|7595|10035|75.69|Common|Bronze
6987|Don't Let Him Get Away|Defeat Baron at Palace|4040|1 Jul 2018 10:47:56 AM|7581|10035|75.55|Common|Silver
6987|Just the Artifacts Ma'am|Find 3 Artifacts in Mountain Temple|4039|1 Jul 2018 10:47:55 AM|7602|10035|75.75|Common|Bronze
6987|Lost and Found|Find Pumping Station Patrol|4038|1 Jul 2018 10:47:54 AM|7784|10035|77.57|Common|Silver
6987|Stripped Down|Rescue Vin at Strip Mine|4037|1 Jul 2018 10:47:51 AM|7938|10035|79.1|Common|Bronze
6987|Turrets Syndrome|Destroy Turrets in Sewers|4036|1 Jul 2018 10:47:50 AM|8208|10035|81.79|Common|Bronze
6987|Signature Moves|Protect Sig at Pumping Station|4035|1 Jul 2018 10:47:48 AM|8337|10035|83.08|Common|Bronze
6987|Kaboom!|Blow up Ammo at Fortress|4034|1 Jul 2018 10:47:47 AM|8748|10035|87.17|Common|Bronze
6987|Dead and Gone|Retrieve Banner from Dead Town|4033|1 Jul 2018 10:47:46 AM|9249|10035|92.17|Common|Bronze
6987|Poor Kid|Protect Kor and Kid|4032|1 Jul 2018 10:47:45 AM|9499|10035|94.66|Common|Bronze
6498|Maximum Power!|Collect 101 Power Cells|4031|1 Jul 2018 10:32:56 AM|10147|26912|37.7|Uncommon|Gold
6498|Kerblamm!|Destroy the Dark Eco Crystals|4030|1 Jul 2018 10:32:50 AM|10862|26912|40.36|Uncommon|Silver
6498|Set Me Free Already!|Free the Green Sage|4029|1 Jul 2018 10:12:14 AM|10858|26912|40.35|Uncommon|Bronze
6498|Set Me Free!|Free the Red Sage|4028|1 Jul 2018 10:12:13 AM|10855|26912|40.34|Uncommon|Bronze
6498|Hey, Set Me Free!|Free the Yellow Sage|4027|1 Jul 2018 10:12:13 AM|10892|26912|40.47|Uncommon|Bronze
6498|No, Set Me Free!|Free the Blue Sage|4026|1 Jul 2018 10:12:12 AM|10865|26912|40.37|Uncommon|Bronze
6498|It's Dark in Here|Survive the Lurker Infested Cave|4025|1 Jul 2018 10:11:58 AM|11209|26912|41.65|Uncommon|Bronze
6498|Zoom, Zoom, Zoom!|Reach the End of the Lava Tube|4024|1 Jul 2018 10:11:58 AM|11038|26912|41.02|Uncommon|Bronze
6498|Zoom Zoom!|Reach the End of the Mountain Pass|4023|1 Jul 2018 10:11:57 AM|12281|26912|45.63|Uncommon|Bronze
6498|It's Cold Out Here|Stop the 3 Lurker Glacier Troops|4022|1 Jul 2018 10:11:57 AM|11099|26912|41.24|Uncommon|Silver
6498|De-Klawwed|Defeat Klaww|4021|1 Jul 2018 10:11:56 AM|12342|26912|45.86|Uncommon|Silver
6498|I Got The Blues|Navigate the Blue Precursor Rings|4020|1 Jul 2018 10:11:49 AM|11776|26912|43.76|Uncommon|Bronze
6498|Purple Pain|Navigate the Purple Precursor Rings|4019|1 Jul 2018 10:11:47 AM|12973|26912|48.21|Uncommon|Bronze
6498|Green Thumb|Cure Dark Eco Infected Plants|4018|1 Jul 2018 10:11:46 AM|12400|26912|46.08|Uncommon|Silver
6498|Catch as Catch Can|Catch the Flying Lurkers|4017|1 Jul 2018 10:11:45 AM|12439|26912|46.22|Uncommon|Silver
6498|Speedy Fast|Beat the Record Time on the Gorge|4016|1 Jul 2018 10:11:45 AM|12366|26912|45.95|Uncommon|Silver
6498|Twist and Shout|Defeat the Lurker Ambush|4015|1 Jul 2018 10:11:45 AM|12212|26912|45.38|Uncommon|Bronze
6498|Hungry?|Protect Farthy's Snacks|4014|1 Jul 2018 10:11:38 AM|12284|26912|45.65|Uncommon|Bronze
6498|Power Chords|Collect 50 Power Cells|4013|1 Jul 2018 10:11:38 AM|12426|26912|46.17|Uncommon|Silver
6498|Pop Goes the Lurker|Destroy the Balloon Lurkers|4012|1 Jul 2018 10:11:33 AM|12906|26912|47.96|Uncommon|Bronze
6498|Tonight's Featured Event|Defeat Lurker Ambush in Arena|4011|1 Jul 2018 10:11:33 AM|13491|26912|50.13|Common|Bronze
6498|Zoom!|Reach the End of Fire Canyon|4010|1 Jul 2018 10:11:33 AM|14472|26912|53.78|Common|Bronze
6498|Power Lunch|Collect 25 Power Cells|4009|1 Jul 2018 10:11:22 AM|14337|26912|53.27|Common|Bronze
6498|Black Thumb|Defeat the Dark Eco Plant|4008|1 Jul 2018 10:11:21 AM|15221|26912|56.56|Common|Silver
6498|Shiny Happy Steeples|Connect the Eco Beams|4007|1 Jul 2018 10:11:21 AM|14207|26912|52.79|Common|Silver
6498|Hand Over Fish|Catch 200 Pounds of Fish|4006|1 Jul 2018 10:11:21 AM|15427|26912|57.32|Common|Bronze
6498|Gimmee That!|Get the Power Cell from the Pelican|4005|1 Jul 2018 10:11:14 AM|16953|26912|62.99|Common|Bronze
6498|Eggs Over Hard|Push the Flut Flut Egg Off the Cliff|4004|1 Jul 2018 10:11:13 AM|17258|26912|64.13|Common|Bronze
6498|Yee Haw!|Herd the Yakows in to their Pen|4003|1 Jul 2018 10:11:10 AM|16785|26912|62.37|Common|Bronze
6498|Open Sez Me|Open the Precursor Door|4002|1 Jul 2018 10:10:37 AM|22052|26912|81.94|Common|Bronze
