6842|Ape Lover|Jess does the right thing|15823|30 Jul 2018 3:14:22 PM|883|1377|64.12|Common|Bronze
6842|Lines in the Sand|Complete Chapter 3|15822|30 Jul 2018 3:07:39 PM|971|1377|70.52|Common|Bronze
6842|Orange is the New Black|Bryn shows wisdom|15821|30 Jul 2018 2:27:16 PM|833|1377|60.49|Common|Silver
6842|Orange Squash|Jess does what's necessary|15820|30 Jul 2018 11:26:50 AM|683|1377|49.6|Uncommon|Bronze
6842|Furball Firestarter|Set an ape on fire|15819|30 Jul 2018 11:08:09 AM|874|1377|63.47|Common|Bronze
6842|Worlds Collide|Complete Chapter 2|15818|29 Jul 2018 4:00:42 PM|1032|1377|74.95|Common|Bronze
6842|Hail to the Chimp|Bryn is his father's son|15817|29 Jul 2018 3:20:34 PM|871|1377|63.25|Common|Silver
6842|Wrath of Khan|Bryn covers up a mistake|15816|29 Jul 2018 2:58:58 PM|705|1377|51.2|Common|Bronze
6842|Two Tribes|Complete Chapter 1|15815|29 Jul 2018 2:42:41 PM|1152|1377|83.66|Common|Bronze
6842|Prologue|Complete Prologue|15814|29 Jul 2018 2:29:59 PM|1253|1377|90.99|Common|Bronze
7419|DLC: Mars: Nick's Story|Complete the game (Host Only).|15813|29 Jul 2018 2:02:40 PM|2246|4125|14.01|Rare|Bronze
7419|DLC: Mars: The Queen is Dead!|Kill all the Queens (Host Only).|15812|29 Jul 2018 1:44:46 PM|2139|4125|13.34|Rare|Silver
7419|DLC: Mars: Mars Second Amendment|Buy 12 weapons.|15811|29 Jul 2018 1:13:27 PM|2033|4125|12.68|Rare|Bronze
7419|DLC: Mars: Martian Journal|Collect all of Larry's notes (Host Only).|15810|29 Jul 2018 1:11:32 PM|1629|4125|10.16|Rare|Gold
7855|Platinum Destronaut|Get all the trophies|15809|28 Jul 2018 8:05:22 AM|1348|1368|98.54|Common|Platinum
7855|Challenge me|Complete 12 challenges|15808|28 Jul 2018 8:05:22 AM|1353|1368|98.9|Common|Gold
7855|Mastering challenges|Complete 6 challenges|15807|28 Jul 2018 7:54:59 AM|1357|1368|99.2|Common|Gold
7855|I like challenges|Complete 3 challenges|15806|28 Jul 2018 7:52:57 AM|1361|1368|99.49|Common|Gold
7855|Up for a challenge|Complete 1 challenge|15805|28 Jul 2018 7:51:22 AM|1362|1368|99.56|Common|Gold
7855|Excellent|Reach to 100K points in Classic Mode|15804|28 Jul 2018 7:50:47 AM|1355|1368|99.05|Common|Gold
7855|Working hard|Reach to 50K points in Classic Mode|15803|28 Jul 2018 7:50:45 AM|1358|1368|99.27|Common|Gold
7855|Well done|Reach to 25K points in Classic Mode|15802|28 Jul 2018 7:50:43 AM|1361|1368|99.49|Common|Gold
7855|Countdown|Reach 10K in Time Attack Mode|15801|28 Jul 2018 7:48:39 AM|1356|1368|99.12|Common|Gold
7855|Saving the galaxy|Reach 1K in Hardcore Mode|15800|28 Jul 2018 7:46:38 AM|1356|1368|99.12|Common|Gold
7855|The whole crew was lost|Die once|15799|28 Jul 2018 7:46:35 AM|1366|1368|99.85|Common|Silver
7855|Persistent|Hit one of the grey enemies|15798|28 Jul 2018 7:45:33 AM|1366|1368|99.85|Common|Gold
7855|Changing weapons|Kill 1 special red enemy|15797|28 Jul 2018 7:45:16 AM|1366|1368|99.85|Common|Gold
7855|Starter|Kill 1 enemy|15796|28 Jul 2018 7:45:04 AM|1366|1368|99.85|Common|Silver
7853|Platinum Destronaut|Get all the trophies|15795|27 Jul 2018 8:44:42 PM|2469|2509|98.41|Common|Platinum
7853|Countdown|Reach 10K in Time Attack Mode|15794|27 Jul 2018 8:44:42 PM|2489|2509|99.2|Common|Gold
7853|Saving the galaxy|Reach 1K in Hardcore Mode|15793|27 Jul 2018 8:42:52 PM|2487|2509|99.12|Common|Gold
7853|Challenge me|Complete 12 challenges|15792|27 Jul 2018 8:42:01 PM|2475|2509|98.64|Common|Gold
7853|Mastering challenges|Complete 6 challenges|15791|27 Jul 2018 8:32:37 PM|2484|2509|99.0|Common|Gold
7853|I like challenges|Complete 3 challenges|15790|27 Jul 2018 8:29:02 PM|2491|2509|99.28|Common|Gold
7853|Up for a challenge|Complete 1 challenge|15789|27 Jul 2018 8:26:01 PM|2500|2509|99.64|Common|Gold
7853|Excellent|Reach to 100K points in Classic Mode|15788|27 Jul 2018 8:16:21 PM|2479|2509|98.8|Common|Gold
7853|Working hard|Reach to 50K points in Classic Mode|15787|27 Jul 2018 8:12:42 PM|2488|2509|99.16|Common|Gold
7853|Well done|Reach to 25K points in Classic Mode|15786|27 Jul 2018 8:12:39 PM|2493|2509|99.36|Common|Gold
7853|The whole crew was lost|Die once|15785|27 Jul 2018 8:12:34 PM|2501|2509|99.68|Common|Silver
7853|Changing weapons|Kill 1 special red enemy|15784|27 Jul 2018 8:09:21 PM|2501|2509|99.68|Common|Gold
7853|Persistent|Hit one of the grey enemies|15783|27 Jul 2018 8:09:20 PM|2502|2509|99.72|Common|Gold
7853|Starter|Kill 1 enemy|15782|27 Jul 2018 8:09:11 PM|2506|2509|99.88|Common|Silver
7364|Smash all 45 Billboards|Awarded when you've smashed through all 45 billboards|15781|27 Jul 2018 8:05:33 PM|2161|5768|26.37|Uncommon|Bronze
7364|Smash 15 Island billboards|Awarded when you smash through your 15th pristine Island billboard|15780|27 Jul 2018 6:31:10 PM|4189|5768|51.11|Common|Bronze
7364|Complete your first Island Tour|Awarded when you successfully complete your first Island tour|15779|27 Jul 2018 6:30:37 PM|3330|5768|40.63|Uncommon|Bronze
7364|Find all events|Awarded when you find all 15 events on Big Surf Island|15778|27 Jul 2018 6:20:48 PM|3821|5768|46.62|Uncommon|Bronze
7364|Complete a 750yd drift inside the Inspiral Car Park|Awarded when you complete a continuous 750yd drift inside the Inspiral car Park|15777|27 Jul 2018 5:51:20 PM|3108|5768|37.92|Uncommon|Bronze
7364|Earn 100% on your Bike License|Awarded when you reach 100% complete on your Bike License.|15776|27 Jul 2018 4:41:30 PM|1567|5571|19.45|Rare|Bronze
7364|Burnout Paradise Elite|Awarded for successfully collecting all trophies from Burnout Paradise|15775|26 Jul 2018 11:19:16 PM|3815|11647|32.76|Uncommon|Platinum
7364|Set 10 Showtime Road Rules|Awarded when you set your 10th Showtime Road Rule.|15774|26 Jul 2018 11:19:16 PM|4736|11647|40.66|Uncommon|Bronze
7364|Earn your 'Burnout' Driving License|Awarded when you receive your 'Burnout' Driving License|15773|26 Jul 2018 10:47:28 PM|4743|11647|40.72|Uncommon|Gold
7364|Drive 750 miles|Awarded when you reach a total car distance driven of 750 miles.|15772|26 Jul 2018 2:59:20 PM|5117|11647|43.93|Uncommon|Silver
7364|Enter a Road Rage in the Carson Inferno Van|Awarded for entering any Offline Road Rage in the Carson Inferno Van.|15771|24 Jul 2018 3:33:52 PM|5112|11647|43.89|Uncommon|Bronze
7364|Shutdown the Carson Inferno Van|Awarded when you "Shutdown" the Carson Inferno Van.|15770|24 Jul 2018 3:16:58 PM|5447|11647|46.77|Uncommon|Bronze
7364|Earn your 'A' Class License|Awarded when you receive your 'A' Class License|15769|24 Jul 2018 12:33:50 PM|5938|11647|50.98|Common|Silver
7364|Score over 50,000 in a Stunt Run|Awarded for scoring over 50,000 in any Offline Stunt Run.|15768|24 Jul 2018 10:19:27 AM|8833|11647|75.84|Common|Silver
7364|Smash 60 Burnout Billboards|Awarded when you smash through your 60th pristine Burnout Billboard|15767|24 Jul 2018 9:23:41 AM|5736|11647|49.25|Uncommon|Gold
2284|HERO|Complete all  Trophies and defeat Scatterflash to be crowned King Putty|15766|23 Jul 2018 10:28:29 PM|1019|5828|17.48|Rare|Platinum
2284|STICK 'EM UP 10 !|Collect all the stickers from the Sticker Book page : Putty Planet Advisor|15765|23 Jul 2018 10:28:29 PM|1028|5828|17.64|Rare|Gold
2284|STICK 'EM UP 9 !|Collect all the stickers from the Sticker Book page : Deadly Dimensions of Dread|15764|23 Jul 2018 10:27:54 PM|1044|5828|17.91|Rare|Gold
2284|STICK 'EM UP 8 !|Collect all the stickers from the Sticker Book page : Wicked Wizards Wastelands|15763|23 Jul 2018 10:05:30 PM|1052|5828|18.05|Rare|Gold
2284|STICK 'EM UP 7 !|Collect all the stickers from the Sticker Book page : Lost Lanes of London|15762|23 Jul 2018 9:33:20 PM|1049|5828|18.0|Rare|Gold
2284|STICK 'EM UP 6 !|Collect all the stickers from the Sticker Book page : Foggy Fortresses of Fear|15761|23 Jul 2018 8:51:43 PM|1051|5828|18.03|Rare|Gold
2284|STICK 'EM UP 5 !|Collect all the stickers from the Sticker Book page : House of Happy Horrors|15760|23 Jul 2018 8:19:56 PM|1055|5828|18.1|Rare|Silver
2284|STICK 'EM UP 4 !|Collect all the stickers from the Sticker Book page : Septic Swamps of Sushi|15759|23 Jul 2018 7:24:32 PM|1077|5828|18.48|Rare|Silver
2284|STICK 'EM UP 3 !|Collect all the stickers from the Sticker Book page : Karmic Kingdoms of Klud|15758|23 Jul 2018 3:45:17 PM|1130|5828|19.39|Rare|Silver
2284|STICK 'EM UP 2 !|Collect all the stickers from the Sticker Book page : Secret Souks of Swat|15757|23 Jul 2018 2:48:10 PM|1228|5828|21.07|Uncommon|Silver
2284|STICK 'EM UP 1 !|Collect all the stickers from the Sticker Book page : Phantom Pharoahs of Phut|15756|22 Jul 2018 11:29:06 PM|1345|5828|23.08|Uncommon|Silver
2284|MAJOR PROBLEM|Save all Red Putties and get to the exit of Level 7.9 : Major Smith's Escape Tunnel in 2:15 or less.|15755|22 Jul 2018 10:49:09 PM|1058|5828|18.15|Rare|Silver
2284|DARK FLOATER|Collect all Stars and finish Level 9.3 : Night Flight in 0:40 or less.|15754|22 Jul 2018 9:05:57 PM|1058|5828|18.15|Rare|Silver
2284|HIGH FLYER|Obtain a 'P' item, then use the POD vehicle to collect a Star.|15753|22 Jul 2018 9:02:14 PM|3383|5828|58.05|Common|Bronze
2284|UP, UP & AWAY|Save all Red Putties and get to the exit of Level 6.1 : Gateway To The North in 1:15 or less.|15752|22 Jul 2018 7:24:07 PM|1086|5828|18.63|Rare|Silver
2284|FUNBELIEVABLE!|Save all Red Putties and get to the exit of Level 5.2 : Fun Land in 1:15 or less.|15751|22 Jul 2018 7:17:11 PM|1100|5828|18.87|Rare|Silver
2284|FAST FOOD|Save all Red Putties and get to the exit of Level 4.4 : Dr Sushi's Dinner Of Fear in 1:52 or less.|15750|22 Jul 2018 6:25:19 PM|1111|5828|19.06|Rare|Silver
7419|DLC: Mars:Bug Squasher|Perform 10 takedowns on Arachnids using the Power Glove.|15749|20 Jul 2018 9:06:21 AM|2083|4125|12.99|Rare|Bronze
7419|DLC: Mars: Slimy Death|Hit 10 Arachnids with Crabmones.|15748|19 Jul 2018 9:58:18 PM|2312|4125|14.42|Rare|Bronze
7419|DLC: Mars: Welcome to Mars|Reboot the Terminal on top of the Control Center Antenna.|15747|19 Jul 2018 8:45:23 PM|4120|4125|25.7|Uncommon|Bronze
2284|GOING UP!|Save all Red Putties and get to the exit of Level 1.5 : Watchtower Of Squirt in 1:45 or less.|15746|18 Jul 2018 7:26:52 PM|1332|5828|22.86|Uncommon|Silver
2284|DON'T STOP MOVING!|Save all Red Putties and get to the exit of Level 3.2 : Fortress Of Klud in 1:30 or less.|15745|18 Jul 2018 7:14:37 PM|1161|5828|19.92|Rare|Silver
2284|WHAT A PITTA|Save all Red Putties and get to the exit of Level 2.1 : Bizarre Bazaar in 1:15 or less.|15744|18 Jul 2018 6:57:51 PM|1383|5828|23.73|Uncommon|Silver
2284|TOMB RAIDER|Save all Red Putties and get to the exit of Level 1.1: Tomb Of King Phut in 1:10 or less.|15743|18 Jul 2018 6:25:47 PM|1647|5828|28.26|Uncommon|Silver
3155|What A Trip!|Complete the game.|15742|17 Jul 2018 10:48:45 PM|2369|7083|33.45|Uncommon|Gold
3155|Mind Over Mind|Complete Mission 11 - Deliverance.|15741|17 Jul 2018 10:45:09 PM|2369|7083|33.45|Uncommon|Silver
3155|What Happened, Happened|Collect all snapshots.|15740|17 Jul 2018 10:22:13 PM|1363|7083|19.24|Rare|Bronze
3155|Crossing The Rubicon|Complete Mission 10 - Faith.|15739|17 Jul 2018 3:25:01 PM|2604|7083|36.76|Uncommon|Silver
3155|Power To The People|Upgrade the shotgun.|15738|17 Jul 2018 3:17:41 PM|2199|7083|31.05|Uncommon|Bronze
3155|The Puppet Master|Collect all Charon's logs.|15737|17 Jul 2018 3:12:34 PM|1496|7083|21.12|Uncommon|Bronze
3155|Horror Stories|Collect all research logs.|15736|17 Jul 2018 2:58:06 PM|1473|7083|20.8|Uncommon|Bronze
3155|Super Sleuth|Collect all lost stories.|15735|17 Jul 2018 2:12:53 PM|1417|7083|20.01|Uncommon|Silver
3155|Bloodsplosion|Kill 10 zombies with close range shotgun blasts.|15734|17 Jul 2018 1:58:15 PM|1790|7083|25.27|Uncommon|Bronze
3155|The Butcher Of Narapela|Kill 10 Butchers.|15733|17 Jul 2018 12:09:10 PM|2638|7083|37.24|Uncommon|Bronze
3155|Card Collector|Collect all postcards.|15732|17 Jul 2018 11:32:03 AM|1608|7083|22.7|Uncommon|Bronze
3155|Showdown|Complete Mission 9 - Father's Day.|15731|17 Jul 2018 11:24:29 AM|2746|7083|38.77|Uncommon|Silver
3155|Mid-Air Mutilation|Kill an airborne Bouncer.|15730|17 Jul 2018 11:05:52 AM|1596|7083|22.53|Uncommon|Bronze
3155|On The Rocks|Complete Mission 8 - Devan.|15729|17 Jul 2018 10:44:09 AM|2817|7083|39.77|Uncommon|Silver
3155|Top Of The Line|Upgrade your melee weapon for the third time. Yeah!|15728|17 Jul 2018 9:57:12 AM|2824|7083|39.87|Uncommon|Bronze
3155|Anchorman|Acquire the grappling hook.|15727|17 Jul 2018 9:42:06 AM|2841|7083|40.11|Uncommon|Bronze
3155|Memorial|Collect all of Ronald's logs|15726|17 Jul 2018 9:38:09 AM|893|1475|27.63|Uncommon|Bronze
3155|Deep One|Find all the underground secondary areas|15725|17 Jul 2018 9:30:22 AM|922|1475|28.53|Uncommon|Silver
3155|Autodefenestration|Complete Mission 7 - Beauty And The Beast.|15724|16 Jul 2018 9:21:45 PM|2950|7083|41.65|Uncommon|Silver
3155|Hail Mary|Kill 10 enemies at long range with the walloper|15723|16 Jul 2018 9:06:53 PM|936|1475|28.96|Uncommon|Bronze
3155|Silent Death|Upgrade the pistol.|15722|16 Jul 2018 8:25:45 PM|3020|7083|42.64|Uncommon|Bronze
3155|Through The Mist|Acquire the gas mask.|15721|16 Jul 2018 8:02:30 PM|3179|7083|44.88|Uncommon|Bronze
3155|Dead Is Dead|Execute 25 downed zombies.|15720|16 Jul 2018 7:38:06 PM|2692|7083|38.01|Uncommon|Bronze
3155|Buckshot Ballet|Acquire the shotgun.|15719|16 Jul 2018 7:23:02 PM|3288|7083|46.42|Uncommon|Bronze
3155|Sign Of Good Faith|Complete Mission 6 - Stories of the Dead.|15718|16 Jul 2018 6:32:54 PM|3401|7083|48.02|Uncommon|Silver
3155|Lil Slugger|Acquire the walloper|15717|16 Jul 2018 5:20:09 PM|1200|1475|37.13|Uncommon|Bronze
3155|A Real Weapon|Upgrade your melee weapon again!|15716|16 Jul 2018 4:03:16 PM|3259|7083|46.01|Uncommon|Bronze
3155|Right Back At Ya!|Kill 10 Spitters with a ranged weapon.|15715|16 Jul 2018 3:53:52 PM|2889|7083|40.79|Uncommon|Bronze
3155|Praise The Light!|Complete the underground labs|15714|16 Jul 2018 3:43:01 PM|1236|1475|38.24|Uncommon|Silver
3155|Duty Calls|Acquire the assault rifle|15713|16 Jul 2018 11:04:20 AM|1335|1475|41.3|Uncommon|Bronze
3155|It's Super Effective!|Kill a Dweller using an environmental hazard|15712|16 Jul 2018 10:47:55 AM|976|1475|30.2|Uncommon|Bronze
3155|Apex Predator|Stealth kill a Dweller|15711|16 Jul 2018 9:29:45 AM|1279|1475|39.57|Uncommon|Bronze
3155|Locked And Loaded|Collect 25 ammo packs.|15710|16 Jul 2018 9:02:03 AM|3943|7083|55.67|Common|Bronze
3155|Lab Rat|Find The underground labs|15709|15 Jul 2018 8:59:54 PM|1426|1475|44.12|Uncommon|Silver
3155|The Narapela Massacre|Kill 100 zombies in total.|15708|15 Jul 2018 8:03:31 PM|4051|7083|57.19|Common|Bronze
3155|Deadly Arts|Stealth kill 25 zombies.|15707|15 Jul 2018 10:32:47 AM|3728|7083|52.63|Common|Bronze
3155|Lightbringer|Acquire the combat flashlight.|15706|15 Jul 2018 10:29:23 AM|4140|7083|58.45|Common|Bronze
3155|Hatchet Man|Upgrade your melee weapon.|15705|15 Jul 2018 10:08:01 AM|4007|7083|56.57|Common|Bronze
3155|Live Together, Die Alone|Complete Mission 5 - A Fighting Chance.|15704|15 Jul 2018 9:57:36 AM|4394|7083|62.04|Common|Silver
3155|Zombie Killing 101|Kill 50 zombies using a melee weapon.|15703|15 Jul 2018 9:52:13 AM|4298|7083|60.68|Common|Bronze
3155|Armed And Ready|Acquire the pistol.|15702|15 Jul 2018 9:51:09 AM|4452|7083|62.85|Common|Bronze
3155|Cutting Edge|Upgrade your stealth kill weapon.|15701|15 Jul 2018 9:24:31 AM|3325|7083|46.94|Uncommon|Bronze
2309|Decoyception|Have enemies chasing other enemies chasing you|15700|13 Jul 2018 10:45:50 PM|1172|1742|67.28|Common|Bronze
3155|A For Effort|Complete Mission 4 - Marathon.|15699|12 Jul 2018 9:55:48 PM|4809|7083|67.89|Common|Silver
3155|Voice Com|Acquire the two-way radio.|15698|12 Jul 2018 9:49:08 PM|4898|7083|69.15|Common|Bronze
3155|Blunt Trauma|Acquire your first melee weapon.|15697|12 Jul 2018 8:26:30 PM|5093|7083|71.9|Common|Bronze
3155|Hard Rain|Complete Mission 3 - Echoes.|15696|12 Jul 2018 8:20:34 PM|5139|7083|72.55|Common|Silver
3155|Improvised Assassin|Acquire your first stealth kill weapon.|15695|12 Jul 2018 7:58:28 PM|5421|7083|76.54|Common|Bronze
3155|Learn The Ropes|Acquire the rope.|15694|12 Jul 2018 7:50:16 PM|5539|7083|78.2|Common|Bronze
3155|Welcome To The Jungle|Complete Mission 2 - One Less Boat.|15693|12 Jul 2018 9:44:10 AM|5641|7083|79.64|Common|Silver
3155|Bon Voyage|Complete Mission 1 - Smooth Sailing.|15692|12 Jul 2018 9:24:01 AM|5815|7083|82.1|Common|Silver
3155|Shutterbug|Acquire the camera.|15691|12 Jul 2018 9:23:19 AM|5829|7083|82.3|Common|Bronze
3155|Undercover|Complete the prologue.|15690|12 Jul 2018 9:18:02 AM|6055|7083|85.49|Common|Silver
3155|Thrillseeker|Recover to max health from minimum health.|15689|12 Jul 2018 9:06:55 AM|4527|7083|63.91|Common|Bronze
4239|GNITH|Complete the puzzle of Gnith|15688|11 Jul 2018 6:02:49 PM|2215|7457|29.7|Uncommon|Bronze
4239|MISTER OVERYLD|Complete the puzzle of Mister Overyld|15687|11 Jul 2018 5:54:34 PM|2480|7457|33.26|Uncommon|Bronze
4239|MISTER PEPPER|Complete the puzzle of Mister Pepper|15686|11 Jul 2018 5:44:28 PM|2878|7457|38.59|Uncommon|Bronze
4239|LEVEL 22|Get to your office|15685|11 Jul 2018 5:28:00 PM|2310|7457|30.98|Uncommon|Bronze
4239|OV40|Complete the puzzle of OV40|15684|11 Jul 2018 5:21:00 PM|2155|7457|28.9|Uncommon|Bronze
4239|KAWAIMON|Find the figurine of Kawaimon|15683|11 Jul 2018 5:10:29 PM|2268|7457|30.41|Uncommon|Bronze
4239|GWENN|Find the figurine of Gwenn|15682|11 Jul 2018 4:04:38 PM|2224|7457|29.82|Uncommon|Bronze
4239|TOREE|Find the figurine of Toree|15681|11 Jul 2018 3:08:10 PM|2302|7457|30.87|Uncommon|Bronze
4239|TONORO|Find the figurine of Tonoro|15680|11 Jul 2018 3:05:01 PM|2350|7457|31.51|Uncommon|Bronze
4239|DRALOUX|Find the figurine of Draloux|15679|11 Jul 2018 2:38:50 PM|2467|7457|33.08|Uncommon|Bronze
4239|LUCA|Find the figurine of Luca|15678|11 Jul 2018 1:54:13 PM|2501|7457|33.54|Uncommon|Bronze
4239|FRANCOIS|Find the figurine of François|15677|11 Jul 2018 12:47:09 PM|2682|7457|35.97|Uncommon|Bronze
4239|PHILIPPE|Find the figurine of Philippe|15676|11 Jul 2018 12:23:07 PM|2852|7457|38.25|Uncommon|Bronze
3531|She's Doomed Us All|Escape the Maidens Feast|15675|11 Jul 2018 9:56:50 AM|48608|94643|51.36|Common|Bronze
3531|Question Your Elders|Learn all you can about Sugar Bunting|15674|11 Jul 2018 9:53:39 AM|43098|94643|45.54|Uncommon|Silver
4298|Large donkey|Even Poirot sometimes makes mistakes … but he doesn't make as many as you! Get a grip on yourself before your reputation is tarnished.|15673|10 Jul 2018 11:09:42 PM|725|3813|19.01|Rare|Bronze
2274|A Mind is a Terrible Thing to Waste|Read the minds of everyone ever|15672|9 Jul 2018 8:23:48 AM|391|1055|37.06|Uncommon|Gold
2274|Conga Line!|Get chased by 5 enemies at the same time|15671|9 Jul 2018 7:28:24 AM|518|1055|49.1|Uncommon|Bronze
2274|Love is Blind|Read the minds of an unexpected couple|15670|9 Jul 2018 6:59:41 AM|592|1055|56.11|Common|Bronze
2274|Dangerous Work|Mind-read the recently departed|15669|9 Jul 2018 6:56:54 AM|540|1055|51.18|Common|Bronze
2274|Unnatural Talent|Read Luigi's mind while he's singing|15668|9 Jul 2018 6:51:01 AM|498|1055|47.2|Uncommon|Bronze
2284|STAR CATCHER|Get your on-screen Star Counter up to 200 by collecting the Stars hidden around each level.|15667|8 Jul 2018 7:27:36 PM|1945|5828|33.37|Uncommon|Silver
2284|WAIL OF A TIME|Save all Red Putties and get to the exit of Level 2.2 : The Wailing Tower in 1:30 or less.|15666|8 Jul 2018 6:56:34 PM|1381|5828|23.7|Uncommon|Silver
2284|TRIPLE WHAMMY|Jump on a GI Pup's head, then punch the helmet so that it takes out at least three enemies in a row.|15665|8 Jul 2018 6:56:19 PM|2099|5828|36.02|Uncommon|Bronze
2284|ROCKET RIPPER|Absorb a Firework Imp and then use it as an item in order to kill an enemy with a Firework Imp rocket.|15664|8 Jul 2018 6:36:33 PM|3191|5828|54.75|Common|Bronze
2284|PUTTY POWER!|Collect Stars in order to upgrade Putty's attack power. Obtain and use all of his power-ups.|15663|8 Jul 2018 6:31:54 PM|2833|5828|48.61|Uncommon|Bronze
2284|TOAD TICKLER|Collect an 'N' item; then use a Nitro bomb, either as Putty, or from a POD, to blow up a Toad enemy.|15662|8 Jul 2018 6:28:10 PM|3038|5828|52.13|Common|Bronze
2284|NIFTY FIFTY|Get your on-screen Star Counter up to 50 by collecting the Stars hidden around each level.|15661|8 Jul 2018 6:25:48 PM|3923|5828|67.31|Common|Bronze
2284|PREDATOR|Unearth and kill all GI Pups within a level.|15660|8 Jul 2018 6:20:33 PM|4260|5828|73.1|Common|Bronze
2284|JELLY BELLY|Knock out Dweezil the cat; then use his tummy to bounce to a higher area.|15659|8 Jul 2018 6:18:41 PM|4524|5828|77.63|Common|Bronze
7435|Hooah|In it for life.|15658|8 Jul 2018 7:27:39 AM|12967|13157|98.56|Common|Platinum
7435|Sergeant Major|I majored in sargeantology.|15657|8 Jul 2018 7:27:39 AM|12967|13157|98.56|Common|Gold
7435|Sergeant First Class|Call me sarge.|15656|8 Jul 2018 7:27:38 AM|12970|13157|98.58|Common|Gold
7435|Master Sergeant|Call me master.|15655|8 Jul 2018 7:27:38 AM|12969|13157|98.57|Common|Gold
7435|Sergeant|Don't call me sarge.|15654|8 Jul 2018 7:27:31 AM|12977|13157|98.63|Common|Gold
7435|Staff Sergeant|Staffing up.|15653|8 Jul 2018 7:27:31 AM|12973|13157|98.6|Common|Gold
7435|Specialist|Well isn't that special.|15652|8 Jul 2018 7:27:24 AM|12980|13157|98.65|Common|Gold
7435|Corporal|Corporal diem.|15651|8 Jul 2018 7:27:24 AM|12979|13157|98.65|Common|Gold
7435|Private 1st Class|First at bat.|15650|8 Jul 2018 7:27:23 AM|12983|13157|98.68|Common|Gold
7435|Private 2nd Class|Second comes first.|15649|8 Jul 2018 7:27:22 AM|12990|13157|98.73|Common|Gold
7435|Private|Everybody starts somewhere.|15648|8 Jul 2018 7:27:16 AM|12992|13157|98.75|Common|Gold
7435|Deployed|See the world, they said.|15647|8 Jul 2018 7:27:09 AM|12995|13157|98.77|Common|Gold
7435|Boot Camp|Settle in, buttercup.|15646|8 Jul 2018 7:27:08 AM|12997|13157|98.78|Common|Silver
7435|Drafted|We are soldiers now.|15645|8 Jul 2018 7:27:06 AM|13000|13157|98.81|Common|Silver
2112|Money Bags|Find all the Magic Diamonds.|15644|7 Jul 2018 10:41:23 PM|7524|69468|10.83|Rare|Silver
2112|Masters of Illusion|Complete all Castle Statues.|15643|7 Jul 2018 10:33:38 PM|8848|69468|12.74|Rare|Silver
2112|Quackshot|Collect all of Donald's Chili Peppers.|15642|7 Jul 2018 9:57:38 PM|9948|69468|14.32|Rare|Silver
2112|World of Illusion|Collect all the Magic Playing Cards.|15641|7 Jul 2018 8:06:01 PM|11290|69468|16.25|Rare|Silver
2112|Superbounce|Bounce on 7 enemies in a row without touching the ground.|15640|7 Jul 2018 6:12:40 PM|11987|69468|17.26|Rare|Bronze
2112|Tick Tock|Complete a stage in Time Attack.|15639|7 Jul 2018 6:05:43 PM|23479|69468|33.8|Uncommon|Bronze
2112|Masters of Illusions|Defeat Mizrabel and rescue Minnie.|15638|7 Jul 2018 5:43:03 PM|18907|69468|27.22|Uncommon|Gold
2112|Fortune Hunter|Find 50% of all Magic Diamonds.|15637|7 Jul 2018 2:04:15 PM|26421|69468|38.03|Uncommon|Bronze
2112|Castle Decor|Complete a Castle Statue.|15636|7 Jul 2018 1:18:10 PM|27430|69468|39.49|Uncommon|Bronze
2112|Disillusioned|Break the illusion of 75 enemies.|15635|7 Jul 2018 1:07:14 PM|43349|69468|62.4|Common|Bronze
2112|Illusion Breaker|Break the illusion of 25 enemies with projectiles.|15634|7 Jul 2018 1:03:24 PM|35765|69468|51.48|Common|Bronze
2112|Pretty Picture|Collect 50 Diamonds to unlock your first Painting in the Castle|15633|7 Jul 2018 10:21:23 AM|58046|69468|83.56|Common|Bronze
1768|Who needs armor?|Unequip armor in Arcade Mode or Offline Versus (quickly input →←→←+P+K+D)|15632|7 Jul 2018 9:57:18 AM|4479|9673|46.3|Uncommon|Bronze
1768|Skirt Destroyer|As Candy unequip armor each Arcade stg or break her lower armor after 10 straight wins in Offline VS|15631|7 Jul 2018 9:20:20 AM|4264|9673|44.08|Uncommon|Gold
1768|Class of '95|Select game settings in Arcade Mode while holding the □ button to enter Attract Mode|15630|6 Jul 2018 10:35:51 PM|5216|9673|53.92|Common|Bronze
1768|Perfect|Win a round without receiving any damage in Arcade Mode (any difficulty)|15629|6 Jul 2018 10:29:21 PM|6423|9673|66.4|Common|Silver
1768|Sweet Tooth|Select game settings in Arcade Mode while holding ↑ to unlock Candy's appearance in 2nd Attract Mode|15628|6 Jul 2018 10:24:22 PM|4905|9673|50.71|Common|Bronze
1768|Kids Mode|Select game settings in Arcade Mode or Offline Versus while holding L1 button+R1 button to activate Kids Mode|15627|6 Jul 2018 10:17:35 PM|5420|9673|56.03|Common|Bronze
1768|Random Mode|Hold↑and hit START button during Attract Mode in Arcade Mode|15626|6 Jul 2018 10:03:45 PM|5402|9673|55.85|Common|Bronze
1768|Ranking Mode|Play Ranking Mode in Arcade Mode (hold down P+K+D+START button during Attract Mode)|15625|6 Jul 2018 9:41:34 PM|5201|9673|53.77|Common|Bronze
1768|Stage 4 Complete|Complete Stage 4 of Arcade Mode (any difficulty)|15624|6 Jul 2018 9:32:40 PM|7032|9673|72.7|Common|Bronze
1768|Stage 3 Complete|Complete Stage 3 of Arcade Mode (any difficulty)|15623|6 Jul 2018 9:31:10 PM|7340|9673|75.88|Common|Bronze
1768|Stage 2 Complete|Complete Stage 2 of Arcade Mode (any difficulty)|15622|6 Jul 2018 9:27:43 PM|8141|9673|84.16|Common|Bronze
1768|Stage 1 Complete|Complete Stage 1 of Arcade Mode (any difficulty)|15621|6 Jul 2018 9:26:35 PM|8864|9673|91.64|Common|Bronze
1768|Armor Destroyer|Break an opponent's armor in Arcade Mode or Offline Versus|15620|6 Jul 2018 9:26:27 PM|8415|9673|86.99|Common|Bronze
1768|Wall Breaker|Destroy a stage wall in Arcade Mode or Offline Versus|15619|6 Jul 2018 9:25:54 PM|7787|9673|80.5|Common|Bronze
1768|Mahler|Use Mahler in Arcade Mode or Offline Versus (move cursor left of Grace during character selection)|15618|6 Jul 2018 9:25:33 PM|6109|9673|63.16|Common|Bronze
6053|Full Throttle|Unlock all trophies|15617|6 Jul 2018 8:52:52 PM|5081|6986|72.73|Common|Platinum
6053|Thank No Cats|Watch the bunnies overtake the credits|15616|6 Jul 2018 8:52:52 PM|5415|6986|77.51|Common|Bronze
6053|Can't Beat a Corley|Send up a gorge-ous death for Ripburger|15615|6 Jul 2018 8:38:23 PM|5685|6986|81.38|Common|Gold
6053|Burger Well Done|Defeat Ripburger without dying|15614|6 Jul 2018 8:38:17 PM|5169|6986|73.99|Common|Gold
6053|LOOMing Seagull|Kill the LOOM Seagull|15613|6 Jul 2018 8:37:47 PM|5385|6986|77.08|Common|Bronze
6053|Now Boarding|Get Ripburger into the plane|15612|6 Jul 2018 8:33:47 PM|5694|6986|81.51|Common|Silver
6053|Rabbit Ragu|Dice a rabbit in the engine fan|15611|6 Jul 2018 8:32:21 PM|5417|6986|77.54|Common|Silver
6053|Burger Melt|Melt Ripburger's vision of the future|15610|6 Jul 2018 8:30:15 PM|5708|6986|81.71|Common|Bronze
6053|Wisecrack|Kick the crack to open the secret passage|15609|6 Jul 2018 8:28:35 PM|5718|6986|81.85|Common|Bronze
6053|What A Pain Threshold!|Make the Boom Boom Bros go boom|15608|6 Jul 2018 8:26:02 PM|5724|6986|81.94|Common|Silver
6053|Taut a Lesson|Talk your way out of getting quartered|15607|6 Jul 2018 8:13:50 PM|5748|6986|82.28|Common|Bronze
6053|Hare Trigger|Sacrifice bunnies to get through the minefield|15606|6 Jul 2018 8:12:41 PM|5748|6986|82.28|Common|Silver
6053|Invasion of the Bunny Snatcher|Snatch the bunny|15605|6 Jul 2018 8:08:33 PM|5772|6986|82.62|Common|Bronze
6053|Pull a Fast One|Get the battery from the minefield|15604|6 Jul 2018 8:04:05 PM|5774|6986|82.65|Common|Bronze
6053|Pure Evel|Launch over Poyahoga Gorge|15603|6 Jul 2018 8:00:31 PM|5836|6986|83.54|Common|Silver
6053|The Spirit of Ricky Myran|Escape with Ricky's ramp|15602|6 Jul 2018 7:00:37 PM|5858|6986|83.85|Common|Bronze
6053|Gogglor|Use the Cavefish goggles to locate their lair|15601|6 Jul 2018 6:51:24 PM|5885|6986|84.24|Common|Bronze
6053|A Fistful of Fertilizer|Get the chainsaw with the fertilizer|15600|6 Jul 2018 6:12:13 PM|5775|6986|82.67|Common|Silver
6053|Torque Talk|Consume Father Torque's wisdom|15599|6 Jul 2018 5:55:27 PM|5979|6986|85.59|Common|Silver
6053|Fertilized|Use the fertilizer to spin out Nestor and Bolus|15598|6 Jul 2018 5:49:01 PM|5941|6986|85.04|Common|Bronze
6053|Hosed|Get a hose to fix your bike|15597|6 Jul 2018 5:46:12 PM|6081|6986|87.05|Common|Bronze
6053|Hard Tale|Look at the pic of Maureen and Malcom fixing hard tail|15596|6 Jul 2018 5:45:23 PM|5360|6986|76.72|Common|Silver
6053|I Can Do That|Play a game of five finger fillet|15595|6 Jul 2018 5:42:31 PM|5405|6986|77.37|Common|Silver
6053|News to Me|Watch the entire news broadcast|15594|6 Jul 2018 5:41:48 PM|5349|6986|76.57|Common|Bronze
6053|A New Hope|Grab the Fake ID from Miranda|15593|6 Jul 2018 5:35:56 PM|6123|6986|87.65|Common|Bronze
6053|Unnatural Causes|Listen to Malcolm's last words|15592|6 Jul 2018 5:32:39 PM|6169|6986|88.31|Common|Silver
6053|Right in the Junk|Recover the forks from the junkyard|15591|6 Jul 2018 5:25:25 PM|6228|6986|89.15|Common|Bronze
6053|Burn-In Rubber|Save your screen from burn-in with 3D animated vehicles|15590|6 Jul 2018 5:20:08 PM|5820|6986|83.31|Common|Bronze
6053|OK, I'll Put My Lips on That|Siphon gas from Floyd|15589|6 Jul 2018 4:48:27 PM|6272|6986|89.78|Common|Bronze
6053|Annoyed Floyd|Hide from Floyd|15588|6 Jul 2018 4:47:37 PM|6301|6986|90.19|Common|Bronze
6053|Not So Tough After All|Pick the lock to the tower|15587|6 Jul 2018 4:44:39 PM|6368|6986|91.15|Common|Silver
6053|Carry the Torch|Retrieve Mo's welding torch|15586|6 Jul 2018 4:43:22 PM|6341|6986|90.77|Common|Bronze
6053|Trailer Trashed|Kick in the trailer door|15585|6 Jul 2018 4:42:15 PM|6435|6986|92.11|Common|Bronze
6053|Angels with Dirty Faces|Keep talking to Todd|15584|6 Jul 2018 4:41:55 PM|5311|6986|76.02|Common|Bronze
6053|Minking Memories|Check out the photo of Uncle Pete|15583|6 Jul 2018 4:39:23 PM|6470|6986|92.61|Common|Silver
6053|Know Mo|Finish all of Mo's initial dialog|15582|6 Jul 2018 4:38:35 PM|6145|6986|87.96|Common|Silver
6053|A-Number One Polecat Honcho|Take out the first Rottwheeler|15581|6 Jul 2018 4:36:34 PM|6600|6986|94.47|Common|Bronze
6053|Ring Pull|Get your keys from the bartender|15580|6 Jul 2018 4:34:32 PM|6636|6986|94.99|Common|Silver
6053|Not Puttin' My Lips on That|Keep Your Lips Off of 10 Objects|15579|6 Jul 2018 4:33:32 PM|6032|6986|86.34|Common|Silver
6053|One Final Offer...|Accept Ripburger's Final Offer|15578|6 Jul 2018 4:30:30 PM|6695|6986|95.83|Common|Bronze
6247|Fruit Fighter|Shoot a background UFO in Future Tense.|15577|6 Jul 2018 3:52:32 PM|4015|4173|16.31|Rare|Silver
4298|Imperial moustache|Unmask the murderer|15576|6 Jul 2018 3:44:21 PM|2074|3813|54.39|Common|Bronze
4298|Gandhi moustache|As you were loading the revolver you entrusted to Hastings with blanks, you clearly chose a non-violent approach to the problem. You'll thank yourself for it!|15575|6 Jul 2018 3:12:44 PM|1909|3813|50.07|Common|Gold
4298|Gothic confessional|It's nice to confide in Uncle Poirot … And that is why you conducted all of the interrogations to perfection!|15574|6 Jul 2018 3:02:16 PM|2087|3813|54.73|Common|Bronze
4298|Eagle's eye|Poirot excels in observing human nature! You are receiving this trophy for having penetrated half the people's thoughts with a simple look.|15573|6 Jul 2018 2:32:21 PM|762|3813|19.98|Rare|Bronze
4298|Candelabra moustache|Finish Marbury Guesthouse|15572|6 Jul 2018 2:31:46 PM|1991|3813|52.22|Common|Bronze
4298|Quadruple gear|"Glory to the hand of man, the equal of his mind!" One is nothing without the other and it is by using both that you were able to solve all of the riddles!|15571|6 Jul 2018 2:27:40 PM|2099|3813|55.05|Common|Bronze
4298|Sheriff moustache|You intervened just in time! Your fortuitous telephone call probably saved the Donbar's life.|15570|6 Jul 2018 2:09:33 PM|1191|3813|31.24|Uncommon|Silver
4298|Cortex|As Poirot says, everybody has brains, but they differ in quality! Yours are exceptional. You've solved half of the questions.|15569|6 Jul 2018 2:04:40 PM|2126|3813|55.76|Common|Bronze
4298|Hungarian moustache|Finish Churston (second visit)|15568|6 Jul 2018 1:44:45 PM|2165|3813|56.78|Common|Bronze
4298|Cesium-133 crystal|You believe that symmetry is the source of all beauty and that order generates virtue. What a pleasure it is to sort through things and tidy up! You are loyal to Poirot's spirit.|15567|6 Jul 2018 1:40:37 PM|1567|3813|41.1|Uncommon|Bronze
4298|Pencil moustache|Finish Churston (first visit)|15566|6 Jul 2018 8:42:57 AM|2300|3813|60.32|Common|Bronze
7160|Platinum Midnight|Unlock all the trophies.|15565|5 Jul 2018 11:22:11 PM|2289|2344|97.65|Common|Platinum
7160|Stunned|Die by a laser.|15564|5 Jul 2018 11:22:11 PM|2295|2344|97.91|Common|Gold
7160|You made it|Complete level 4 making Midnight's friend smile.|15563|5 Jul 2018 11:21:37 PM|2316|2344|98.81|Common|Gold
7160|Expert|Complete 40 levels.|15562|5 Jul 2018 11:19:14 PM|2294|2344|97.87|Common|Gold
7160|Professional|Complete 20 levels.|15561|5 Jul 2018 10:57:16 PM|2311|2344|98.59|Common|Gold
7160|Not squared anymore|Die by a saw.|15560|5 Jul 2018 10:39:23 PM|2321|2344|99.02|Common|Gold
7160|Improving|Complete 10 levels.|15559|5 Jul 2018 10:38:50 PM|2323|2344|99.1|Common|Gold
7160|Went to explore|Die by getting out of a level.|15558|5 Jul 2018 10:37:44 PM|2334|2344|99.57|Common|Gold
7160|Stabbed|Die by a spike.|15557|5 Jul 2018 10:36:58 PM|2328|2344|99.32|Common|Gold
7160|Engineer|Pull a lever.|15556|5 Jul 2018 10:36:14 PM|2332|2344|99.49|Common|Gold
7160|Starter|Complete 5 levels.|15555|5 Jul 2018 10:35:50 PM|2333|2344|99.53|Common|Gold
7160|Making friends|Bump into one of Midnight's friends.|15554|5 Jul 2018 10:35:26 PM|2334|2344|99.57|Common|Silver
7160|Not overworking|Get 3 stars in one level.|15553|5 Jul 2018 10:34:35 PM|2337|2344|99.7|Common|Gold
7160|Go into the light|Complete level 1.|15552|5 Jul 2018 10:34:33 PM|2338|2344|99.74|Common|Silver
6158|Showdown Completion|Complete all Puzzle Showdown 4K Trophies|15551|5 Jul 2018 9:48:00 PM|4323|5271|82.01|Common|Platinum
6158|Puzzle Champion|Complete 50 Puzzles|15550|5 Jul 2018 9:48:00 PM|4385|5271|83.19|Common|Gold
6158|Showdown Champion|10 Competitive Wins|15549|5 Jul 2018 9:02:37 PM|4475|5271|84.9|Common|Gold
6158|Showdown Winner|1 Competitive Win|15548|5 Jul 2018 8:50:38 PM|4645|5271|88.12|Common|Gold
6158|Showdown Underdog|Come back from a 1000 point deficit in showdown|15547|5 Jul 2018 8:50:38 PM|4483|5271|85.05|Common|Gold
6158|First Showdown|Compete against another player|15546|5 Jul 2018 8:45:24 PM|4658|5271|88.37|Common|Silver
6158|Another's Treasure|Complete an Another's Treasure Bonus twice in one Showdown|15545|5 Jul 2018 8:45:16 PM|4455|5271|84.52|Common|Gold
6158|Triple Jig|Complete 3rd Puzzle|15544|5 Jul 2018 8:33:46 PM|4956|5271|94.02|Common|Silver
6158|Relaxation Station|Complete a puzzle with scoring disabled|15543|5 Jul 2018 8:32:20 PM|5113|5271|97.0|Common|Bronze
6158|Puzzle Connoisseur|Complete a 510-piece Puzzle|15542|5 Jul 2018 7:44:23 PM|4652|5271|88.26|Common|Gold
6158|Do a Jig|Complete 1st Puzzle|15541|5 Jul 2018 7:44:22 PM|5180|5271|98.27|Common|Bronze
6158|Puzzle Master|Complete a 510-piece Puzzle in under 2 hours|15540|5 Jul 2018 7:44:22 PM|4555|5271|86.42|Common|Gold
6158|Line of Five|Complete a Line Bonus of 5 pieces or more|15539|5 Jul 2018 6:43:09 PM|4589|5271|87.06|Common|Gold
6158|Ithsmus Be Difficult|Complete an Isthmus Bonus of 15 or more pieces|15538|5 Jul 2018 6:30:15 PM|4871|5271|92.41|Common|Gold
6158|Accuracy Streak|Complete 5 Accuracy Bonuses in a row|15537|5 Jul 2018 5:51:45 PM|4925|5271|93.44|Common|Silver
6158|Triple Speed Streak|Complete 3 Speed Streak Bonuses in a row|15536|5 Jul 2018 5:50:09 PM|4901|5271|92.98|Common|Silver
6158|Showdown Boon|Complete two 30-point or higher Bonus Points in one Showdown|15535|5 Jul 2018 5:50:03 PM|4941|5271|93.74|Common|Silver
7146|Platinum Midnight|Unlock all the trophies.|15534|5 Jul 2018 3:28:00 PM|4748|4854|97.82|Common|Platinum
7146|You made it|Complete level 4 making Midnight's friend smile.|15533|5 Jul 2018 3:28:00 PM|4793|4854|98.74|Common|Gold
7146|Expert|Complete 40 levels.|15532|5 Jul 2018 3:25:58 PM|4755|4854|97.96|Common|Gold
7146|Stunned|Die by a laser.|15531|5 Jul 2018 3:14:55 PM|4770|4854|98.27|Common|Gold
7146|Professional|Complete 20 levels.|15530|5 Jul 2018 3:02:02 PM|4788|4854|98.64|Common|Gold
7146|Not squared anymore|Die by a saw.|15529|5 Jul 2018 2:55:15 PM|4804|4854|98.97|Common|Gold
7146|Improving|Complete 10 levels.|15528|5 Jul 2018 2:49:17 PM|4808|4854|99.05|Common|Gold
7146|Stabbed|Die by a spike.|15527|5 Jul 2018 2:47:42 PM|4814|4854|99.18|Common|Gold
7146|Engineer|Pull a lever.|15526|5 Jul 2018 2:47:06 PM|4821|4854|99.32|Common|Gold
7146|Making friends|Bump into one of Midnight's friends.|15525|5 Jul 2018 2:46:35 PM|4827|4854|99.44|Common|Silver
7146|Starter|Complete 5 levels.|15524|5 Jul 2018 2:46:05 PM|4824|4854|99.38|Common|Gold
7146|Went to explore|Die by getting out of a level.|15523|5 Jul 2018 2:44:28 PM|4828|4854|99.46|Common|Gold
7146|Go into the light|Complete level 1.|15522|5 Jul 2018 2:42:56 PM|4840|4854|99.71|Common|Silver
7146|Not overworking|Get 3 stars in one level.|15521|5 Jul 2018 2:42:56 PM|4836|4854|99.63|Common|Gold
7504|Platinum-explosion|Complete all the trophies|15520|5 Jul 2018 2:36:44 PM|1334|1558|85.62|Common|Platinum
7504|Kill them all|Kill 100 enemies in Arena Mode|15519|5 Jul 2018 2:36:44 PM|1340|1558|86.01|Common|Gold
7504|Brave|Kill your first enemy in hard mode|15518|5 Jul 2018 2:32:45 PM|1345|1558|86.33|Common|Gold
7504|Without any mercy|Kill 75 enemies in Arena Mode|15517|5 Jul 2018 2:31:27 PM|1352|1558|86.78|Common|Gold
7504|Getting used|Kill 50 enemies in Arena Mode|15516|5 Jul 2018 2:30:33 PM|1358|1558|87.16|Common|Gold
7504|Kill or get killed|Kill 25 enemies in Arena Mode|15515|5 Jul 2018 2:29:49 PM|1362|1558|87.42|Common|Gold
7504|Unlock the Arena Mode|Reach 100,000 points in Classic Mode|15514|5 Jul 2018 2:28:31 PM|1362|1558|87.42|Common|Gold
7504|Show them who's boss|Reach 75,000 points in Classic Mode|15513|5 Jul 2018 2:27:50 PM|1382|1558|88.7|Common|Gold
7504|Getting better|Reach level 10 in Classic Mode|15512|5 Jul 2018 2:26:57 PM|1408|1558|90.37|Common|Gold
7504|Go get them|Reach 50,000 points in Classic Mode|15511|5 Jul 2018 2:26:55 PM|1406|1558|90.24|Common|Gold
7504|Little by little|Reach 25,000 points in Classic Mode|15510|5 Jul 2018 2:25:58 PM|1450|1558|93.07|Common|Gold
7504|Overpowered|Die for the first time|15509|5 Jul 2018 2:24:38 PM|1552|1558|99.61|Common|Silver
7504|Leveling up|Reach level 5 in Classic Mode|15508|5 Jul 2018 2:24:26 PM|1471|1558|94.42|Common|Gold
7504|Getting Started|Kill your first enemy|15507|5 Jul 2018 2:23:47 PM|1550|1558|99.49|Common|Silver
7503|Platinum-explosion|Complete all the trophies|15506|5 Jul 2018 2:20:39 PM|2806|3292|85.24|Common|Platinum
7503|Brave|Kill your first enemy in hard mode|15505|5 Jul 2018 2:20:39 PM|2830|3292|85.97|Common|Gold
7503|Kill them all|Kill 100 enemies in Arena Mode|15504|5 Jul 2018 2:19:24 PM|2813|3292|85.45|Common|Gold
7503|Without any mercy|Kill 75 enemies in Arena Mode|15503|5 Jul 2018 2:18:13 PM|2829|3292|85.94|Common|Gold
7503|Getting used|Kill 50 enemies in Arena Mode|15502|5 Jul 2018 2:14:44 PM|2849|3292|86.54|Common|Gold
7503|Kill or get killed|Kill 25 enemies in Arena Mode|15501|5 Jul 2018 1:46:31 PM|2858|3292|86.82|Common|Gold
7503|Unlock the Arena Mode|Reach 100,000 points in Classic Mode|15500|5 Jul 2018 1:43:48 PM|2858|3292|86.82|Common|Gold
7503|Show them who's boss|Reach 75,000 points in Classic Mode|15499|5 Jul 2018 1:30:44 PM|2895|3292|87.94|Common|Gold
7503|Getting better|Reach level 10 in Classic Mode|15498|5 Jul 2018 1:26:57 PM|2964|3292|90.04|Common|Gold
7503|Go get them|Reach 50,000 points in Classic Mode|15497|5 Jul 2018 1:25:20 PM|2955|3292|89.76|Common|Gold
7503|Little by little|Reach 25,000 points in Classic Mode|15496|5 Jul 2018 1:20:22 PM|3069|3292|93.23|Common|Gold
7503|Leveling up|Reach level 5 in Classic Mode|15495|5 Jul 2018 1:19:40 PM|3121|3292|94.81|Common|Gold
7503|Getting Started|Kill your first enemy|15494|5 Jul 2018 1:18:33 PM|3278|3292|99.57|Common|Silver
7503|Overpowered|Die for the first time|15493|5 Jul 2018 1:18:11 PM|3281|3292|99.67|Common|Silver
4298|Pyramidal moustache|Finish Bexhill|15492|5 Jul 2018 11:01:23 AM|2428|3813|63.68|Common|Bronze
4298|Newspaper|The newspapers are talking about the case, therefore, they are also talking about you. Fame is not all that unpleasant.|15491|5 Jul 2018 9:33:48 AM|2782|3813|72.96|Common|Bronze
4298|Cupid bow moustache|Finish Andover|15490|5 Jul 2018 9:33:17 AM|2915|3813|76.45|Common|Bronze
7364|Complete any Bike Night Road Rule|Awarded when you set your 1st bike Night Road Rule.|15489|5 Jul 2018 8:37:56 AM|3890|5571|48.29|Uncommon|Bronze
7364|24 hours in Paradise on a bike|Awarded for spending a full 24 hour day and night cycle riding a bike.|15488|5 Jul 2018 8:36:58 AM|3138|5571|38.96|Uncommon|Bronze
2563|Split Decision|Completed Episode 1: "All That Remains"|15487|5 Jul 2018 12:08:31 AM|11753|13803|85.15|Common|Gold
2563|Headed Out|Headed out with the group.|15486|4 Jul 2018 11:49:08 PM|11821|13803|85.64|Common|Silver
2563|Still. Not. Bitten.|Took care of yourself.|15485|4 Jul 2018 11:39:05 PM|11841|13803|85.79|Common|Silver
2563|Sneaky|Got what you needed.|15484|4 Jul 2018 11:32:58 PM|11874|13803|86.02|Common|Silver
7364|Complete all 10 Island freeburn Challenges|Awarded when you successfully complete all 10 Island Freeburn Challenges. These can be completed by 2 -8 players|15483|4 Jul 2018 10:14:07 PM|1963|5768|23.95|Uncommon|Bronze
7364|Drive through 20 Island Smash gates|Awarded when you drive through your 20th set of Orange Island Smash Gates|15482|4 Jul 2018 10:05:49 PM|5264|5768|64.22|Common|Bronze
7364|4.5 seconds of Crash TV Air Time|Successfully land the Island Mega jump from the Crash TV Ski Jump and get at least 4.5 seconds of Air Time|15481|4 Jul 2018 10:03:42 PM|3668|5768|44.75|Uncommon|Bronze
7364|Land 5 Island Mega Jumps|Awarded when you successfully land your 5th Island Mega Jump|15480|4 Jul 2018 10:03:41 PM|4797|5768|58.53|Common|Bronze
7364|Jump through Deese's Donut|Successfully land the Island Mega Jump through Deese's Donut|15479|4 Jul 2018 9:38:56 PM|3780|5768|46.12|Uncommon|Bronze
7364|Win a game on the Robbers team|Awarded for being on the winning Robbers team in an Online Cops and Robbers game.|15478|4 Jul 2018 9:31:16 PM|2053|2952|35.01|Uncommon|Bronze
7364|Be the first to reach the Gold|Awarded for being the first player in an Online Cops and Robbers game to pick up the gold.|15477|4 Jul 2018 9:12:43 PM|2430|2952|41.44|Uncommon|Bronze
7364|Win a game driving the Watson R-Turbo Roadster|Awarded for being on the winning team of an Online Cops and Robbers game driving the Watson R-Turbo Roadster.|15476|4 Jul 2018 9:11:11 PM|1805|2952|30.78|Uncommon|Bronze
7364|Win a game on the Cops team|Awarded for being on the winning Cops team in an Online Cops and Robbers game.|15475|4 Jul 2018 9:11:10 PM|2169|2952|36.99|Uncommon|Bronze
7364|Win a best of five rounds game|Awarded for being on the winning team of a best of five round game of Online Cops and Robbers.|15474|4 Jul 2018 9:11:10 PM|1756|2952|29.95|Uncommon|Bronze
7364|Pick up dropped Gold|Awarded for successfully picking up the Gold once it has been dropped in an Online Cops and Robbers game.|15473|4 Jul 2018 9:09:06 PM|2298|2952|39.19|Uncommon|Bronze
7364|Bank the Gold|Awarded for successfully delivering the Gold to your team base in an Online Cops and Robbers game.|15472|4 Jul 2018 9:03:13 PM|2312|2952|39.43|Uncommon|Bronze
7364|Takedown the Gold carrier|Awarded for successfully performing a Takedown on the player carrying the Gold in an Online Cops and Robbers game.|15471|4 Jul 2018 9:01:45 PM|2695|2952|45.96|Uncommon|Bronze
7364|Perform a 180 degree Flatspin|Awarded for performing a "Flatspin" of at least 180 degrees.|15470|4 Jul 2018 9:00:43 PM|7481|11647|64.23|Common|Bronze
7364|Complete a Timed Challenge using all 3 Boost types in the Hawker Mech|Awarded when you complete any Timed Challenge driving the Hawker Mech having used all 3 boost types|15469|4 Jul 2018 8:58:21 PM|2061|3398|32.76|Uncommon|Bronze
7364|Light up the Manhattan Spirit during an Online Challenge|Awarded for using the flashing lights of the Manhattan Spirit during an Online Freeburn Challenge or Timed Challenge|15468|4 Jul 2018 8:51:55 PM|2608|5516|32.54|Uncommon|Bronze
7364|Complete a Bike Timed Challenge using the Toy Bike|Awarded when you complete any Timed Challenge using the Toy Bike|15467|4 Jul 2018 8:47:44 PM|2001|4370|28.05|Uncommon|Bronze
7364|Ride 50 Miles Offline on a bike|Awarded when you reach a total bike distance ridden of 50 miles.|15466|4 Jul 2018 8:46:31 PM|3551|5571|44.08|Uncommon|Bronze
7364|Complete 5 Bike Challenges|Awarded when you complete your 5th Freeburn Challenge on a bike.|15465|4 Jul 2018 8:44:40 PM|2245|5571|27.87|Uncommon|Bronze
7364|Ride 10 miles on a bike in an 8 player lobby|Awarded for riding 10 miles on a bike in an 8 player online game.|15464|4 Jul 2018 8:25:06 PM|2130|5571|26.44|Uncommon|Bronze
7364|8 Players meet in the Wildcats' Baseball Stadium|Awarded for meeting up with 7 other players inside the Wildcats' Baseball Stadium in an online game.|15463|4 Jul 2018 8:14:46 PM|4861|11647|41.74|Uncommon|Bronze
2309|Drowned Skeletons|Read the minds of the drowned skeletons|15462|4 Jul 2018 9:03:30 AM|851|1742|48.85|Uncommon|Bronze
2563|Now What?|Arrived at the cabin.|15461|4 Jul 2018 12:35:33 AM|12049|13803|87.29|Common|Silver
2563|On the Path|Met new people.|15460|4 Jul 2018 12:31:04 AM|12076|13803|87.49|Common|Silver
2563|Shelter|Found a campsite.|15459|4 Jul 2018 12:18:52 AM|12211|13803|88.47|Common|Bronze
2563|River Runs Cold|Arrived at the shore.|15458|4 Jul 2018 12:14:15 AM|12340|13803|89.4|Common|Silver
1992|Zoom!|Reach the End of Fire Canyon|15457|3 Jul 2018 11:38:58 PM|19042|44649|42.65|Uncommon|Bronze
1992|Buzzin'|Collect 28 Scout Flies|15456|3 Jul 2018 11:36:24 PM|19766|44649|44.27|Uncommon|Bronze
1992|Shiny Happy Steeples|Connect the Eco Beams|15455|3 Jul 2018 11:32:01 PM|18800|44649|42.11|Uncommon|Silver
2274|Out of His Mind|Read Ray's mind|15454|3 Jul 2018 11:05:36 PM|540|1055|51.18|Common|Bronze
2274|Eureka!|Give poor Ron the perfect idea for a date|15453|3 Jul 2018 11:00:15 PM|553|1055|52.42|Common|Bronze
2274|Food for Thought|Read the mind of an eaten fish|15452|3 Jul 2018 10:58:35 PM|587|1055|55.64|Common|Bronze
2274|The Bird in the Sky|Never get noticed by the helicopter|15451|3 Jul 2018 10:55:30 PM|406|1055|38.48|Uncommon|Bronze
2274|Crew of the Dead|Read the minds of the ambulance personnel|15450|3 Jul 2018 10:41:57 PM|610|1055|57.82|Common|Bronze
2274|Subconscious Experience|Read Harry's mind while he's passed out|15449|3 Jul 2018 10:41:04 PM|601|1055|56.97|Common|Bronze
2274|Careful What You Wish For|Read the mind of a lonely cat|15448|3 Jul 2018 10:36:51 PM|596|1055|56.49|Common|Bronze
2274|Tower Offense|Climb the asylum tower without alerting any nurses|15447|3 Jul 2018 10:34:12 PM|421|1055|39.91|Uncommon|Bronze
2274|Lady in the Sky with Ducky|Return a totally sweet alien to the stars|15446|3 Jul 2018 10:27:29 PM|654|1055|61.99|Common|Bronze
2274|Decoyception|Have enemies chasing other enemies chasing you|15445|3 Jul 2018 10:11:26 PM|680|1055|64.45|Common|Bronze
2274|Drowned Skeletons|Read the minds of the drowned skeletons|15444|3 Jul 2018 9:38:50 PM|530|1055|50.24|Common|Bronze
4370|Farewell|Completed Episode 3|15443|3 Jul 2018 8:50:34 PM|2521|2973|84.8|Common|Bronze
4370|Hell Hath No Fury|Completed Chapter 6 of Episode 3|15442|3 Jul 2018 8:45:07 PM|2522|2973|84.83|Common|Bronze
4370|A Storm is Brewing|Completed Chapter 5 of Episode 3|15441|3 Jul 2018 8:06:14 PM|2531|2973|85.13|Common|Bronze
4370|Dark Sacrifice|Completed Chapter 4 of Episode 3|15440|3 Jul 2018 7:53:50 PM|2532|2973|85.17|Common|Bronze
4370|Charred Memory|Completed Chapter 3 of Episode 3|15439|3 Jul 2018 7:35:30 PM|2532|2973|85.17|Common|Bronze
4370|Unexpected Guests|Completed Chapter 2 of Episode 3|15438|3 Jul 2018 7:22:45 PM|2541|2973|85.47|Common|Bronze
4370|Fun on the Shore|Completed Chapter 1 of Episode 3|15437|3 Jul 2018 7:11:28 PM|2542|2973|85.5|Common|Bronze
4370|Bad Signal|Completed Episode 2|15436|3 Jul 2018 6:59:46 PM|2585|2973|86.95|Common|Bronze
4370|Quiet Time|Completed Chapter 6 of Episode 2|15435|3 Jul 2018 6:30:43 PM|2586|2973|86.98|Common|Bronze
4370|Party Crashers|Completed Chapter 5 of Episode 2|15434|3 Jul 2018 6:17:38 PM|2593|2973|87.22|Common|Bronze
4370|Distant Memories|Completed Chapter 4 of Episode 2|15433|3 Jul 2018 6:04:56 PM|2597|2973|87.35|Common|Bronze
4370|Emergency Room|Completed Chapter 3 of Episode 2|15432|3 Jul 2018 5:29:43 PM|2605|2973|87.62|Common|Bronze
4370|Herd Mentality|Completed Chapter 2 of Episode 2|15431|3 Jul 2018 5:25:05 PM|2607|2973|87.69|Common|Bronze
4370|Burning Bridges|Completed Chapter 1 of Episode 2|15430|3 Jul 2018 4:58:41 PM|2614|2973|87.92|Common|Bronze
4370|Landfall|You completed Episode 1|15429|3 Jul 2018 4:14:56 PM|2731|2973|91.86|Common|Bronze
4370|Lies|Completed Chapter 6 of Episode 1|15428|3 Jul 2018 4:06:49 PM|2734|2973|91.96|Common|Bronze
4370|Community|Completed Chapter 5 of Episode 1|15427|3 Jul 2018 3:09:52 PM|2743|2973|92.26|Common|Bronze
4370|Stolen Goods|Completed Chapter 4 of Episode 1|15426|3 Jul 2018 3:03:55 PM|2748|2973|92.43|Common|Bronze
4370|Dead in the Water|Completed Chapter 3 of Episode 1|15425|3 Jul 2018 2:48:48 PM|2765|2973|93.0|Common|Bronze
4370|Companionship|Completed Chapter 2 of Episode 1|15424|3 Jul 2018 2:42:49 PM|2781|2973|93.54|Common|Bronze
4370|Remember Me|Completed Chapter 1 of Episode 1|15423|3 Jul 2018 2:27:02 PM|2823|2973|94.95|Common|Bronze
1748|100% Level|Complete a Level with 100% Kills, Items and Secrets in singleplayer.|15422|3 Jul 2018 1:38:10 PM|3687|6722|54.85|Common|Bronze
1748|Berserker|Kill 20 enemies while in berserker mode on a single map in singleplayer.|15421|3 Jul 2018 1:10:26 PM|1484|6722|22.08|Uncommon|Bronze
1748|Finder of Secrets|Find a Secret in any Level in singleplayer.|15420|3 Jul 2018 12:22:48 PM|5708|6722|84.92|Common|Bronze
1748|Level Entry|Complete any Level in any difficulty in singleplayer.|15419|3 Jul 2018 11:40:09 AM|6099|6722|90.73|Common|Bronze
7364|Barrel Roll a Toy Car in the Airfield|Awarded for successfully landing a Barrel Roll in the Airfield driving any of the Toy Cars|15418|3 Jul 2018 9:50:22 AM|3211|4370|45.01|Uncommon|Bronze
7364|Win a Race in a Toy Car|Awarded for winning any Offline Race driving any of the Toy Cars|15417|3 Jul 2018 9:44:16 AM|3978|4370|55.76|Common|Bronze
7364|Survive a Marked Man in the Extreme Hot Rod|Awarded for winning any Offline Marked Man driving the Extreme Hot Rod|15416|3 Jul 2018 9:38:42 AM|3167|3398|50.34|Common|Bronze
7364|Sound the horn on a Silver Lake Super Jump in the Cavalry Bootlegger|Awarded for sounding the horn and successfully landing a Super Jump in Silver Lake driving the Cavalry Bootlegger|15415|3 Jul 2018 9:30:34 AM|2760|5516|34.43|Uncommon|Bronze
7364|Set 10 Time Road Rules|Awarded when you set your 10th Time Road Rule.|15414|3 Jul 2018 9:22:48 AM|5866|11647|50.36|Common|Bronze
7364|Score a Boost Chain of x3 in the GT Nighthawk|Awarded for achieving a Boost Chain of x3 driving the GT Nighthawk|15413|3 Jul 2018 9:18:59 AM|4670|5516|58.26|Common|Bronze
7364|Win a Stunt Run in the P12 88 Special|Awarded for winning any Offline Stunt Run driving the P12 88 Special|15412|3 Jul 2018 9:16:22 AM|3884|5516|48.46|Uncommon|Bronze
7364|Complete a Big Party|Awarded when 5-7 players have completed a Party.|15411|3 Jul 2018 9:10:35 AM|2139|2797|37.48|Uncommon|Bronze
7364|Every player succeeds in every Party Game|Awarded upon completing a Party in which every player successfully completes every Game of every Round.|15410|3 Jul 2018 9:04:56 AM|2420|2797|42.4|Uncommon|Bronze
7364|Complete a Small Party|Awarded when 2-4 players have completed a Party.|15409|3 Jul 2018 9:04:56 AM|2653|2797|46.48|Uncommon|Bronze
7364|Complete a Massive Party|Awarded when 8 players have completed an 8 Round Party.|15408|3 Jul 2018 9:00:46 AM|1935|2797|33.9|Uncommon|Bronze
7364|Complete 10 Timed Challenges|Awarded when you complete your 10th Timed Challenge.|15407|3 Jul 2018 12:33:49 AM|1896|4880|25.15|Uncommon|Bronze
7364|Smash 30 Burnout Billboards|Awarded when you smash through your 30th pristine Burnout Billboard|15406|3 Jul 2018 12:05:50 AM|7724|11647|66.32|Common|Silver
7364|Complete your first Timed Challenge|Awarded when you complete your 1st Timed Challenge.|15405|2 Jul 2018 11:27:21 PM|3711|4880|49.22|Uncommon|Bronze
7364|Be on the Red team for Online Road Rage|Awarded for taking part in an Online Road Rage as a Chaser on the Red Team.|15404|2 Jul 2018 11:23:41 PM|2633|4880|34.92|Uncommon|Bronze
7364|Be on the Blue team for Online Road Rage|Awarded for taking part in an Online Road Rage as a Runner on the Blue Team.|15403|2 Jul 2018 11:23:15 PM|2665|4880|35.35|Uncommon|Bronze
7364|Take part in an Online Marked Man|Awarded for taking part in an Online Marked Man.|15402|2 Jul 2018 11:22:42 PM|3342|4880|44.33|Uncommon|Bronze
7364|Take part in an Online Stunt Run|Awarded for taking part in an Online Stunt Run.|15401|2 Jul 2018 11:22:01 PM|3152|4880|41.81|Uncommon|Bronze
7364|Jump over another Player's Car|Awarded for jumping over another player's car in an online game.|15400|2 Jul 2018 11:21:39 PM|6059|11647|52.02|Common|Bronze
7364|Complete 10 Freeburn Challenges|Awarded when you complete your 10th Freeburn Challenge.|15399|2 Jul 2018 11:19:51 PM|4990|11647|42.84|Uncommon|Silver
7364|Complete a Freeburn Challenge|Awarded when you complete your 1st Freeburn Challenge.|15398|2 Jul 2018 11:08:15 PM|5758|11647|49.44|Uncommon|Bronze
7364|Complete your 1st Party Round|Awarded when you complete the 1st Round of your 1st Party.|15397|2 Jul 2018 9:54:35 PM|2797|2797|49.0|Uncommon|Bronze
7364|Every player succeeds in a Party Round|Awarded when every player successfully completes a Party Round.|15396|2 Jul 2018 9:54:34 PM|2714|2797|47.55|Uncommon|Bronze
7364|Visit the Quarry|Awarded for visiting the Quarry in White Mountain.|15395|2 Jul 2018 9:39:06 PM|7736|11647|66.42|Common|Bronze
7364|Visit the Airfield|Awarded for visiting the Airfield in Silver Lake.|15394|2 Jul 2018 9:36:29 PM|6744|11647|57.9|Common|Bronze
7364|Visit a Gas Station during a Race|Awarded for driving through a Gas Station during any Offline Race.|15393|2 Jul 2018 9:24:56 PM|8275|11647|71.05|Common|Bronze
7364|Visit all the Car Parks in Paradise City|Awarded when you discover every Car Park in Paradise City.|15392|2 Jul 2018 9:22:28 PM|4686|11647|40.23|Uncommon|Bronze
7364|Drive through 200 sets of Yellow Smash Gates|Awarded when you drive through your 200th set of Yellow Smash Gates|15391|2 Jul 2018 9:20:56 PM|7247|11647|62.22|Common|Silver
7364|Find all the Events around Paradise City|Awarded when you have discovered every event in Paradise City.|15390|2 Jul 2018 9:13:01 PM|4605|11647|39.54|Uncommon|Bronze
7364|Set a Time Road Rule on any Road|Awarded for beating any of the original Time Road Rule scores|15389|2 Jul 2018 9:03:50 PM|9181|11647|78.83|Common|Bronze
7364|Earn your 'B' Class License|Awarded when you receive your 'B' Class License|15388|2 Jul 2018 8:22:44 PM|7653|11647|65.71|Common|Silver
7364|Complete 5 Burning Routes|Awarded when you complete your 5th Burning Route.|15387|2 Jul 2018 7:04:06 PM|5708|11647|49.01|Uncommon|Bronze
7364|Successfully land 10 Super Jumps|Awarded when you successfully land your 10th Super Jump.|15386|2 Jul 2018 6:50:46 PM|8937|11647|76.73|Common|Bronze
7364|Power Park your car|Awarded for successfully "Power Parking" your car between two other vehicles.|15385|2 Jul 2018 6:29:07 PM|6173|11647|53.0|Common|Silver
7364|Land a Barrel Roll jump|Awarded for successfully landing a Barrel Roll jump.|15384|2 Jul 2018 6:26:00 PM|9420|11647|80.88|Common|Bronze
7364|Beat the target score in Stunt Run|Awarded for winning any Offline Stunt Run.|15383|2 Jul 2018 6:21:28 PM|9683|11647|83.14|Common|Bronze
7364|Earn your 'C' Class License|Awarded when you receive your 'C' Class License|15382|2 Jul 2018 6:09:14 PM|9355|11647|80.32|Common|Silver
7364|Set a Showtime Road Rule on any road|Awarded for beating any of the original Showtime Road Rule scores|15381|2 Jul 2018 5:43:43 PM|6619|11647|56.83|Common|Bronze
7364|Score a x5 Multiplier in Showtime|Awarded for reaching a x5 Multiplier in Showtime|15380|2 Jul 2018 5:37:46 PM|6307|11647|54.15|Common|Silver
7364|Score a x3 Multiplier in Showtime|Awarded for reaching a x3 Multiplier in Showtime|15379|2 Jul 2018 5:34:27 PM|6667|11647|57.24|Common|Bronze
7364|Drive through 50 sets of Yellow Smash Gates|Awarded when you drive through your 50th set of Yellow Smash Gates|15378|2 Jul 2018 5:31:07 PM|10043|11647|86.23|Common|Bronze
7364|Visit a Paint shop to change your vehicle color|Awarded for driving through any Paint Shop to change your vehicle color.|15377|2 Jul 2018 5:30:49 PM|9167|11647|78.71|Common|Bronze
7364|Drive through a Repair Shop during a Road Rage|Awarded for driving through an Auto Repair during any Offline Road Rage.|15376|2 Jul 2018 5:15:49 PM|7666|11647|65.82|Common|Bronze
7364|Perform 3 Takedowns|Awarded for performing your third Takedowns.|15375|2 Jul 2018 5:14:40 PM|11019|11647|94.61|Common|Bronze
7364|Smash 3 Burnout Billboards|Awarded when you smash through your 3rd pristine Burnout Billboard|15374|2 Jul 2018 5:07:16 PM|10935|11647|93.89|Common|Bronze
7364|Complete any Bike Day Road Rule|Awarded when you set your 1st bike Day Road Rule.|15373|2 Jul 2018 4:56:09 PM|5285|5571|65.61|Common|Bronze
7364|Score a Burnout Chain of x4|Awarded for achieving your first Boost Chain of x4.|15372|2 Jul 2018 4:30:21 PM|7100|11647|60.96|Common|Silver
7364|Score a Burnout Chain of x2|Awarded for achieving your first Boost Chain of x2.|15371|2 Jul 2018 4:30:03 PM|8495|11647|72.94|Common|Bronze
7364|Drive on the wrong side of the road for 547 yards|Awarded for driving a distance of 547 yards in Oncoming Traffic in one go.|15370|2 Jul 2018 4:28:37 PM|11194|11647|96.11|Common|Bronze
7364|Survive a Marked Man|Awarded for winning any Offline Marked Man.|15369|2 Jul 2018 4:25:41 PM|9940|11647|85.34|Common|Bronze
7364|Shutdown the Nakamura SI-7|Awarded when you Shutdown the Nakamura SI-7|15368|2 Jul 2018 4:23:13 PM|10274|11647|88.21|Common|Bronze
7364|Drive through 10 sets of Yellow Smash Gates|Awarded when you drive through your 10th set of Yellow Smash Gates|15367|2 Jul 2018 4:18:25 PM|11044|11647|94.82|Common|Bronze
7364|Jump Dead Man's Edge|Awarded when you first jump over Dead Man's Edge in White Mountain.|15366|2 Jul 2018 4:17:44 PM|9075|11647|77.92|Common|Bronze
7364|Earn your 'D' Class License|Awarded when you receive your 'D' Class License|15365|2 Jul 2018 4:16:28 PM|10882|11647|93.43|Common|Silver
7364|Win a race|Awarded for winning any Offline Race|15364|2 Jul 2018 4:16:27 PM|10694|11647|91.82|Common|Bronze
7364|Successfully land your first Super Jump|Awarded when you successfully land your 1st Super Jump.|15363|2 Jul 2018 4:12:34 PM|11135|11647|95.6|Common|Bronze
7364|Repair your car|Awarded for driving through any Auto Repair|15362|2 Jul 2018 4:09:32 PM|11474|11647|98.51|Common|Bronze
7388|Dragon of DoGYMa|Experienced every RIZAP training.|15361|2 Jul 2018 3:29:00 PM|3905|8424|46.36|Uncommon|Bronze
7388|To Be This Good Takes AGES|Played every Club SEGA game.|15360|2 Jul 2018 2:56:35 PM|3084|8424|36.61|Uncommon|Bronze
7388|I'll Have the Calamari|Defeated the Emperor Squid.|15359|2 Jul 2018 12:19:35 PM|3904|8424|46.34|Uncommon|Bronze
7388|This Is My City|Completed 20 types of Trouble Missions.|15358|2 Jul 2018 10:00:49 AM|4182|8424|49.64|Uncommon|Bronze
7388|Kiryu Clan Founder|Assembled the Kiryu Clan.|15357|2 Jul 2018 9:12:58 AM|5509|8424|65.4|Common|Bronze
7388|How Fortuitous|Pulled "Great Blessing" at the temple.|15356|2 Jul 2018 8:53:05 AM|3616|8424|42.92|Uncommon|Bronze
7388|Get Out and Stay Out!|Made a store employee angry at you.|15355|1 Jul 2018 10:41:34 PM|5173|8424|61.41|Common|Bronze
7388|Pretty Tasty|Activated five types of eatery combos.|15354|1 Jul 2018 10:20:40 PM|4640|8424|55.08|Common|Bronze
7388|Tell Me a Story|Completed 10 substories.|15353|1 Jul 2018 9:18:19 PM|5360|8424|63.63|Common|Bronze
7388|Can of Whoop Ass|Engaged enemies while a drink's effect is active.|15352|1 Jul 2018 8:31:07 PM|6688|8424|79.39|Common|Bronze
7388|Thank You.|Completed all of the main story.|15351|1 Jul 2018 5:36:38 PM|4857|8424|57.66|Common|Silver
7388|Cycle of Blood|Completed Chapter 12.|15350|1 Jul 2018 3:37:16 PM|5055|8424|60.01|Common|Bronze
7388|No Photos!|Got surrounded by enemies while trying to take a picture.|15349|1 Jul 2018 2:43:10 PM|4541|8424|53.91|Common|Bronze
7388|Vitality of the Dragon|Raised Defense to a natural 150.|15348|1 Jul 2018 2:39:04 PM|5709|8424|67.77|Common|Bronze
7388|The Secret of Onomichi|Completed Chapter 10.|15347|1 Jul 2018 1:40:39 PM|5312|8424|63.06|Common|Bronze
7388|Not the Brightest Idea|Jumped from a dangerously high place.|15346|1 Jul 2018 11:21:56 AM|6049|8424|71.81|Common|Bronze
7388|Skill Pro|Obtained 25 skills.|15345|1 Jul 2018 10:02:37 AM|6431|8424|76.34|Common|Bronze
7388|Maybe You Can Do It|Completed 31 items on the Completion List.|15344|1 Jul 2018 9:32:12 AM|6460|8424|76.69|Common|Bronze
