3547|The Old Blood master|Collect all trophies|9000|28 Jul 2018 12:24:31 AM|12450|66803|18.64|Rare|Platinum
3547|Graveyard combat master|Achieve gold medal for this challenge map|8999|28 Jul 2018 12:24:31 AM|12687|66803|18.99|Rare|Bronze
3547|Bathhouse combat master|Achieve gold medal for this challenge map|8998|27 Jul 2018 11:53:58 PM|12733|66803|19.06|Rare|Bronze
3547|Workshop combat master|Achieve gold medal for this challenge map|8997|27 Jul 2018 10:19:56 PM|12656|66803|18.95|Rare|Bronze
3547|Wulfburg square combat master|Achieve gold medal for this challenge map|8996|27 Jul 2018 9:33:05 PM|12806|66803|19.17|Rare|Bronze
3547|Paderborn bridge combat master|Achieve gold medal for this challenge map|8995|27 Jul 2018 7:55:31 PM|12957|66803|19.4|Rare|Bronze
3547|Caves combat master|Achieve gold medal for this challenge map|8994|27 Jul 2018 6:22:59 PM|13050|66803|19.54|Rare|Bronze
3547|Cable car platform combat master|Achieve gold medal for this challenge map|8993|26 Jul 2018 8:01:58 PM|13357|66803|19.99|Rare|Bronze
3547|Keep foyer combat master|Achieve gold medal for this challenge map|8992|26 Jul 2018 5:28:19 PM|14520|66803|21.74|Uncommon|Bronze
3547|Prison docks combat master|Achieve gold medal for this challenge map|8991|26 Jul 2018 5:08:53 PM|14952|66803|22.38|Uncommon|Bronze
3547|Research centre combat master|Achieve gold medal for this challenge map|8990|26 Jul 2018 4:43:33 PM|17847|66803|26.72|Uncommon|Bronze
3547|Carry heavy machinegun|Unlock the Carry heavy machinegun perk|8989|26 Jul 2018 2:25:32 PM|21957|66803|32.87|Uncommon|Bronze
3547|Kampfpistole ammo storage upgrade|Unlock the Kampfpistole ammo storage upgrade perk|8988|26 Jul 2018 2:08:16 PM|25672|66803|38.43|Uncommon|Bronze
3547|Armor upgrade II|Unlock the Armor upgrade II perk|8987|26 Jul 2018 2:00:10 PM|23043|66803|34.49|Uncommon|Bronze
3547|Eagle Eye|Unlock the Eagle Eye perk|8986|26 Jul 2018 1:43:59 PM|29953|66803|44.84|Uncommon|Bronze
3547|Vampire|Unlock the Vampire perk|8985|26 Jul 2018 1:40:06 PM|40894|66803|61.22|Common|Bronze
3547|Quick turn|Unlock the Quick turn perk|8984|26 Jul 2018 1:33:50 PM|28287|66803|42.34|Uncommon|Bronze
3547|Tough Skin|Unlock the Tough Skin perk|8983|26 Jul 2018 1:30:24 PM|31041|66803|46.47|Uncommon|Bronze
3547|Annette saved|Choose to save Annette|8982|26 Jul 2018 12:10:10 AM|32555|66803|48.73|Uncommon|Bronze
3547|Über hero|Complete game on ÜBER|8981|25 Jul 2018 11:54:53 PM|18692|66803|27.98|Uncommon|Silver
3547|Super hero|Complete game on I AM DEATH INCARNATE! (or ÜBER)|8980|25 Jul 2018 11:54:52 PM|20836|66803|31.19|Uncommon|Silver
3547|Hero|Complete game on any difficulty|8979|25 Jul 2018 9:44:38 PM|41422|66803|62.01|Common|Silver
3547|Gold master|Collect 64 gold items|8978|25 Jul 2018 9:30:05 PM|18935|66803|28.34|Uncommon|Gold
3547|Die, Grösse, die!|Complete all nightmare levels|8977|25 Jul 2018 9:21:29 PM|20041|66803|30.0|Uncommon|Gold
3547|Guten tag!|Complete the nightmare boss level|8976|25 Jul 2018 9:21:27 PM|28064|66803|42.01|Uncommon|Silver
3547|Postman|Collect all letters|8975|25 Jul 2018 8:52:51 PM|20400|66803|30.54|Uncommon|Gold
3547|Health upgrade III|Unlock the Health upgrade III perk|8974|25 Jul 2018 6:46:13 PM|38894|66803|58.22|Common|Bronze
3547|Grenade belt|Unlock the Grenade belt perk|8973|25 Jul 2018 6:46:11 PM|43088|66803|64.5|Common|Bronze
3547|Health upgrade II|Unlock the Health upgrade II perk|8972|25 Jul 2018 6:42:28 PM|40536|66803|60.68|Common|Bronze
3547|Health upgrade I|Unlock the Health upgrade I perk|8971|25 Jul 2018 6:42:15 PM|54246|66803|81.2|Common|Bronze
3547|Old town nightmare|Complete the nightmare in chapter 7|8970|25 Jul 2018 6:23:48 PM|22801|66803|34.13|Uncommon|Bronze
3547|Kessler saved|Choose to save Kessler|8969|25 Jul 2018 3:32:09 PM|31426|66803|47.04|Uncommon|Bronze
3547|Ruins nightmare|Complete the nightmare in chapter 6|8968|25 Jul 2018 3:26:59 PM|27600|66803|41.32|Uncommon|Bronze
3547|Reload mash|Unlock the Reload mash perk|8967|25 Jul 2018 3:11:29 PM|44900|66803|67.21|Common|Bronze
3547|Wulfburg nightmare|Complete the nightmare in chapter 5|8966|25 Jul 2018 2:38:46 PM|27455|66803|41.1|Uncommon|Bronze
3547|Armor upgrade I|Unlock the Armor upgrade I perk|8965|25 Jul 2018 2:27:00 PM|46669|66803|69.86|Common|Bronze
3547|Revenge|Complete part one|8964|25 Jul 2018 2:06:52 PM|45760|66803|68.5|Common|Silver
3547|Paperboy|Collect 5 letters|8963|24 Jul 2018 1:30:57 PM|40904|66803|61.23|Common|Bronze
3547|Schockhammer clip upgrade|Unlock the Schockhammer clip upgrade perk|8962|24 Jul 2018 1:24:02 PM|47013|66803|70.38|Common|Bronze
3547|Escape! nightmare|Complete the nightmare in chapter 4|8961|24 Jul 2018 1:20:52 PM|27682|66803|41.44|Uncommon|Bronze
3547|The ecstasy of gold|Collect 32 gold items|8960|24 Jul 2018 1:14:25 PM|29064|66803|43.51|Uncommon|Bronze
3547|Freedom|Escape Castle Wolfenstein|8959|24 Jul 2018 1:00:57 PM|46722|66803|69.94|Common|Bronze
3547|Bombenschuss clip upgrade|Unlock the Bombenschuss clip upgrade perk|8958|24 Jul 2018 12:55:25 PM|44037|66803|65.92|Common|Bronze
3547|Ammunition upgrade|Unlock the Ammunition upgrade perk|8957|24 Jul 2018 12:32:40 PM|36921|66803|55.27|Common|Bronze
3547|Wolfenstein Keep nightmare|Complete the nightmare in chapter 3|8956|23 Jul 2018 7:42:23 PM|28764|66803|43.06|Uncommon|Bronze
3547|Glittering gold|Collect 16 gold items|8955|23 Jul 2018 3:59:04 PM|43922|66803|65.75|Common|Bronze
3547|Docks nightmare|Complete the nightmare in chapter 2|8954|23 Jul 2018 3:27:55 PM|25016|66803|37.45|Uncommon|Bronze
3547|All that glitters|Collect 8 gold items|8953|23 Jul 2018 1:59:23 PM|50800|66803|76.04|Common|Bronze
3547|Prison nightmare|Complete the nightmare in chapter 1|8952|23 Jul 2018 1:50:14 PM|30260|66803|45.3|Uncommon|Bronze
3547|Undercover|Infiltrate Castle Wolfenstein|8951|23 Jul 2018 1:02:00 PM|65232|66803|97.65|Common|Bronze
3547|German Alps nightmare|Complete the prologue nightmare|8950|23 Jul 2018 1:00:00 PM|23914|66803|35.8|Uncommon|Bronze
4172|The King Said|Read all of the King's picture book.|8949|21 Jul 2018 11:46:41 PM|1497|2044|73.24|Common|Silver
4172|Untold Stories|Get to the end of the short episode "The Day the Night Slept (After After)".|8948|21 Jul 2018 10:49:00 PM|1527|2044|74.71|Common|Bronze
4172|Radio Star|Watch all of the Radio episodes.|8947|21 Jul 2018 10:45:19 PM|1549|2044|75.78|Common|Silver
4172|Radio Chick|Watch one of the Radio episodes.|8946|21 Jul 2018 10:42:05 PM|1642|2044|80.33|Common|Bronze
4172|Happy New Year!|Get to the end of the short episode "Pigeon Shrine Visit".|8945|21 Jul 2018 10:41:28 PM|1495|2044|73.14|Common|Bronze
4172|Immature Adult Bird|Get to the end of the short episode "Legumentine's Chronicles".|8944|21 Jul 2018 10:34:53 PM|1552|2044|75.93|Common|Bronze
4172|Thank You, Mom!|Get to the end of the short episode "Midnight Attack of the Nightmare".|8943|21 Jul 2018 10:34:18 PM|1535|2044|75.1|Common|Bronze
4172|Black in the Dark|Get to the end of the short episode "Albert's Secret".|8942|21 Jul 2018 10:33:52 PM|1515|2044|74.12|Common|Bronze
4172|Come to Kyoto|Get to the end of the short episode "Preliminary Inspection".|8941|21 Jul 2018 10:32:21 PM|1515|2044|74.12|Common|Bronze
4172|Live Long with Your Own Sins|Get to the end of the fourth episode.|8940|21 Jul 2018 10:30:55 PM|1529|2044|74.8|Common|Gold
4172|Happy Kingdoms|Get to the end of the third episode.|8939|21 Jul 2018 10:20:30 PM|1559|2044|76.27|Common|Silver
4172|Golden Madness|Get to the end of the second episode.|8938|21 Jul 2018 10:13:28 PM|1580|2044|77.3|Common|Bronze
4172|Merry Christmas!|Get to the end of the first episode.|8937|21 Jul 2018 10:08:49 PM|1688|2044|82.58|Common|Bronze
4997|White|You're almost free...|8936|21 Jul 2018 4:44:03 PM|710|2049|34.65|Uncommon|Gold
4997|Green|You entered the Greenshift.|8935|21 Jul 2018 3:53:31 PM|1174|2049|57.3|Common|Gold
4997|Blue|You entered the Blueshift.|8934|21 Jul 2018 3:49:42 PM|1317|2049|64.28|Common|Silver
4997|The "Truth"|Explore another perspective for the truth.|8933|21 Jul 2018 3:47:22 PM|1457|2049|71.11|Common|Silver
4997|Your Mind|Enter the corrupt memory.|8932|21 Jul 2018 3:44:39 PM|1550|2049|75.65|Common|Silver
4997|Nice Try|You tried to shutdown the AI again. What did you think was going to happen?|8931|21 Jul 2018 3:43:15 PM|1493|2049|72.86|Common|Bronze
4997|AI Shutdown|You found the "A.I. shutdown" switch and used it.|8930|21 Jul 2018 3:40:10 PM|1630|2049|79.55|Common|Bronze
4997|The Loop|Force the chamber to power cycle.|8929|21 Jul 2018 3:32:52 PM|1842|2049|89.9|Common|Bronze
6079|Platinum|Unlock every Trophy.|8928|20 Jul 2018 8:51:05 PM|2436|2903|83.91|Common|Platinum
6079|Good Heart|Finish the additional Story|8927|20 Jul 2018 8:51:05 PM|2600|2903|89.56|Common|Gold
6079|Expert Gamer|Finish the game in Expert mode|8926|20 Jul 2018 8:23:16 PM|2504|2903|86.26|Common|Gold
6079|The Best Granddaughter|Save your Grandma|8925|20 Jul 2018 8:22:53 PM|2642|2903|91.01|Common|Silver
6079|Mythology Expert|Find all cards from the Bestiary|8924|20 Jul 2018 8:21:49 PM|2462|2903|84.81|Common|Gold
6079|Sharp-Eyed Investigator|Complete all Hidden Object Puzzles without hints|8923|20 Jul 2018 8:20:20 PM|2529|2903|87.12|Common|Gold
6079|Mastermind|Finish all minigames without skipping|8922|20 Jul 2018 8:17:05 PM|2572|2903|88.6|Common|Gold
6079|Rescuer|Free the Lilacus|8921|20 Jul 2018 8:14:51 PM|2644|2903|91.08|Common|Silver
6079|Botanist of the Year|Save the Fern Flower from extinction|8920|20 Jul 2018 8:11:14 PM|2645|2903|91.11|Common|Silver
6079|World-Class Botanist|Find all ethereal flowers|8919|20 Jul 2018 7:38:05 PM|2566|2903|88.39|Common|Gold
6079|Persistence|Get into the castle|8918|20 Jul 2018 7:21:30 PM|2659|2903|91.59|Common|Silver
6079|Taming of the Screw|Defeat a flying opponent|8917|20 Jul 2018 7:16:18 PM|2662|2903|91.7|Common|Silver
6079|Legends' Seeker|Find half of the cards from the Bestiary|8916|20 Jul 2018 6:30:47 PM|2675|2903|92.15|Common|Silver
6079|Hearth of the Forest|Find the Oldest Tree in the forest|8915|20 Jul 2018 6:24:23 PM|2686|2903|92.52|Common|Silver
6079|Plants Expert|Find half of all ethereal flowers|8914|20 Jul 2018 6:08:47 PM|2703|2903|93.11|Common|Silver
6079|Sailor|Cross the lake|8913|20 Jul 2018 6:03:09 PM|2725|2903|93.87|Common|Silver
6079|Chit-Chatter|Talk to every creature in the Museum|8912|20 Jul 2018 5:49:04 PM|2680|2903|92.32|Common|Bronze
6079|Helping Hand|Prepare the healing balm|8911|20 Jul 2018 5:44:38 PM|2727|2903|93.94|Common|Bronze
6079|Clever One|Finish three minigames in a row without skipping|8910|20 Jul 2018 5:43:18 PM|2738|2903|94.32|Common|Silver
6079|Fireman|Extinguish the fire|8909|20 Jul 2018 5:35:54 PM|2756|2903|94.94|Common|Bronze
6079|Fast as Lighting|Finish a minigame in less than 1 minute|8908|20 Jul 2018 5:34:25 PM|2765|2903|95.25|Common|Bronze
6079|Curious|Find the first card from the Bestiary|8907|20 Jul 2018 5:32:36 PM|2796|2903|96.31|Common|Bronze
6079|Nature Lover|Find first ethereal flower|8906|20 Jul 2018 5:32:23 PM|2793|2903|96.21|Common|Bronze
6079|Fearless|Get out of the car crashed on the cliff|8905|20 Jul 2018 5:32:19 PM|2787|2903|96.0|Common|Bronze
6079|Fast and Precise|Finish any Hidden Object Puzzle in less then 1 minute|8904|20 Jul 2018 5:31:17 PM|2672|2903|92.04|Common|Bronze
6079|Self-Sufficient Seeker|Complete any Hidden Object Puzzle without using hints|8903|20 Jul 2018 5:31:17 PM|2786|2903|95.97|Common|Bronze
6079|Precise Targeting|Complete one Hidden Object Puzzle with no more than 5 mistakes|8902|20 Jul 2018 5:31:16 PM|2673|2903|92.08|Common|Silver
6079|Hawk Eye|Find 3 Hidden Objects in 3 seconds|8901|20 Jul 2018 5:30:52 PM|2732|2903|94.11|Common|Silver
6844|Slasher|Collect all trophies to unlock the platinum trophy.|8900|12 Jul 2018 11:20:06 PM|783|1256|62.34|Common|Platinum
6844|Gory-gami|Unlock the gorepack called Origami'd.|8899|12 Jul 2018 11:20:06 PM|882|1256|70.22|Common|Bronze
6844|Slay It Again, Sam|Unlock the gorepack called C-flat Face.|8898|12 Jul 2018 11:19:57 PM|858|1256|68.31|Common|Bronze
6844|Cannonball? Run!|Unlock the gorepack called Ball'd Faced Lier.|8897|12 Jul 2018 11:19:48 PM|862|1256|68.63|Common|Silver
6844|Blend It Like Beckham|Unlock the gorepack called Juiced.|8896|12 Jul 2018 11:19:38 PM|869|1256|69.19|Common|Bronze
6844|The Bees|Unlock the gorepack called Not the Bees.|8895|12 Jul 2018 11:19:24 PM|904|1256|71.97|Common|Bronze
6844|Blow Out|Unlock the gorepack called Puffed Up.|8894|12 Jul 2018 11:19:03 PM|827|1256|65.84|Common|Silver
6844|Day of the Dead|Unlock the gorepack called Cinco de Slayo.|8893|12 Jul 2018 11:18:46 PM|846|1256|67.36|Common|Silver
6844|Nailed It!|Unlock the gorepack called Pincusioned.|8892|12 Jul 2018 11:17:39 PM|876|1256|69.75|Common|Bronze
6844|Lawnmower Man|Unlock the gorepack called Party's Over.|8891|12 Jul 2018 11:17:29 PM|826|1256|65.76|Common|Silver
6844|Sheer Terror|Unlock the gorepack called Pruned.|8890|12 Jul 2018 11:17:16 PM|883|1256|70.3|Common|Silver
6844|Hellraiser|Unlock the gorepack called Demonized.|8889|12 Jul 2018 11:17:08 PM|853|1256|67.91|Common|Silver
6844|Firestarter|Unlock the gorepack called Charbroiled.|8888|12 Jul 2018 11:16:57 PM|826|1256|65.76|Common|Bronze
6844|Milton's Revenge|Unlock the gorepack called Face Stapled.|8887|12 Jul 2018 11:16:42 PM|836|1256|66.56|Common|Silver
6844|Little Shop of Horrors|Unlock 13 Gore Packs.|8886|12 Jul 2018 11:16:32 PM|943|1256|75.08|Common|Gold
6844|The Texas Pitchfork Massacre|Unlock the gorepack called Spronged.|8885|12 Jul 2018 11:16:26 PM|874|1256|69.59|Common|Bronze
6844|See No Evil|Unlock the gorepack called Double Blind.|8884|12 Jul 2018 11:16:13 PM|894|1256|71.18|Common|Bronze
6844|The Silencer|Unlock the gorepack called Grenade!.|8883|12 Jul 2018 11:16:01 PM|879|1256|69.98|Common|Bronze
6844|Child's Play|Unlock one new psycho killer using the Mystery Box.|8882|12 Jul 2018 11:15:32 PM|1031|1256|82.09|Common|Bronze
6844|Number of the Best|Kill 666 victims across all Slayaway Camp movies.|8881|12 Jul 2018 11:12:03 PM|810|1256|64.49|Common|Gold
6844|Pupper Master|Unlock 13 Killers using the Mystery Box.|8880|12 Jul 2018 10:03:01 PM|883|1256|70.3|Common|Silver
6844|Creepshow|Unlock 5 Killers using the Mystery Box.|8879|12 Jul 2018 9:59:59 PM|919|1256|73.17|Common|Bronze
6844|Final Destination|Get a score of 25 in Faces of Killed 3.|8878|12 Jul 2018 9:57:09 PM|862|1256|68.63|Common|Silver
6844|I Am Legend|Get a score of 20 in Faces of Killed 3.|8877|12 Jul 2018 9:16:22 PM|928|1256|73.89|Common|Bronze
6844|The Purge|Get a score of 13 in Faces of Killed 3.|8876|12 Jul 2018 9:13:59 PM|965|1256|76.83|Common|Bronze
6844|Grindhouse|Get a score of 5 in Faces of Killed 3.|8875|12 Jul 2018 9:13:55 PM|977|1256|77.79|Common|Bronze
6844|The Grudge|Get a score of 10 in Faces of Killed 3.|8874|12 Jul 2018 9:13:55 PM|974|1256|77.55|Common|Bronze
6844|Galaxy of Terror|Complete Slayaway Camp X "Space Camp".|8873|12 Jul 2018 9:11:29 PM|877|1256|69.82|Common|Silver
6844|Frankenweenie|Complete Slayaway Camp 8 "Manhattan Manslaughter".|8872|12 Jul 2018 9:00:55 PM|888|1256|70.7|Common|Bronze
6844|Graveyard Shift|Complete Slayaway Camp 7 "Office Hours".|8871|12 Jul 2018 8:25:42 PM|907|1256|72.21|Common|Bronze
6844|Shocker|Kill a victim by scaring them into an electric fence.|8870|12 Jul 2018 8:16:44 PM|925|1256|73.65|Common|Bronze
6844|Flatliners|Complete Slayaway Camp 6 "Fatality Ward".|8869|12 Jul 2018 8:15:38 PM|930|1256|74.04|Common|Bronze
6844|Prince of Darkness|Kill a victim when the lights are off.|8868|12 Jul 2018 8:08:58 PM|953|1256|75.88|Common|Bronze
6844|Deep Rising|Complete Slayaway Camp 5 "Bloodbath Beach".|8867|12 Jul 2018 8:07:07 PM|957|1256|76.19|Common|Bronze
6844|Killer of the Elite|Kill a swat cop.|8866|12 Jul 2018 8:06:23 PM|959|1256|76.35|Common|Bronze
6844|Psycho Cop|Kill 30 dumb cops across all Slayaway Camp movies.|8865|12 Jul 2018 8:04:37 PM|967|1256|76.99|Common|Bronze
6844|The Faculty|Complete Slayaway Camp 4 "Slash'em High".|8864|12 Jul 2018 7:59:14 PM|978|1256|77.87|Common|Bronze
6844|Carnival of Souls|Complete Slayaway Camp 3D "The Abusement Park".|8863|12 Jul 2018 7:52:15 PM|1010|1256|80.41|Common|Bronze
6844|House of 100 Corpses|Kill 100 victims across all Slayaway Camp movies.|8862|12 Jul 2018 7:48:24 PM|1043|1256|83.04|Common|Bronze
6844|Faster, Pussycat!|Get through a level with a cat without killing it.|8861|12 Jul 2018 7:47:47 PM|1020|1256|81.21|Common|Bronze
6844|Rest in Pieces|Kill a victim with a Landmine.|8860|12 Jul 2018 7:43:40 PM|1123|1256|89.41|Common|Bronze
6844|The Mummy|Complete Slayaway Camp 2.5 "Another Return to Slayaway Camp".|8859|12 Jul 2018 7:43:05 PM|1116|1256|88.85|Common|Bronze
6844|The Hunger|Kill a victim by knocking over a fridge onto them.|8858|12 Jul 2018 7:39:17 PM|1161|1256|92.44|Common|Bronze
6844|Part II|Complete Slayaway Camp 2 "Return to Slayaway Camp".|8857|12 Jul 2018 7:35:34 PM|1197|1256|95.3|Common|Bronze
6844|The Deep|Kill a victim by scarin them into water.|8856|12 Jul 2018 7:30:28 PM|1217|1256|96.89|Common|Bronze
6844|Maniac Cop|Kill a dumb cop.|8855|12 Jul 2018 7:30:09 PM|1219|1256|97.05|Common|Bronze
6844|Needful Things|Unlock 1 Gore Pack.|8854|12 Jul 2018 7:29:27 PM|1231|1256|98.01|Common|Bronze
6844|My Bloody Valentine|Unlock the gorepack called Broken Heart.|8853|12 Jul 2018 7:29:26 PM|892|1256|71.02|Common|Bronze
6844|Cabin in the Woods|Complete Slayaway Camp.|8852|12 Jul 2018 7:28:55 PM|1231|1256|98.01|Common|Bronze
6844|Six Feet Under|Kill a victim by scaring them into a hole.|8851|12 Jul 2018 7:28:47 PM|1230|1256|97.93|Common|Bronze
6844|Fire Walk With Me|Kill a victim by scaring them into a fire.|8850|12 Jul 2018 7:27:29 PM|1239|1256|98.65|Common|Bronze
6011|Platinum Trophy|A full Trophy cabinet|8849|10 Jul 2018 3:34:01 PM|1464|1715|85.36|Common|Platinum
6011|Masquerade|Collect your mask from Finn|8848|10 Jul 2018 3:34:01 PM|1564|1715|91.2|Common|Gold
6011|Not a happy bunny|Find these weathered toys|8847|10 Jul 2018 3:09:30 PM|1477|1715|86.12|Common|Bronze
6011|Poster Club|Inspect all the film posters in the game|8846|10 Jul 2018 3:09:04 PM|1481|1715|86.36|Common|Gold
6011|Dark Destroyer|Acquire your Umbrakinesis Powers|8845|10 Jul 2018 3:08:28 PM|1583|1715|92.3|Common|Gold
6011|A moment captured|Inspect this instant memory maker|8844|10 Jul 2018 3:07:06 PM|1580|1715|92.13|Common|Bronze
6011|Big Cheater|Look for Finn as quickly as you can|8843|10 Jul 2018 3:05:30 PM|1495|1715|87.17|Common|Gold
6011|Pure Folly|Find this fanciful hideout|8842|10 Jul 2018 3:01:59 PM|1578|1715|92.01|Common|Bronze
6011|Who's the daddy?|An ego waiting to be found|8841|10 Jul 2018 3:00:56 PM|1583|1715|92.3|Common|Silver
6011|Alas, Poor Isaac!|Uncover Isaac's past secrets|8840|10 Jul 2018 3:00:39 PM|1570|1715|91.55|Common|Gold
6011|Redemption|Redeem your mistakes|8839|10 Jul 2018 2:55:52 PM|1546|1715|90.15|Common|Silver
6011|Catharsis|Set Finn's emotions free|8838|10 Jul 2018 2:52:13 PM|1491|1715|86.94|Common|Silver
6011|Fire Starter|Acquire your Pyrokinesis Powers|8837|10 Jul 2018 2:48:43 PM|1594|1715|92.94|Common|Gold
6011|Doodle dandy|Find this moment of teenage fancy|8836|10 Jul 2018 2:45:38 PM|1585|1715|92.42|Common|Bronze
6011|Life Giver|Acquire your Life Powers|8835|10 Jul 2018 2:37:49 PM|1609|1715|93.82|Common|Gold
6011|You spin me right round|Inspect this moment in space|8834|10 Jul 2018 2:32:46 PM|1589|1715|92.65|Common|Bronze
6011|Good kitty|Inspect your purrrfect pet|8833|10 Jul 2018 2:31:41 PM|1580|1715|92.13|Common|Bronze
6011|Prize draw|Inspect this shared success|8832|10 Jul 2018 2:31:24 PM|1572|1715|91.66|Common|Bronze
6011|Green Fingered|Find Grandad's refuge|8831|10 Jul 2018 2:29:01 PM|1623|1715|94.64|Common|Silver
6011|Guitar man|Inspect this once loved instrument|8830|10 Jul 2018 2:28:31 PM|1607|1715|93.7|Common|Bronze
6011|Pull the other one|Inspect this emergency feature|8829|10 Jul 2018 2:23:00 PM|1524|1715|88.86|Common|Silver
6011|Simon Says: Good to Go|Complete your first adventure|8828|10 Jul 2018 2:17:58 PM|1675|1715|97.67|Common|Bronze
6011|Simon Says: Don't lose|Can you beat this nostalgic game?|8827|10 Jul 2018 2:17:57 PM|1529|1715|89.15|Common|Gold
6637|Eye of the Storm|Collect all other trophies.|8826|9 Jul 2018 8:33:53 PM|3215|3398|94.61|Common|Platinum
6637|The End|Fin.|8825|9 Jul 2018 8:33:53 PM|3231|3398|95.09|Common|Gold
6637|Energy Room|Have a rest. Now carry on.|8824|9 Jul 2018 8:27:20 PM|3232|3398|95.11|Common|Gold
6637|Lava Forever|Heatwave.|8823|9 Jul 2018 8:09:04 PM|3242|3398|95.41|Common|Silver
6637|Secret Pipe|Oldest trick in the book.|8822|9 Jul 2018 8:03:12 PM|3228|3398|95.0|Common|Gold
6637|End of the Tunnel|Explore the dead end.|8821|9 Jul 2018 8:01:46 PM|3259|3398|95.91|Common|Gold
6637|Laser Survivor|Making light of the situation.|8820|9 Jul 2018 7:58:42 PM|3257|3398|95.85|Common|Silver
6637|Running into Walls|Sometimes, a hidden passage opens up.|8819|9 Jul 2018 7:55:35 PM|3241|3398|95.38|Common|Gold
6637|Death From Above|Should’ve kept an eye out.|8818|9 Jul 2018 7:50:53 PM|3267|3398|96.14|Common|Silver
6637|Bottom of the Pool|Darkest depths.|8817|9 Jul 2018 7:46:35 PM|3256|3398|95.82|Common|Gold
6637|Jump for Fun|Raindrops keep fallin’ on my head.|8816|9 Jul 2018 7:40:20 PM|3291|3398|96.85|Common|Gold
6637|Shock Therapy|It’ll learn.|8815|9 Jul 2018 7:30:39 PM|3313|3398|97.5|Common|Gold
6637|Spiderbot|Spider-bot, spider-bot…|8814|9 Jul 2018 7:25:34 PM|3278|3398|96.47|Common|Gold
6637|Boogie Time|Just dance.|8813|9 Jul 2018 7:23:25 PM|3347|3398|98.5|Common|Silver
6637|Wreckage|No way back.|8812|9 Jul 2018 7:23:20 PM|3291|3398|96.85|Common|Silver
6188|The end is a new beginning|Obtain all trophies.|8811|9 Jul 2018 5:52:34 PM|15513|56060|27.67|Uncommon|Platinum
6188|Blend-in with the surroundings|Move undetected amongst the shades.|8810|9 Jul 2018 5:52:34 PM|15749|56060|28.09|Uncommon|Silver
6188|Sweet Memory|Reunite with the white shade.|8809|9 Jul 2018 5:49:09 PM|15710|56060|28.02|Uncommon|Gold
6188|To let go|Accept things as they are.|8808|9 Jul 2018 5:49:08 PM|23509|56060|41.94|Uncommon|Gold
6188|No hope|Hit your lowest point.|8807|9 Jul 2018 5:44:10 PM|23536|56060|41.98|Uncommon|Silver
6188|Full Wardrobe|Collect all the outfits.|8806|9 Jul 2018 5:35:16 PM|15730|56060|28.06|Uncommon|Gold
6188|Toyful Child|Collect all the toys.|8805|9 Jul 2018 5:27:12 PM|15822|56060|28.22|Uncommon|Silver
6188|The Truth|Peek through all the keyholes.|8804|9 Jul 2018 5:22:18 PM|15772|56060|28.13|Uncommon|Gold
6188|It's a process|Recompose all the emblems.|8803|9 Jul 2018 5:19:52 PM|15708|56060|28.02|Uncommon|Gold
6188|From the sky to the abyss|Witness the resting place of the once mighty.|8802|9 Jul 2018 5:18:22 PM|15985|56060|28.51|Uncommon|Silver
6188|Racing|Be faster than the Sentinels.|8801|9 Jul 2018 5:10:35 PM|16680|56060|29.75|Uncommon|Bronze
6188|Ask for a miracle|Pay it forward.|8800|9 Jul 2018 5:05:57 PM|23909|56060|42.65|Uncommon|Silver
6188|Lost Lullaby|Complete the lost lullaby.|8799|9 Jul 2018 5:02:39 PM|15825|56060|28.23|Uncommon|Silver
6188|Good intentions|Try to undo a mistake.|8798|9 Jul 2018 3:54:32 PM|16102|56060|28.72|Uncommon|Silver
6188|Bite the dust|Break the five strange statues.|8797|9 Jul 2018 3:50:23 PM|16097|56060|28.71|Uncommon|Silver
6188|What lies in the deep|Find the shark.|8796|9 Jul 2018 2:57:54 PM|18395|56060|32.81|Uncommon|Silver
6188|Without a trace|Respect the past.|8795|9 Jul 2018 2:52:40 PM|19732|56060|35.2|Uncommon|Bronze
6188|Hold your breath|Use only one bubble in the underwater cave.|8794|9 Jul 2018 2:52:33 PM|15962|56060|28.47|Uncommon|Silver
6188|Patience|Turning your back to the truth and persevering will lead you nowhere.|8793|9 Jul 2018 2:41:09 PM|16590|56060|29.59|Uncommon|Bronze
6188|Unbearable|From victim to victor.|8792|9 Jul 2018 1:32:10 PM|26967|56060|48.1|Uncommon|Bronze
6188|Wrong direction|The other way was safer.|8791|9 Jul 2018 1:28:53 PM|16815|56060|29.99|Uncommon|Bronze
6188|Jars in the sand|Break many jars.|8790|9 Jul 2018 1:25:27 PM|22103|56060|39.43|Uncommon|Bronze
6188|Lighten up|Lit many lights.|8789|9 Jul 2018 12:06:01 AM|27375|56060|48.83|Uncommon|Bronze
6188|Don't say no|Leave denial behind.|8788|8 Jul 2018 8:56:05 PM|33366|56060|59.52|Common|Bronze
6188|The path of light|Bring light to the labyrinth of darkness.|8787|8 Jul 2018 8:49:31 PM|21758|56060|38.81|Uncommon|Bronze
6188|Dark and quiet|Complete the labyrinth without making a sound.|8786|8 Jul 2018 8:42:49 PM|17972|56060|32.06|Uncommon|Silver
6188|Funeral flowers|Find a nice resting place.|8785|8 Jul 2018 8:22:41 PM|21554|56060|38.45|Uncommon|Bronze
6188|Careful steps|Don't smash the eggs.|8784|8 Jul 2018 8:10:49 PM|22365|56060|39.89|Uncommon|Bronze
6188|Ancient treasure|Try to wake up the lost Sentinel.|8783|8 Jul 2018 6:33:25 PM|21535|56060|38.41|Uncommon|Silver
6188|That went too far|Throw something as far as you can.|8782|8 Jul 2018 6:01:12 PM|23673|56060|42.23|Uncommon|Bronze
6188|Reckless cannonball|The higher, the funnier!|8781|8 Jul 2018 5:58:45 PM|19357|56060|34.53|Uncommon|Bronze
6188|Happy family|Reunite the family.|8780|8 Jul 2018 5:53:38 PM|21455|56060|38.27|Uncommon|Bronze
5646|Survivor of The Center|You defeated the Guardians of The Center!|8779|8 Jul 2018 12:09:30 AM|1148|1148|13.26|Rare|Gold
5646|Apex Predator|Collect all ARK: Survival Evolved trophies!|8778|7 Jul 2018 11:56:03 PM|2075|65330|3.18|Ultra Rare|Platinum
5646|Master Zoologist|You tamed all of the domesticable creatures on the ARK!|8777|7 Jul 2018 11:56:03 PM|1341|65330|2.05|Ultra Rare|Silver
5646|Map Maker|You've uncovered more than 80% of the Mini-Map!|8776|7 Jul 2018 11:27:53 PM|15910|65330|24.35|Uncommon|Silver
5646|Perfect Explorer|You've discovered 100% of the Explorer Notes on the ARK!|8775|7 Jul 2018 3:58:09 PM|731|7945|3.21|Ultra Rare|Silver
5646|Master Explorer|You've discovered 90% of the Explorer Notes on the ARK!|8774|7 Jul 2018 2:53:18 PM|889|7945|3.9|Ultra Rare|Bronze
5646|Your first day...|You Survived a full day and night on the ARK!|8773|7 Jul 2018 1:56:48 PM|52603|65330|80.52|Common|Bronze
5646|Expert Explorer|You've discovered 80% of the Explorer Notes on the ARK!|8772|7 Jul 2018 1:53:15 PM|926|7945|4.06|Ultra Rare|Bronze
5646|Professional Explorer|You've discovered 70% of the Explorer Notes on the ARK!|8771|7 Jul 2018 1:40:35 PM|1021|7945|4.48|Ultra Rare|Bronze
5646|Adept Explorer|You've discovered 60% of the Explorer Notes on the ARK!|8770|7 Jul 2018 1:24:16 PM|1156|7945|5.07|Very Rare|Bronze
5646|Veteran Explorer|You've discovered 50% of the Explorer Notes on the ARK!|8769|7 Jul 2018 1:10:21 PM|1471|7945|6.46|Very Rare|Bronze
5646|Veteran Paleontologist|You unlocked the Dossiers of each of ARK's initial Specimens!|8768|7 Jul 2018 12:23:54 AM|2400|65330|3.67|Ultra Rare|Gold
5646|Studious Explorer|You've discovered 40% of the Explorer Notes on the ARK!|8767|7 Jul 2018 12:13:27 AM|2149|7945|9.43|Very Rare|Bronze
5646|Adventurous Explorer|You've discovered 30% of the Explorer Notes on the ARK!|8766|6 Jul 2018 11:54:18 PM|2782|7945|12.21|Rare|Bronze
5646|Experienced Explorer|You've discovered 20% of the Explorer Notes on the ARK!|8765|6 Jul 2018 11:36:17 PM|4370|7945|19.18|Rare|Bronze
5646|Beginner Explorer|You discovered 10% of the Explorer Notes on the ARK!|8764|6 Jul 2018 11:16:45 PM|7945|7945|34.87|Uncommon|Bronze
5646|Lowest Depth|You've reached the bottom of the ARK's oceans!|8763|6 Jul 2018 10:13:16 PM|16205|65330|24.8|Uncommon|Gold
5646|Highest Peak|You've reached the highest mountain peak of the ARK!|8762|6 Jul 2018 10:12:48 PM|13409|65330|20.53|Uncommon|Gold
5646|Survivor Evolved|You've defeated ARK's first three Ultimate Life Forms! And yet...|8761|6 Jul 2018 10:10:57 PM|8064|65330|12.34|Rare|Gold
5646|Master Survivor|You defeated ARK's third Ultimate Life Form!|8760|6 Jul 2018 10:10:55 PM|9548|65330|14.62|Rare|Gold
5646|Expert Survivor|You defeated ARK's second Ultimate Life Form!|8759|6 Jul 2018 10:00:59 PM|10384|65330|15.89|Rare|Gold
5646|Veteran Survivor|You defeated ARK's first Ultimate Life Form!|8758|6 Jul 2018 9:57:22 PM|11784|65330|18.04|Rare|Gold
5646|Cure-All|You've cured yourself of Swamp Fever!|8757|6 Jul 2018 9:46:13 PM|8469|65330|12.96|Rare|Gold
5646|Alpha Ascension|You Ascended off the ARK, at Alpha level!|8756|6 Jul 2018 9:38:14 PM|4632|9145|18.95|Rare|Gold
5646|Beta Ascension|You Ascended off the ARK, at Beta level!|8755|6 Jul 2018 9:35:59 PM|7763|9145|31.76|Uncommon|Silver
5646|Gamma Ascension|You Ascended off the ARK, at Gamma level!|8754|6 Jul 2018 9:34:22 PM|5365|9145|21.95|Uncommon|Bronze
5646|Artifact Archaeologist|You personally retrieved all the Artifacts!|8753|6 Jul 2018 7:03:57 PM|3933|65330|6.02|Very Rare|Gold
5646|Your first Dino...|You Tamed a Dinosaur!|8752|6 Jul 2018 6:18:34 PM|45271|65330|69.3|Common|Bronze
5646|Giga Rider|You rode on the back of a Giganotosaurus!|8751|6 Jul 2018 6:11:51 PM|17199|65330|26.33|Uncommon|Silver
5646|Maximum Dinosaur|One of your Dinosaur's reached Maximum Level!|8750|6 Jul 2018 6:10:50 PM|17681|65330|27.06|Uncommon|Silver
5646|Rex Rider|You rode on the back of a T-Rex!|8749|6 Jul 2018 6:09:02 PM|29311|65330|44.87|Uncommon|Silver
5646|Your first Ride...|You Rode a Dinosaur!|8748|6 Jul 2018 6:09:01 PM|46664|65330|71.43|Common|Bronze
5646|Maximum Survivor|You reached the Maximum Survivor Level!|8747|6 Jul 2018 5:48:01 PM|21999|65330|33.67|Uncommon|Silver
6763|The Eye that sees all|Collect all the trophies|8746|6 Jul 2018 12:36:47 PM|377|1118|33.72|Uncommon|Platinum
6763|The Priest|Find Lafcadio Boone's mask|8745|6 Jul 2018 12:36:47 PM|478|1118|42.75|Uncommon|Bronze
6763|The Guests|Watch all the scenes in chapter 2|8744|6 Jul 2018 12:32:01 PM|471|1118|42.13|Uncommon|Silver
6763|The Rich Man|Watch Vanderberg's murder|8743|6 Jul 2018 12:29:04 PM|550|1118|49.19|Uncommon|Bronze
6763|The Secrets|Watch all the scenes in chapter 3|8742|6 Jul 2018 12:28:56 PM|485|1118|43.38|Uncommon|Silver
6763|The House|Watch all the scenes in chapter 1|8741|6 Jul 2018 12:26:35 PM|488|1118|43.65|Uncommon|Silver
6763|The Liars|Watch all the scenes in chapter 4|8740|6 Jul 2018 12:21:47 PM|423|1118|37.84|Uncommon|Silver
6763|The Father|Watch Mundy's death|8739|6 Jul 2018 11:59:27 AM|509|1118|45.53|Uncommon|Bronze
6763|The Spy|Watch Bernhardt putting on makeup|8738|6 Jul 2018 11:55:59 AM|595|1118|53.22|Common|Bronze
6763|The Butler|Try to bang the gong|8737|6 Jul 2018 11:53:13 AM|619|1118|55.37|Common|Bronze
6763|The Hatter|Find the hats|8736|5 Jul 2018 11:43:14 PM|502|1118|44.9|Uncommon|Bronze
6763|The Astronomer|Look through the telescope|8735|5 Jul 2018 11:41:40 PM|512|1118|45.8|Uncommon|Bronze
6763|The Best Friend|Find Edison's food bowl|8734|5 Jul 2018 11:41:02 PM|432|1118|38.64|Uncommon|Bronze
6763|The Fox|Find the fox|8733|5 Jul 2018 11:39:47 PM|556|1118|49.73|Uncommon|Bronze
6763|The Follower|Activate Following mode|8732|5 Jul 2018 11:35:24 PM|1031|1118|92.22|Common|Bronze
6763|The Park Ranger|Find Deadlight logo|8731|5 Jul 2018 11:34:21 PM|491|1118|43.92|Uncommon|Bronze
6763|The Mailman|Find all the letters from the guests|8730|5 Jul 2018 11:33:05 PM|448|1118|40.07|Uncommon|Silver
6763|The Photographer|Find old photos of all the characters|8729|5 Jul 2018 11:27:20 PM|430|1118|38.46|Uncommon|Silver
6763|The Reporter|Find all the newspapers clips|8728|5 Jul 2018 11:24:09 PM|391|1118|34.97|Uncommon|Silver
6763|The Altruist|Find all of Tesla's diaries|8727|5 Jul 2018 11:16:59 PM|393|1118|35.15|Uncommon|Gold
6763|The Mad Writer|Find the library receipt|8726|5 Jul 2018 11:10:17 PM|594|1118|53.13|Common|Bronze
6763|The Room Service|Go to the hotel room|8725|5 Jul 2018 11:01:47 PM|412|1118|36.85|Uncommon|Gold
6763|The Genius|Watch Edison play chess|8724|5 Jul 2018 3:28:01 PM|599|1118|53.58|Common|Bronze
6763|The Collector|Collect all the clues|8723|5 Jul 2018 3:27:59 PM|455|1118|40.7|Uncommon|Silver
6763|The Scientist|Find the first Tesla Diary|8722|5 Jul 2018 3:12:47 PM|708|1118|63.33|Common|Bronze
6763|The Missing Husband|Find the Ulysses poem|8721|5 Jul 2018 3:10:45 PM|666|1118|59.57|Common|Bronze
6763|The Lovers|Watch Bernhardt and Mundy recite Shakespeare|8720|5 Jul 2018 3:10:04 PM|531|1118|47.5|Uncommon|Bronze
6763|The Host|Discover who killed Tesla|8719|5 Jul 2018 2:57:33 PM|558|1118|49.91|Uncommon|Gold
6763|The Sailor|Listen to the lullaby|8718|5 Jul 2018 2:55:55 PM|411|1118|36.76|Uncommon|Bronze
6763|The Time Traveller|Travel back in time with Flora|8717|5 Jul 2018 2:51:01 PM|559|1118|50.0|Uncommon|Gold
6763|The Cartographer|Explore the entire Island|8716|5 Jul 2018 2:49:40 PM|575|1118|51.43|Common|Silver
6763|The Shadow|Watch Gustav for the entire game|8715|5 Jul 2018 2:32:13 PM|477|1118|42.67|Uncommon|Silver
6763|The Meddler|Find the secret workshop in the basement|8714|5 Jul 2018 2:27:27 PM|698|1118|62.43|Common|Bronze
6763|The Detective|Watch Gustav's fall|8713|5 Jul 2018 2:15:10 PM|546|1118|48.84|Uncommon|Bronze
6763|The Medium|Use the Spirit Radio|8712|5 Jul 2018 2:02:43 PM|419|1118|37.48|Uncommon|Bronze
6763|The Chemist|Find the chemistry notes|8711|5 Jul 2018 2:01:04 PM|617|1118|55.19|Common|Bronze
6763|The Ghost|Be walked through by a character|8710|5 Jul 2018 1:18:48 PM|996|1118|89.09|Common|Bronze
6455|Energy Cycle Platinum|Good job! Completed all tasks!|8709|4 Jul 2018 9:25:08 PM|6867|7155|95.97|Common|Platinum
6455|Infinity Layer #50|Passed through layer #50 in Infinite Play mode|8708|4 Jul 2018 9:25:08 PM|6938|7155|96.97|Common|Gold
6455|Infinity Layer #40|Passed through layer #40 in Infinite Play mode|8707|4 Jul 2018 9:25:03 PM|6938|7155|96.97|Common|Gold
6455|Infinity Layer #30|Passed through layer #30 in Infinite Play mode|8706|4 Jul 2018 9:24:57 PM|6940|7155|97.0|Common|Silver
6455|Infinity Layer #20|Passed through layer #20 in Infinite Play mode|8705|4 Jul 2018 9:24:52 PM|6949|7155|97.12|Common|Silver
6455|Infinity Layer #10|Passed through layer #10 in Infinite Play mode|8704|4 Jul 2018 9:24:46 PM|6976|7155|97.5|Common|Bronze
6455|Time Attack Layer #30|Passed through layer #30 in Time Attack mode|8703|4 Jul 2018 9:23:55 PM|6943|7155|97.04|Common|Gold
6455|Time Attack Layer #20|Passed through layer #20 in Time Attack mode|8702|4 Jul 2018 9:23:50 PM|6948|7155|97.11|Common|Gold
6455|Time Attack Layer #10|Passed through layer #10 in Time Attack mode|8701|4 Jul 2018 9:23:45 PM|6979|7155|97.54|Common|Silver
6455|Game Completed|Energy Cycle is complete|8700|4 Jul 2018 9:23:21 PM|6904|7155|96.49|Common|Gold
6455|Level 27 Completed|Part of the cycle is complete|8699|4 Jul 2018 9:22:58 PM|6910|7155|96.58|Common|Gold
6455|Level 24 Completed|Part of the cycle is complete|8698|4 Jul 2018 9:21:36 PM|6913|7155|96.62|Common|Gold
6455|Level 21 Completed|Part of the cycle is complete|8697|4 Jul 2018 9:20:16 PM|6919|7155|96.7|Common|Gold
6455|Level 18 Completed|Part of the cycle is complete|8696|4 Jul 2018 9:19:06 PM|6926|7155|96.8|Common|Silver
6455|Level 15 Completed|Part of the cycle is complete|8695|4 Jul 2018 9:17:56 PM|6928|7155|96.83|Common|Silver
6455|Level 12 Completed|Part of the cycle is complete|8694|4 Jul 2018 9:16:56 PM|6933|7155|96.9|Common|Silver
6455|Level 9 Completed|Part of the cycle is complete|8693|4 Jul 2018 9:15:50 PM|6955|7155|97.2|Common|Bronze
6455|Level 6 Completed|Part of the cycle is complete|8692|4 Jul 2018 9:14:51 PM|6985|7155|97.62|Common|Bronze
6455|Level 3 Completed|Part of the cycle is complete|8691|4 Jul 2018 9:13:47 PM|7034|7155|98.31|Common|Bronze
7435|Hooah|In it for life.|8690|4 Jul 2018 9:03:21 PM|12967|13157|98.56|Common|Platinum
7435|Sergeant Major|I majored in sargeantology.|8689|4 Jul 2018 9:03:21 PM|12967|13157|98.56|Common|Gold
7435|Sergeant First Class|Call me sarge.|8688|4 Jul 2018 9:03:20 PM|12970|13157|98.58|Common|Gold
7435|Master Sergeant|Call me master.|8687|4 Jul 2018 9:03:20 PM|12969|13157|98.57|Common|Gold
7435|Sergeant|Don't call me sarge.|8686|4 Jul 2018 9:03:10 PM|12977|13157|98.63|Common|Gold
7435|Staff Sergeant|Staffing up.|8685|4 Jul 2018 9:03:10 PM|12973|13157|98.6|Common|Gold
7435|Corporal|Corporal diem.|8684|4 Jul 2018 9:03:03 PM|12979|13157|98.65|Common|Gold
7435|Specialist|Well isn't that special.|8683|4 Jul 2018 9:03:02 PM|12980|13157|98.65|Common|Gold
7435|Private 1st Class|First at bat.|8682|4 Jul 2018 9:03:01 PM|12983|13157|98.68|Common|Gold
7435|Private 2nd Class|Second comes first.|8681|4 Jul 2018 9:03:00 PM|12990|13157|98.73|Common|Gold
7435|Private|Everybody starts somewhere.|8680|4 Jul 2018 9:02:59 PM|12992|13157|98.75|Common|Gold
7435|Boot Camp|Settle in, buttercup.|8679|4 Jul 2018 9:02:52 PM|12997|13157|98.78|Common|Silver
7435|Deployed|See the world, they said.|8678|4 Jul 2018 9:02:52 PM|12995|13157|98.77|Common|Gold
7435|Drafted|We are soldiers now.|8677|4 Jul 2018 9:02:51 PM|13000|13157|98.81|Common|Silver
6694|Platinum|Unlock every Trophy.|8676|4 Jul 2018 3:05:18 PM|1265|1503|84.17|Common|Platinum
6694|Choose well|Play the game again and make different choices|8675|4 Jul 2018 3:05:18 PM|1270|1503|84.5|Common|Gold
6694|Expert Gamer|Finish the game in Expert mode|8674|4 Jul 2018 2:06:50 PM|1311|1503|87.23|Common|Gold
6694|Savior|Free Jenny|8673|4 Jul 2018 2:06:45 PM|1370|1503|91.15|Common|Silver
6694|Consequences|Face consequences of your decisions|8672|4 Jul 2018 2:06:31 PM|1370|1503|91.15|Common|Bronze
6694|Hero|Defeat Tvardovsky|8671|4 Jul 2018 2:06:31 PM|1371|1503|91.22|Common|Bronze
6694|Mastermind|Finish all Minigames without skipping|8670|4 Jul 2018 2:05:57 PM|1331|1503|88.56|Common|Gold
6694|Talkative|Talk with all Imps in the game|8669|4 Jul 2018 2:01:22 PM|1296|1503|86.23|Common|Silver
6694|Mythology Expert|Find all the cards with Imps|8668|4 Jul 2018 1:57:45 PM|1325|1503|88.16|Common|Gold
6694|Through the looking glass|Find all the glimmering mirrors|8667|4 Jul 2018 1:56:44 PM|1294|1503|86.09|Common|Gold
6694|Sharp-Eyed|Complete all Hidden Object Puzzles without using Hints|8666|4 Jul 2018 1:55:12 PM|1335|1503|88.82|Common|Gold
6694|Detective|Find proof for Yanosik|8665|4 Jul 2018 1:41:00 PM|1374|1503|91.42|Common|Silver
6694|Jeweler|Help the Imp to assemble the necklace|8664|4 Jul 2018 1:35:20 PM|1374|1503|91.42|Common|Bronze
6694|Stealth master|Get into Tvardovsky's house|8663|4 Jul 2018 1:18:12 PM|1376|1503|91.55|Common|Bronze
6694|Alchemist|Make elixir for Yanosik|8662|4 Jul 2018 1:12:45 PM|1376|1503|91.55|Common|Bronze
6694|Beauty Expert|Find half of all glimmering mirrors|8661|4 Jul 2018 1:01:07 PM|1379|1503|91.75|Common|Silver
6694|Legends' Seeker|Find half of the cards with Imps|8660|4 Jul 2018 12:55:05 PM|1392|1503|92.61|Common|Silver
6694|Fugitive|Get away from the prison cell|8659|4 Jul 2018 12:47:14 PM|1394|1503|92.75|Common|Bronze
6694|Good Wolf|Put the Wolf to sleep|8658|4 Jul 2018 12:30:49 PM|1398|1503|93.01|Common|Bronze
6694|Clever One|Finish three Minigames in a row without skipping|8657|4 Jul 2018 12:29:09 AM|1405|1503|93.48|Common|Silver
6694|Precise Targeting|Complete three Hidden Object Puzzles with no more than 5 mistakes in each one|8656|4 Jul 2018 12:25:33 AM|1333|1503|88.69|Common|Silver
6694|Decision maker|Make first moral choice in the game|8655|4 Jul 2018 12:19:03 AM|1409|1503|93.75|Common|Silver
6694|Herbalist|Heal wounded Yagna|8654|4 Jul 2018 12:16:07 AM|1431|1503|95.21|Common|Bronze
6694|Mirrors Seeker|Find first glimmering mirror|8653|4 Jul 2018 12:10:14 AM|1433|1503|95.34|Common|Bronze
6694|Chosen One|Get into Tvardovsky's domain|8652|4 Jul 2018 12:08:47 AM|1435|1503|95.48|Common|Bronze
6694|Fast as Lightning|Finish a Minigame in less than 1 minute|8651|4 Jul 2018 12:08:18 AM|1439|1503|95.74|Common|Bronze
6694|Curious|Find the first card with Imp|8650|4 Jul 2018 12:07:19 AM|1440|1503|95.81|Common|Bronze
6694|Fast and Precise|Finish any Hidden Object Puzzle in less than half a minute|8649|4 Jul 2018 12:05:57 AM|1332|1503|88.62|Common|Bronze
6694|Seeker|Complete any Hidden Object Puzzle without using Hints|8648|4 Jul 2018 12:05:57 AM|1445|1503|96.14|Common|Bronze
6694|Hawk Eye|Find 3 Hidden Objects in 3 seconds|8647|4 Jul 2018 12:05:38 AM|1438|1503|95.68|Common|Bronze
6686|Platinum Robot|Unlock all other trophies|8646|3 Jul 2018 9:45:58 PM|1037|1306|79.4|Common|Platinum
6686|The floor is lava|Perform 10 consecutive wall jumps|8645|3 Jul 2018 9:45:58 PM|1143|1306|87.52|Common|Gold
6686|Frogger|Jump 75 times in one level, using the same robot|8644|3 Jul 2018 9:42:12 PM|1132|1306|86.68|Common|Gold
6686|Under pressure|Both robots die smashed together|8643|3 Jul 2018 9:39:48 PM|1142|1306|87.44|Common|Silver
6686|Acid addict|Die 5 times inside an acid pool|8642|3 Jul 2018 9:38:03 PM|1130|1306|86.52|Common|Bronze
6686|Lifeguard|Share energy when your twin is about to die|8641|3 Jul 2018 9:32:54 PM|1187|1306|90.89|Common|Silver
6686|So generous|Give all your energy to your twin|8640|3 Jul 2018 9:32:31 PM|1228|1306|94.03|Common|Gold
6686|Blue tiles|Step on all of them in one level|8639|3 Jul 2018 9:31:33 PM|1245|1306|95.33|Common|Silver
6686|Finished!|Finish all the levels|8638|3 Jul 2018 9:29:50 PM|1046|1306|80.09|Common|Gold
6686|Battery hunter|Collect all batteries across all levels|8637|3 Jul 2018 9:29:50 PM|1042|1306|79.79|Common|Silver
6686|Always together|Finish all the levels with both robots alive|8636|3 Jul 2018 9:29:49 PM|1043|1306|79.86|Common|Gold
6686|Call it even|Finish all the even levels with both robots alive|8635|3 Jul 2018 9:29:47 PM|1043|1306|79.86|Common|Gold
6686|This is odd|Finish all the odd levels with both robots alive|8634|3 Jul 2018 9:22:46 PM|1044|1306|79.94|Common|Gold
6686|Gruyère robot|Die on the spikes over 25 times|8633|3 Jul 2018 8:41:25 PM|1128|1306|86.37|Common|Bronze
6686|Two and two makes 22|Finish level 22 with both robots alive|8632|3 Jul 2018 8:01:09 PM|1055|1306|80.78|Common|Gold
6686|I am the one who knocks|Run against a closed door|8631|3 Jul 2018 5:06:52 PM|1122|1306|85.91|Common|Bronze
6686|No rush|Press the red button at the last minute, just before your twin gets crushed|8630|3 Jul 2018 5:03:30 PM|1199|1306|91.81|Common|Gold
6686|See ya in another life, brotha|Finish a level using only 1 robot, not switching control even once|8629|3 Jul 2018 4:31:48 PM|1192|1306|91.27|Common|Silver
6686|Two on two|Finish level 2 with both robots alive|8628|3 Jul 2018 3:45:42 PM|1251|1306|95.79|Common|Silver
6686|Better together|Reach the exit with both robots|8627|3 Jul 2018 3:43:08 PM|1280|1306|98.01|Common|Bronze
6490|Ye've Done It|“This day, you reach the end of a story,” she continues, “and the last of its paths.”|8626|3 Jul 2018 1:48:12 PM|2671|3192|83.68|Common|Platinum
6490|Foiled by the Tree|The jaws snap shut over the shattered tree, launching the men out into the deepening darkness.|8625|3 Jul 2018 1:48:12 PM|2702|3192|84.65|Common|Silver
6490|Poor Beastie|With a piercing screech, the creature disappears back into the depths.|8624|3 Jul 2018 1:43:54 PM|2706|3192|84.77|Common|Silver
6490|QUITE GOOD AT THROWING|“Great idea!” cuts in Steady Beard. “How about a demonstration?”|8623|3 Jul 2018 1:42:48 PM|2719|3192|85.18|Common|Silver
6490|She's a Goner|Clinging to wooden barrels, they watch their beloved ship sink into the depths.|8622|3 Jul 2018 1:39:07 PM|2722|3192|85.28|Common|Silver
6490|Womenfolk in the Water|Finding the dark water empty, the men quickly regret their course of action.|8621|3 Jul 2018 1:34:06 PM|2767|3192|86.69|Common|Silver
6490|QUITE GOOD AT FLOWERS|“Quick, while we’ve a chance!” whispers Hasty Beard, leading the way to the boat.|8620|3 Jul 2018 1:32:48 PM|2796|3192|87.59|Common|Silver
6490|The Path of Waiting|“Time flows quickly in contemplation of the Great One’s splendor.”|8619|3 Jul 2018 1:30:11 PM|2834|3192|88.78|Common|Bronze
6490|Nice Day|Surfacing, they find themselves men once more, who, for the moment, splash about like happy children under the moonlit sky.|8618|3 Jul 2018 1:28:35 PM|2684|3192|84.09|Common|Gold
6490|In Need of Assistance|Heedless of the warning, the burly seals spread out as they swim, until the spell around them weakens and they become human once more.|8617|3 Jul 2018 1:22:28 PM|2753|3192|86.25|Common|Silver
6490|Vengeance Satisfied|The creature drags the struggling men deeper beneath the waves, finally tossing them aside in disgust.|8616|3 Jul 2018 1:20:56 PM|2760|3192|86.47|Common|Silver
6490|Begone!|The men push off, paddling the raft beyond the island and into the night.|8615|3 Jul 2018 1:17:20 PM|2694|3192|84.4|Common|Gold
6490|Thus is Thy Fate Sealed|With a rumble, the island sinks slowly into the sea, carrying all hands with it.|8614|3 Jul 2018 1:13:04 PM|2716|3192|85.09|Common|Gold
6490|A Bargain to Make|“Right, then. Let’s be off!” commands Brave Beard, striking a leaderly pose.|8613|3 Jul 2018 1:11:50 PM|2723|3192|85.31|Common|Gold
6490|Fountain of the Faithless|“Give me water, and I’ll teach it to carry me!”|8612|3 Jul 2018 1:09:14 PM|2812|3192|88.1|Common|Bronze
6490|Into the Deepening Darkness|The men paddle furiously, but the widening vortex is inescapable.|8611|3 Jul 2018 1:07:22 PM|2738|3192|85.78|Common|Silver
6490|Out of the Deepening Darkness|Collapsing, the maelstrom tosses the men in their barrels toward the surface.|8610|3 Jul 2018 1:01:47 PM|2783|3192|87.19|Common|Silver
6490|The Long Way|“Really very sorry for scuttling your promotion and all that,” offers Steady Beard.|8609|3 Jul 2018 1:00:39 PM|2823|3192|88.44|Common|Silver
6490|Well Met…|“Er, hullo,” stammers Brave Beard.|8608|3 Jul 2018 12:56:38 PM|2829|3192|88.63|Common|Gold
6490|The Back Door|Following the glow of moonlight, the men step out eagerly into the night.|8607|3 Jul 2018 12:54:33 PM|2738|3192|85.78|Common|Silver
6490|…Bearded Travelers|The absurdity of underwater speech only adds to the wonder apparent on his face.|8606|3 Jul 2018 12:44:38 PM|2873|3192|90.01|Common|Gold
6490|Getting Your Beards Wet|The orbs lead on, out through the cavern’s deep tunnels and beyond the island.|8605|3 Jul 2018 12:42:56 PM|2748|3192|86.09|Common|Silver
6490|Complimentary Trip to the Afterlife|“Shouldn’t you be a bit more chipper, having won and all?” prods Steady Beard.|8604|3 Jul 2018 12:40:42 PM|2777|3192|87.0|Common|Silver
6490|Wooden Trousers|“Aye, they’ll float,” nods Steady Beard.|8603|3 Jul 2018 12:38:28 PM|2872|3192|89.97|Common|Bronze
6490|Great Barnacled One|It’s dark inside the whale, but the men appear to be intact.|8602|3 Jul 2018 12:36:26 PM|2992|3192|93.73|Common|Bronze
6343|Doubt the State|There's no place like home|8601|2 Jul 2018 9:56:35 PM|1144|1332|85.89|Common|Platinum
6343|Dead Man Walking|Play dead|8600|2 Jul 2018 9:56:35 PM|1154|1332|86.64|Common|Silver
6343|Who's There?|Occupied|8599|2 Jul 2018 9:41:52 PM|1150|1332|86.34|Common|Gold
6343|In God We Trust|Confess for the State|8598|2 Jul 2018 9:33:06 PM|1146|1332|86.04|Common|Gold
6343|At The Gates|Welcome To The City|8597|2 Jul 2018 9:28:26 PM|1160|1332|87.09|Common|Silver
6343|Remember, Remember|Childhood ghosts|8596|2 Jul 2018 9:23:36 PM|1161|1332|87.16|Common|Gold
6343|Unexpected Journey|What goes around ...|8595|2 Jul 2018 7:22:14 PM|1148|1332|86.19|Common|Gold
6343|Fez|I'm so pretty!|8594|2 Jul 2018 6:39:28 PM|1149|1332|86.26|Common|Gold
6343|Step Into The Light|Breathe in|8593|2 Jul 2018 6:23:48 PM|1189|1332|89.26|Common|Silver
6343|High Hopes|Cheers!|8592|2 Jul 2018 6:09:25 PM|1168|1332|87.69|Common|Gold
6343|Garage Days|I confess!|8591|2 Jul 2018 6:02:16 PM|1176|1332|88.29|Common|Gold
6343|VCR vs Communism|Kung-fu movie time!|8590|2 Jul 2018 4:57:45 PM|1168|1332|87.69|Common|Gold
6343|Obscure Dissident|Eyes wide open|8589|2 Jul 2018 3:22:16 PM|1189|1332|89.26|Common|Gold
6343|Outlaw|Runaway|8588|2 Jul 2018 3:18:40 PM|1288|1332|96.7|Common|Silver
6343|Working Class Hero|Ingnorance is bliss|8587|2 Jul 2018 3:14:49 PM|1197|1332|89.86|Common|Gold
6042|Platinum Trophy|Acquire all trophies|8586|2 Jul 2018 1:46:39 PM|5817|8404|69.22|Common|Platinum
6042|Choices Matter|Find all main chapters|8585|2 Jul 2018 1:46:39 PM|6132|8404|72.97|Common|Gold
6042|Protector|Don't give in|8584|2 Jul 2018 1:41:13 PM|6789|8404|80.78|Common|Gold
6042|Office Clerk|Take the high road|8583|2 Jul 2018 1:12:54 PM|6754|8404|80.37|Common|Silver
6042|Expert Storyteller|Watch all seven endings|8582|2 Jul 2018 12:49:58 PM|5857|8404|69.69|Common|Gold
6042|The Delivery|Reject the offer|8581|2 Jul 2018 12:49:57 PM|6870|8404|81.75|Common|Silver
6042|The Bribe|Accept the offer|8580|2 Jul 2018 12:44:49 PM|6627|8404|78.86|Common|Silver
6042|The Frenzy|Pull the trigger|8579|2 Jul 2018 12:39:44 PM|6887|8404|81.95|Common|Silver
6042|The Fool|Fall for the bluff|8578|2 Jul 2018 12:30:40 PM|6373|8404|75.83|Common|Silver
6042|Proficient Storyteller|Watch four endings|8577|2 Jul 2018 12:30:40 PM|6124|8404|72.87|Common|Silver
6042|The Ploy|Convince Parr it's a fake|8576|2 Jul 2018 12:20:22 PM|6408|8404|76.25|Common|Silver
6042|The Lion's Den|Go to the Tchois|8575|2 Jul 2018 12:12:28 PM|6101|8404|72.6|Common|Silver
6042|The Coward|Go home alone|8574|2 Jul 2018 12:05:13 PM|6050|8404|71.99|Common|Silver
6042|Interrogation|Don't cross the line|8573|2 Jul 2018 11:54:40 AM|6276|8404|74.68|Common|Gold
6042|Good Karma|The key to friendship|8572|2 Jul 2018 12:33:28 AM|6766|8404|80.51|Common|Gold
6042|Even Tempered|Don't fight|8571|2 Jul 2018 12:29:31 AM|7561|8404|89.97|Common|Silver
6042|Star-Crossed Lovers|More than just friends?|8570|2 Jul 2018 12:21:04 AM|7148|8404|85.05|Common|Silver
6042|Sabotage|Enter the wrong code|8569|2 Jul 2018 12:05:50 AM|6495|8404|77.28|Common|Gold
6042|Shill Bidder|Defeat the odds|8568|2 Jul 2018 12:01:17 AM|7250|8404|86.27|Common|Silver
6042|Fair Share|Split the share 50/50|8567|1 Jul 2018 11:54:29 PM|7673|8404|91.3|Common|Silver
6042|Cause and Effect|What are the chances?|8566|1 Jul 2018 11:44:22 PM|8272|8404|98.43|Common|Silver
7020|SQUAREBOY VS BULLIES|DEFEAT ALL THE BULLIES|8565|1 Jul 2018 8:42:48 PM|1689|1899|88.94|Common|Platinum
7020|BULLYING IS UNCOOL|FINISH THE GAME|8564|1 Jul 2018 8:42:48 PM|1691|1899|89.05|Common|Gold
7020|BIGGER THEY ARE, HARDER THEY FALL|DEFEAT BIG BOSS BULLY|8563|1 Jul 2018 8:42:08 PM|1691|1899|89.05|Common|Gold
7020|WEAPONS MASTER|HIT ENEMIES BEHIND AND IN FRONT OF YOU WITH A SINGLE SWING OF A WEAPON|8562|1 Jul 2018 8:27:13 PM|1783|1899|93.89|Common|Gold
7020|A BLACK ROBE ALONE MAKETH NOT THE NINJA|DEFEAT NINJA BULLY ON THE SHIP DECK|8561|1 Jul 2018 7:08:36 PM|1744|1899|91.84|Common|Gold
7020|GOTCHA SLIPPERY NINJA|THROW A CRATE ON THE NINJA BULLY ON THE SHIP DECK|8560|1 Jul 2018 7:08:14 PM|1736|1899|91.42|Common|Gold
7020|EARLY DELIVERY|HIT AN ENEMY WITH A CRATE|8559|1 Jul 2018 6:51:17 PM|1751|1899|92.21|Common|Silver
7020|STAND UP FOR EVERYONE|DEFEAT 300 BULLIES|8558|1 Jul 2018 5:55:08 PM|1759|1899|92.63|Common|Gold
7020|HOMERUN|HIT AN ENEMY WITH A BASEBALL BAT|8557|1 Jul 2018 5:44:22 PM|1798|1899|94.68|Common|Silver
7020|UNLEASHED|HIT AN ENEMY WITH A CHAIN|8556|1 Jul 2018 5:44:16 PM|1799|1899|94.73|Common|Silver
7020|BANDANAS ARE SILLY|DEFEAT BANDANA BULLY ON THE HIDEOUT ROOFTOP|8555|1 Jul 2018 5:44:05 PM|1797|1899|94.63|Common|Gold
7020|TAKING OUT THE TRASH|HIT AN ENEMY WITH A TRASH CAN|8554|1 Jul 2018 5:41:16 PM|1807|1899|95.16|Common|Silver
7020|BOXING CHAMP|HIT AN ENEMY WITH A BOX|8553|1 Jul 2018 4:58:43 PM|1821|1899|95.89|Common|Silver
7020|HAYEAHH|THROW AN ENEMY|8552|1 Jul 2018 4:55:41 PM|1874|1899|98.68|Common|Bronze
7020|TIRE OR TYRE?|HIT AN ENEMY WITH A TIRE|8551|1 Jul 2018 4:53:48 PM|1843|1899|97.05|Common|Silver
7020|STAND UP FOR YOUR FRIENDS|DEFEAT 100 BULLIES|8550|1 Jul 2018 4:51:13 PM|1817|1899|95.68|Common|Silver
7020|EYES AT THE BACK|HIT AN ENEMY WITH A BACK PUNCH|8549|1 Jul 2018 4:40:54 PM|1883|1899|99.16|Common|Silver
7020|STAND UP FOR YOURSELF|DEFEAT 10 BULLIES|8548|1 Jul 2018 4:32:13 PM|1880|1899|99.0|Common|Bronze
7020|SO FAST|HIT AN ENEMY WITH A DASH ATTACK|8547|1 Jul 2018 4:30:37 PM|1863|1899|98.1|Common|Bronze
7020|LIKE A TORNADO|HIT AN ENEMY WITH A SPIN PUNCH|8546|1 Jul 2018 4:30:28 PM|1848|1899|97.31|Common|Bronze
7020|A CLEAN SWEEP|HIT AN ENEMY WITH A SPIN KICK|8545|1 Jul 2018 4:30:18 PM|1840|1899|96.89|Common|Silver
7020|TRAINING|DESTROY ALL THE DUMMIES IN THE DOJO|8544|1 Jul 2018 4:28:50 PM|1885|1899|99.26|Common|Bronze
7020|WHAT A KICK|HIT AN ENEMY WITH A JUMP KICK|8543|1 Jul 2018 4:28:44 PM|1886|1899|99.32|Common|Bronze
7020|STRIKER|HIT AN ENEMY WITH A STRIKE COMBO|8542|1 Jul 2018 4:28:33 PM|1883|1899|99.16|Common|Bronze
7020|KNOWLEDGE IS KEY|OPEN THE MOVES LIST IN THE PAUSED MENU|8541|1 Jul 2018 4:28:18 PM|1866|1899|98.26|Common|Bronze
7020|UPPERCUT HERO|HIT AN ENEMY WITH A JUMP PUNCH|8540|1 Jul 2018 4:28:03 PM|1886|1899|99.32|Common|Bronze
7020|GOTCHA|GRAB AN ENEMY|8539|1 Jul 2018 4:28:01 PM|1887|1899|99.37|Common|Bronze
5949|Contributor to the Encyclopaedia Asposia|Unlock all trophies to officially earn the prestigious title "Contributor to the Encyclopaedia Asposia". With this title you'll be able to contribute to the next edition of said encyclopedia as you proofed your deep knowledge of the asposian world and its inhabitants.|8538|1 Jul 2018 4:22:30 PM|692|809|85.54|Common|Platinum
5949|Casual-Gamer|Until now, you’ve been using the help system quite often. You’re a casual-gamer for sure! But hey, the main point is, you’re having fun! And you get one point for being casual. Congrats!|8537|1 Jul 2018 4:22:30 PM|706|809|87.27|Common|Bronze
5949|Mr Wise-Guy|Complete the game without taking hints from the help system. In other words: don’t press L2.|8536|1 Jul 2018 4:18:59 PM|699|809|86.4|Common|Gold
5949|Blabbermouth|Talk to every possible character in Asposia.|8535|1 Jul 2018 4:18:58 PM|696|809|86.03|Common|Gold
5949|Chapter 5 - Asposia's Last Hope|Complete the fifth chapter!|8534|1 Jul 2018 4:18:57 PM|702|809|86.77|Common|Gold
5949|Just a scratch|You just shot a healing-laser in the back of Asposia’s greatest despot. A really disputable achievement. Nevertheless: 20 points, just for you!|8533|1 Jul 2018 4:10:06 PM|698|809|86.28|Common|Silver
5949|Chapter 4 - The Secret of the Basylians|Complete the fourth chapter!|8532|1 Jul 2018 3:58:45 PM|702|809|86.77|Common|Gold
5949|Hedgehog- Anesthesia|You tried to put Fonk to sleep using K.O.-drops. That’s understandable, for he’s the nightmare of your youth.|8531|1 Jul 2018 3:47:05 PM|700|809|86.53|Common|Silver
5949|Chief of BBQ|Congratulations! You made sure Dr. Reminepo was getting so many electric shocks that his brain’s probably toast now.|8530|1 Jul 2018 3:44:47 PM|697|809|86.16|Common|Silver
5949|Chapter 3 - The Abandoned Dynasty|Complete the third chapter!|8529|1 Jul 2018 3:13:01 PM|707|809|87.39|Common|Gold
5949|The Royal Toilet|Hand over brown guest passes to Steve!|8528|1 Jul 2018 2:12:23 PM|702|809|86.77|Common|Silver
5949|Casanova Casonostri|Gift flowers to Gorfelina!|8527|1 Jul 2018 2:05:09 PM|708|809|87.52|Common|Silver
5949|Chapter 2 - The Secret Place in the Root Forest|Complete the second chapter!|8526|1 Jul 2018 1:49:19 PM|714|809|88.26|Common|Gold
5949|Suicide|It’s not the best idea to return an old, trigger-happy wind monk’s glasses, who, even though he’s blind, is able to aim surprisingly good at you.|8525|1 Jul 2018 1:26:47 PM|714|809|88.26|Common|Silver
5949|Master of Stirring|Stir the swamp!|8524|1 Jul 2018 1:24:22 PM|714|809|88.26|Common|Bronze
5949|Gorf-Scratcher|Scratch the Gorf’s head!|8523|1 Jul 2018 1:24:02 PM|721|809|89.12|Common|Bronze
5949|Windfall|A fruit from the tree fell down on the ground. Great work.|8522|1 Jul 2018 1:18:24 PM|718|809|88.75|Common|Bronze
5949|Brainteaser|You smashed a fruit from the tree with your funnel helmet!|8521|1 Jul 2018 1:15:49 PM|722|809|89.25|Common|Bronze
5949|Chapter 1 - The quest for the Silver Fosfos|Complete the first chapter!|8520|1 Jul 2018 1:12:46 PM|730|809|90.23|Common|Gold
5949|Trial and Error|You solved the Mechatre-Puzzle just by trying out things randomly… or by ingenious intuition!|8519|1 Jul 2018 1:04:21 PM|722|809|89.25|Common|Bronze
5949|King of Sins|You thoroughly talked to Ottilie about sins. Your pure soul is a just a tiny bit more corrupted now.|8518|1 Jul 2018 12:32:17 PM|737|809|91.1|Common|Silver
5949|Fresh Breath|Eat a mint!|8517|1 Jul 2018 12:28:39 PM|732|809|90.48|Common|Bronze
5949|Pigeon-Tunnel|You put the pigeon through your special windsock-pigeon-tunnel. Although you couldn’t catch it this way… nice try!|8516|1 Jul 2018 12:22:40 PM|743|809|91.84|Common|Bronze
5949|Schnapps-Dealer|Find some alcohol in the garbage and try to palm it off on the garbage dealer.|8515|1 Jul 2018 12:16:41 PM|746|809|92.21|Common|Silver
7232|Platinum Midnight|Unlock all the trophies.|8514|1 Jul 2018 11:52:32 AM|3233|3311|97.64|Common|Platinum
7232|Expert|Complete 40 levels.|8513|1 Jul 2018 11:52:32 AM|3236|3311|97.73|Common|Gold
7232|Stunned|Die by a laser.|8512|1 Jul 2018 11:42:50 AM|3244|3311|97.98|Common|Gold
7232|Professional|Complete 20 levels.|8511|1 Jul 2018 10:59:48 AM|3254|3311|98.28|Common|Gold
7232|Improving|Complete 10 levels.|8510|1 Jul 2018 10:48:21 AM|3278|3311|99.0|Common|Gold
7232|Not squared anymore|Die by a saw.|8509|1 Jul 2018 10:47:53 AM|3274|3311|98.88|Common|Gold
7232|Stabbed|Die by a spike.|8508|1 Jul 2018 10:46:13 AM|3280|3311|99.06|Common|Gold
7232|Engineer|Pull a lever.|8507|1 Jul 2018 10:45:35 AM|3287|3311|99.28|Common|Gold
7232|Starter|Complete 5 levels.|8506|1 Jul 2018 10:44:42 AM|3289|3311|99.34|Common|Gold
7232|Went to explore|Die by getting out of a level.|8505|1 Jul 2018 10:44:14 AM|3295|3311|99.52|Common|Gold
7232|You made it|Complete level 4 making Midnight's friend smile.|8504|1 Jul 2018 10:43:54 AM|3267|3311|98.67|Common|Gold
7232|Making friends|Bump into one of Midnight's friends.|8503|1 Jul 2018 10:42:31 AM|3292|3311|99.43|Common|Silver
7232|Not overworking|Get 3 stars in one level.|8502|1 Jul 2018 10:38:43 AM|3299|3311|99.64|Common|Gold
7232|Go into the light|Complete level 1.|8501|1 Jul 2018 10:37:22 AM|3305|3311|99.82|Common|Silver
6015|I am the glorious Mr. Massagy!|Unlock all the trophies!|8500|1 Jul 2018 1:09:07 AM|10744|11109|96.71|Common|Platinum
6015|Bytes all over you!|Get a massagy with S.O.N.I.A.|8499|1 Jul 2018 1:09:07 AM|10771|11109|96.96|Common|Gold
6015|Hackerbruh!|Get three stars with S.O.N.I.A|8498|1 Jul 2018 1:08:25 AM|10771|11109|96.96|Common|Gold
6015|How does this even work?|Get a massagy with Papu-Aiye|8497|1 Jul 2018 1:03:42 AM|10820|11109|97.4|Common|Bronze
6015|Expert Datemeister|Date all dates!|8496|1 Jul 2018 1:03:35 AM|10816|11109|97.36|Common|Bronze
6015|Smooth Criminal|Get three stars with all dates!|8495|1 Jul 2018 1:03:34 AM|10774|11109|96.98|Common|Gold
6015|Real people are overrated|Get three stars with Papu-Aiye|8494|1 Jul 2018 1:03:33 AM|10803|11109|97.25|Common|Silver
6015|That's… a lot of toys|Get a massagy with Sarah|8493|1 Jul 2018 1:00:23 AM|10843|11109|97.61|Common|Bronze
6015|Sugar daddy time!|Get three stars with Sarah|8492|1 Jul 2018 1:00:17 AM|10848|11109|97.65|Common|Silver
6015|Proud of your job!|Discover Johnny's true job in Sarah's date.|8491|1 Jul 2018 12:58:27 AM|10765|11109|96.9|Common|Silver
6015|Gotta love these app features|Get a massagy with Martha|8490|1 Jul 2018 12:56:31 AM|10867|11109|97.82|Common|Bronze
6015|Mother trucker!|Get three stars with Martha|8489|1 Jul 2018 12:56:30 AM|10819|11109|97.39|Common|Silver
6015|Who you gonna massage?|Get a massagy with Anne|8488|1 Jul 2018 12:54:15 AM|10826|11109|97.45|Common|Bronze
6015|I hope that's ectoplasm|Get three stars with Anne|8487|1 Jul 2018 12:54:07 AM|10808|11109|97.29|Common|Silver
6015|What a dairy experience|Get a massagy with Dorothy|8486|1 Jul 2018 12:52:21 AM|10842|11109|97.6|Common|Bronze
6015|Moooossagy!|Get three stars with Dorothy|8485|1 Jul 2018 12:52:17 AM|10827|11109|97.46|Common|Silver
6015|Slippery everywhere|Get a massagy with Mayo|8484|1 Jul 2018 12:50:24 AM|10864|11109|97.79|Common|Bronze
6015|Watch the cholesterol|Get three stars with Mayo|8483|1 Jul 2018 12:50:19 AM|10872|11109|97.87|Common|Silver
6015|Poking around|Tap the Mayonnaise|8482|1 Jul 2018 12:49:00 AM|10836|11109|97.54|Common|Bronze
6015|It hurts so gooood...|Get a massagy with Janein|8481|1 Jul 2018 12:45:56 AM|10890|11109|98.03|Common|Bronze
6015|Don't put your massage in crazy, man|Get three stars with Janein|8480|1 Jul 2018 12:45:44 AM|10819|11109|97.39|Common|Silver
6015|You'll be alone forever...|Fail 20 dates.|8479|1 Jul 2018 12:42:54 AM|10780|11109|97.04|Common|Gold
6015|Yo, where's your mojo?|Fail 10 dates.|8478|1 Jul 2018 12:41:17 AM|10811|11109|97.32|Common|Bronze
6015|You win some, you lose some!|Fail 5 dates.|8477|1 Jul 2018 12:40:13 AM|10882|11109|97.96|Common|Bronze
6015|Average Joe|Finish with a two-star date 5 times with any character.|8476|1 Jul 2018 12:39:14 AM|10873|11109|97.88|Common|Bronze
6015|It's something...|Get two stars in any date.|8475|1 Jul 2018 12:38:10 AM|11005|11109|99.06|Common|Silver
6015|Careful with the claws|Get a massagy with Nicole|8474|1 Jul 2018 12:36:43 AM|10954|11109|98.6|Common|Bronze
6015|Awoo!|Get three stars with Nicole|8473|1 Jul 2018 12:36:37 AM|10840|11109|97.58|Common|Silver
6015|You blew it!|Fail any date|8472|1 Jul 2018 12:35:24 AM|11025|11109|99.24|Common|Bronze
6015|Duck killed!|Get killed by Nicole|8471|1 Jul 2018 12:35:16 AM|10895|11109|98.07|Common|Silver
6015|Tutorial with a happy ending|Get a massagy with Rial|8470|1 Jul 2018 12:33:07 AM|11021|11109|99.21|Common|Bronze
6015|You beat the Tuto-Rial!|Get three stars with Rial|8469|1 Jul 2018 12:32:55 AM|10938|11109|98.46|Common|Silver
6015|Moooom! Somebody likes me!|Match a date on Linger|8468|1 Jul 2018 12:30:54 AM|11059|11109|99.55|Common|Gold
6015|Nope!|Reject a date on Linger!|8467|1 Jul 2018 12:30:45 AM|11055|11109|99.51|Common|Bronze
6508|Don't Ruin The Moment|Collect all the Trophies|8466|1 Jul 2018 12:25:51 AM|25653|109519|23.42|Uncommon|Platinum
6508|Cannonball!|Perform an impressive dive from the cliff near the old railroad tracks|8465|1 Jul 2018 12:25:51 AM|31210|109519|28.5|Uncommon|Bronze
7524|Platinum-explosion|Complete all the trophies|8464|1 Jul 2018 12:21:44 AM|1889|2134|88.52|Common|Platinum
7524|Brave|Kill your first enemy in hard mode|8463|1 Jul 2018 12:21:44 AM|1900|2134|89.03|Common|Gold
7524|Kill them all|Kill 100 enemies in Arena Mode|8462|1 Jul 2018 12:21:28 AM|1891|2134|88.61|Common|Gold
7524|Without any mercy|Kill 75 enemies in Arena Mode|8461|1 Jul 2018 12:20:25 AM|1901|2134|89.08|Common|Gold
7524|Getting used|Kill 50 enemies in Arena Mode|8460|1 Jul 2018 12:19:28 AM|1906|2134|89.32|Common|Gold
7524|Kill or get killed|Kill 25 enemies in Arena Mode|8459|1 Jul 2018 12:18:37 AM|1909|2134|89.46|Common|Gold
7524|Unlock the Arena Mode|Reach 100,000 points in Classic Mode|8458|1 Jul 2018 12:17:27 AM|1909|2134|89.46|Common|Gold
7524|Show them who's boss|Reach 75,000 points in Classic Mode|8457|1 Jul 2018 12:17:04 AM|1924|2134|90.16|Common|Gold
7524|Getting better|Reach level 10 in Classic Mode|8456|1 Jul 2018 12:16:24 AM|1960|2134|91.85|Common|Gold
7524|Go get them|Reach 50,000 points in Classic Mode|8455|1 Jul 2018 12:14:05 AM|1963|2134|91.99|Common|Gold
7524|Little by little|Reach 25,000 points in Classic Mode|8454|1 Jul 2018 12:11:39 AM|2013|2134|94.33|Common|Gold
7524|Leveling up|Reach level 5 in Classic Mode|8453|1 Jul 2018 12:10:32 AM|2049|2134|96.02|Common|Gold
7524|Overpowered|Die for the first time|8452|1 Jul 2018 12:08:15 AM|2129|2134|99.77|Common|Silver
7524|Getting Started|Kill your first enemy|8451|1 Jul 2018 12:07:55 AM|2127|2134|99.67|Common|Silver
6167|Toughen up, buttercup|Completed a cycle|8450|1 Jul 2018 12:05:13 AM|2235|2361|94.66|Common|Gold
6167|All fall down|Went on a downward spiral|8449|1 Jul 2018 12:05:12 AM|2235|2361|94.66|Common|Silver
6167|His and hers|A cold place|8448|1 Jul 2018 12:04:09 AM|2211|2361|93.65|Common|Bronze
6167|Blissfully painful|Moods change, just like us|8447|1 Jul 2018 12:03:51 AM|2238|2361|94.79|Common|Bronze
6167|Safeword?|Found the handcuffs|8446|1 Jul 2018 12:03:44 AM|2222|2361|94.11|Common|Silver
6167|Work hard, play hard|Interrupted private time|8445|1 Jul 2018 12:03:02 AM|2239|2361|94.83|Common|Bronze
6167|Child's play|Play time|8444|1 Jul 2018 12:02:40 AM|2243|2361|95.0|Common|Bronze
6167|Redecorated|Rearranged the nest|8443|1 Jul 2018 12:02:16 AM|2263|2361|95.85|Common|Silver
6167|Holy Water|Tonics|8442|1 Jul 2018 12:02:15 AM|2230|2361|94.45|Common|Bronze
6167|Family that eats together...|Searched for recipes|8441|1 Jul 2018 12:02:04 AM|2242|2361|94.96|Common|Bronze
6167|Tasty|Soup? For breakfast?|8440|1 Jul 2018 12:01:56 AM|2219|2361|93.99|Common|Bronze
6167|New beginnings|Starting fresh|8439|1 Jul 2018 12:01:33 AM|2289|2361|96.95|Common|Bronze
