7335|Zeus Quest Remastered|false|false|true|26|266|https://psnprofiles.com/trophies/7335-zeus-quest-remastered/|true|31 Jul 2018 9:17:31 PM|31 Jul 2018 11:55:44 PM|true|true
7710|Cafe Cuillere ～カフェ キュイエール～|false|true|false|19|75|https://psnprofiles.com/trophies/7710-cafe-cuillere-カフェ-キュイエール/|true|31 Jul 2018 10:38:01 PM|31 Jul 2018 11:43:41 PM|true|true
7674|Muv-Luv Alternative|false|true|false|20|242|https://psnprofiles.com/trophies/7674-muv-luv-alternative/|true|31 Jul 2018 10:42:53 AM|31 Jul 2018 10:00:33 PM|true|true
5185|Siegecraft Commander|false|false|true|13|1011|https://psnprofiles.com/trophies/5185-siegecraft-commander/|true|31 Jul 2018 8:06:14 PM|31 Jul 2018 9:03:38 PM|true|true
7336|Zeus Quest Remastered|false|false|true|26|420|https://psnprofiles.com/trophies/7336-zeus-quest-remastered/|true|31 Jul 2018 1:50:38 PM|31 Jul 2018 7:45:25 PM|true|true
5049|Doodle God|false|false|true|11|1118|https://psnprofiles.com/trophies/5049-doodle-god/|false|31 Jul 2018 5:37:17 PM|31 Jul 2018 6:47:10 PM|true|false
6009|Blackwood Crossing|false|false|true|23|2376|https://psnprofiles.com/trophies/6009-blackwood-crossing/|true|31 Jul 2018 3:38:44 PM|31 Jul 2018 5:32:46 PM|true|true
7589|Tacoma|false|false|true|13|919|https://psnprofiles.com/trophies/7589-tacoma/|true|31 Jul 2018 11:00:06 AM|31 Jul 2018 1:34:27 PM|true|true
6281|Nurse Love Addiction|false|true|false|25|387|https://psnprofiles.com/trophies/6281-nurse-love-addiction/|true|31 Jul 2018 8:35:24 AM|31 Jul 2018 10:08:59 AM|true|true
5328|マジきゅんっ！　ルネッサンス|false|true|false|21|423|https://psnprofiles.com/trophies/5328-マジきゅんっ-ルネッサンス/|true|30 Jul 2018 4:35:35 PM|31 Jul 2018 1:01:08 AM|true|true
7367|The Long Reach|false|false|true|16|340|https://psnprofiles.com/trophies/7367-the-long-reach/|true|30 Jul 2018 10:11:17 PM|30 Jul 2018 11:55:42 PM|true|true
6947|Amenity's Life -アメニティーズ ライフ-|false|true|false|53|261|https://psnprofiles.com/trophies/6947-amenitys-life-アメニティーズ-ライフ/|true|30 Jul 2018 9:54:35 PM|30 Jul 2018 11:18:55 PM|true|true
6275|ICEY|false|false|true|34|2171|https://psnprofiles.com/trophies/6275-icey/|true|29 Jul 2018 11:37:17 PM|30 Jul 2018 10:02:22 PM|true|true
7380|Flowers冬篇|false|true|false|25|406|https://psnprofiles.com/trophies/7380-flowers冬篇/|true|30 Jul 2018 8:56:55 PM|30 Jul 2018 9:41:29 PM|true|true
6778|Squareboy vs Bullies|false|true|false|27|1451|https://psnprofiles.com/trophies/6778-squareboy-vs-bullies/|true|30 Jul 2018 12:57:16 AM|30 Jul 2018 4:09:20 PM|true|true
6098|Period Cube: Shackles of Amadeus|false|true|false|34|970|https://psnprofiles.com/trophies/6098-period-cube-shackles-of-amadeus/|true|30 Jul 2018 8:57:56 AM|30 Jul 2018 1:33:44 PM|true|true
7060|千の刃濤、桃花染の皇姫|false|true|true|17|535|https://psnprofiles.com/trophies/7060-千の刃濤桃花染の皇姫/|true|30 Jul 2018 12:42:41 AM|30 Jul 2018 1:38:53 AM|true|true
7931|まいてつ Pure Station|false|false|true|14|219|https://psnprofiles.com/trophies/7931-まいてつ-pure-station/|true|29 Jul 2018 10:02:41 PM|30 Jul 2018 12:18:22 AM|true|true
5606|Traveling Stars|false|true|false|31|326|https://psnprofiles.com/trophies/5606-traveling-stars/|true|29 Jul 2018 9:02:13 PM|29 Jul 2018 11:24:13 PM|true|true
4165|恋愛リベンジ|false|false|true|9|377|https://psnprofiles.com/trophies/4165-恋愛リベンジ/|false|29 Jul 2018 9:15:42 PM|29 Jul 2018 9:57:52 PM|true|true
6861|スチームプリズン -七つの美徳-|false|true|false|30|179|https://psnprofiles.com/trophies/6861-スチームプリズン-七つの美徳/|true|29 Jul 2018 7:18:01 PM|29 Jul 2018 8:20:54 PM|true|true
7660|カルマルカ＊サークル|false|false|true|19|264|https://psnprofiles.com/trophies/7660-カルマルカサークル/|true|29 Jul 2018 7:23:10 PM|29 Jul 2018 8:20:52 PM|true|true
5892|Arcade Archives: Nam-1975|false|false|true|6|548|https://psnprofiles.com/trophies/5892-arcade-archives-nam-1975/|false|29 Jul 2018 6:55:00 PM|29 Jul 2018 7:00:42 PM|true|true
6999|大正×対称アリス Heads & Tails|false|true|false|23|200|https://psnprofiles.com/trophies/6999-大正対称アリス-heads-tails/|true|29 Jul 2018 8:59:12 AM|29 Jul 2018 11:15:26 AM|true|true
6008|Dying: Reborn|false|true|false|18|1083|https://psnprofiles.com/trophies/6008-dying-reborn/|true|28 Jul 2018 11:29:07 PM|29 Jul 2018 12:36:11 AM|true|true
6967|嘘月シャングリラ|false|true|false|24|168|https://psnprofiles.com/trophies/6967-嘘月シャングリラ/|true|28 Jul 2018 11:26:34 AM|28 Jul 2018 10:50:59 PM|true|true
6030|The Sexy Brutale|false|false|true|19|5139|https://psnprofiles.com/trophies/6030-the-sexy-brutale/|true|28 Jul 2018 5:08:00 PM|28 Jul 2018 10:47:37 PM|true|true
6840|Aer|false|false|true|21|1087|https://psnprofiles.com/trophies/6840-aer/|true|28 Jul 2018 12:03:15 PM|28 Jul 2018 4:14:44 PM|true|true
5603|id [イド] - Rebirth Session -|false|true|false|44|386|https://psnprofiles.com/trophies/5603-id-イド-rebirth-session/|true|28 Jul 2018 1:06:09 PM|28 Jul 2018 2:49:49 PM|true|true
5549|ICEY|false|false|true|34|2678|https://psnprofiles.com/trophies/5549-icey/|true|27 Jul 2018 11:41:12 PM|28 Jul 2018 2:59:05 AM|true|true
5712|Re:Birthday Song～恋を唄う死神～another record|false|true|false|19|338|https://psnprofiles.com/trophies/5712-rebirthday-song恋を唄う死神another-record/|true|27 Jul 2018 11:54:43 PM|28 Jul 2018 2:26:16 AM|true|true
7924|Super Destronaut DX|false|false|true|14|700|https://psnprofiles.com/trophies/7924-super-destronaut-dx/|true|27 Jul 2018 11:04:36 PM|27 Jul 2018 11:22:14 PM|true|true
6596|この素晴らしい世界に祝福を! -この欲深いゲームに審判を！-|false|false|true|36|535|https://psnprofiles.com/trophies/6596-この素晴らしい世界に祝福を-この欲深いゲームに審判を/|true|27 Jul 2018 4:33:24 PM|27 Jul 2018 10:21:41 PM|true|true
6595|この素晴らしい世界に祝福を! -この欲深いゲームに審判を！-|false|true|false|36|282|https://psnprofiles.com/trophies/6595-この素晴らしい世界に祝福を-この欲深いゲームに審判を/|true|27 Jul 2018 4:33:19 PM|27 Jul 2018 10:21:39 PM|true|true
7053|Un:Birthday Song～愛を唄う死神～another record|false|true|false|16|200|https://psnprofiles.com/trophies/7053-unbirthday-song愛を唄う死神another-record/|true|27 Jul 2018 12:39:32 AM|27 Jul 2018 2:49:08 AM|true|true
5324|Siegecraft Commander|false|false|true|13|1241|https://psnprofiles.com/trophies/5324-siegecraft-commander/|true|27 Jul 2018 12:48:22 AM|27 Jul 2018 2:39:19 AM|true|true
5721|Black & White Bushido|false|false|true|13|3267|https://psnprofiles.com/trophies/5721-black-white-bushido/|true|26 Jul 2018 11:30:05 PM|27 Jul 2018 12:09:20 AM|true|true
6085|花咲ワークスプリング！|false|true|false|25|467|https://psnprofiles.com/trophies/6085-花咲ワークスプリング/|true|26 Jul 2018 9:52:06 PM|26 Jul 2018 11:52:29 PM|true|true
5889|Dying: Reborn|false|false|true|20|3531|https://psnprofiles.com/trophies/5889-dying-reborn/|true|25 Jul 2018 10:23:29 PM|26 Jul 2018 11:05:59 PM|true|true
6410|ワガママハイスペック|false|true|false|16|418|https://psnprofiles.com/trophies/6410-ワガママハイスペック/|true|26 Jul 2018 6:16:42 PM|26 Jul 2018 9:33:38 PM|true|true
6637|Planet of the Eyes|false|false|true|15|3398|https://psnprofiles.com/trophies/6637-planet-of-the-eyes/|true|26 Jul 2018 7:10:05 PM|26 Jul 2018 8:37:49 PM|true|true
6083|時計仕掛けのレイライン-陽炎に彷徨う魔女-|false|true|false|33|353|https://psnprofiles.com/trophies/6083-時計仕掛けのレイライン-陽炎に彷徨う魔女/|true|25 Jul 2018 11:24:57 PM|26 Jul 2018 12:53:06 AM|true|true
6307|罪喰い～千の呪い、千の祈り～ for V|false|true|false|30|254|https://psnprofiles.com/trophies/6307-罪喰い千の呪い千の祈り-for-v/|true|25 Jul 2018 10:39:33 PM|25 Jul 2018 11:14:57 PM|true|true
6844|Slayaway Camp|false|false|true|51|1256|https://psnprofiles.com/trophies/6844-slayaway-camp/|true|25 Jul 2018 4:41:05 PM|25 Jul 2018 8:36:17 PM|true|true
5385|PsychicEmotion6|false|true|false|40|483|https://psnprofiles.com/trophies/5385-psychicemotion6/|true|25 Jul 2018 4:38:14 PM|25 Jul 2018 7:02:26 PM|true|true
5253|Dear Esther: Landmark Edition|false|false|true|10|6195|https://psnprofiles.com/trophies/5253-dear-esther-landmark-edition/|false|25 Jul 2018 12:15:16 AM|25 Jul 2018 12:49:15 PM|true|true
5959|はつゆきさくら|false|true|false|17|541|https://psnprofiles.com/trophies/5959-はつゆきさくら/|true|25 Jul 2018 10:00:59 AM|25 Jul 2018 11:25:13 AM|true|true
5993|DYNAMIC CHORD feat.KYOHSO V edition|false|true|false|28|293|https://psnprofiles.com/trophies/5993-dynamic-chord-featkyohso-v-edition/|true|24 Jul 2018 10:11:45 PM|24 Jul 2018 11:57:42 PM|true|true
7083|CAT Interstellar|false|false|true|11|344|https://psnprofiles.com/trophies/7083-cat-interstellar/|false|24 Jul 2018 11:26:19 PM|24 Jul 2018 11:47:19 PM|true|true
4692|The Park|false|false|true|14|5670|https://psnprofiles.com/trophies/4692-the-park/|false|24 Jul 2018 9:01:09 PM|24 Jul 2018 11:16:38 PM|true|true
6708|忍び、恋うつつ ― 甘蜜花絵巻 ―|false|true|false|45|220|https://psnprofiles.com/trophies/6708-忍び恋うつつ-甘蜜花絵巻/|true|24 Jul 2018 7:42:52 PM|24 Jul 2018 9:53:38 PM|true|true
5149|Inner Kung Fu Game|false|false|true|21|586|https://psnprofiles.com/trophies/5149-inner-kung-fu-game/|false|24 Jul 2018 8:17:26 PM|24 Jul 2018 8:39:59 PM|true|true
6667|帝國カレイド -革命の輪舞曲-|false|true|false|24|285|https://psnprofiles.com/trophies/6667-帝國カレイド-革命の輪舞曲/|true|24 Jul 2018 2:07:45 PM|24 Jul 2018 2:26:19 PM|true|true
5932|ファタモルガーナの館|false|true|false|13|410|https://psnprofiles.com/trophies/5932-ファタモルガーナの館/|true|24 Jul 2018 11:59:13 AM|24 Jul 2018 12:33:00 PM|true|true
6968|学園CLUB ～ヒミツのナイトクラブ～|false|true|false|27|242|https://psnprofiles.com/trophies/6968-学園club-ヒミツのナイトクラブ/|true|24 Jul 2018 11:30:44 AM|24 Jul 2018 11:52:16 AM|true|true
5949|The Inner World|false|false|true|24|809|https://psnprofiles.com/trophies/5949-the-inner-world/|true|23 Jul 2018 10:40:30 PM|24 Jul 2018 1:38:08 AM|true|true
7058|Code：Realize ～白銀の奇跡～|false|true|false|31|233|https://psnprofiles.com/trophies/7058-coderealize-白銀の奇跡/|true|23 Jul 2018 9:35:22 PM|23 Jul 2018 11:36:42 PM|true|true
6599|猛獣たちとお姫様 ～in blossom～|false|true|false|33|339|https://psnprofiles.com/trophies/6599-猛獣たちとお姫様-in-blossom/|true|23 Jul 2018 7:22:16 PM|23 Jul 2018 8:42:27 PM|true|true
7570|Hex Tunnel Touch|false|false|true|16|707|https://psnprofiles.com/trophies/7570-hex-tunnel-touch/|true|23 Jul 2018 7:24:35 PM|23 Jul 2018 8:29:33 PM|true|true
5460|数乱digit|false|true|false|36|565|https://psnprofiles.com/trophies/5460-数乱digit/|true|23 Jul 2018 2:17:22 PM|23 Jul 2018 4:01:26 PM|true|true
5617|Clockwork Tales: Of Glass and Ink|false|false|true|19|4765|https://psnprofiles.com/trophies/5617-clockwork-tales-of-glass-and-ink/|true|22 Jul 2018 8:17:07 PM|22 Jul 2018 11:51:10 PM|true|true
6137|終わる世界とバースデイ|false|true|false|19|531|https://psnprofiles.com/trophies/6137-終わる世界とバースデイ/|true|22 Jul 2018 7:57:34 PM|22 Jul 2018 8:59:00 PM|true|true
6711|ノラと皇女と野良猫ハート|false|true|false|16|412|https://psnprofiles.com/trophies/6711-ノラと皇女と野良猫ハート/|true|22 Jul 2018 5:37:19 PM|22 Jul 2018 7:21:49 PM|true|true
5312|Jazzpunk|false|false|true|25|4127|https://psnprofiles.com/trophies/5312-jazzpunk/|true|22 Jul 2018 6:24:20 PM|22 Jul 2018 7:19:31 PM|true|true
6519|双子座のパラドクス|false|true|false|24|372|https://psnprofiles.com/trophies/6519-双子座のパラドクス/|true|22 Jul 2018 4:05:08 PM|22 Jul 2018 5:22:38 PM|true|true
7203|ハロー・レディ！ Superior Dynamis|false|true|false|24|225|https://psnprofiles.com/trophies/7203-ハローレディ-superior-dynamis/|true|22 Jul 2018 10:42:23 AM|22 Jul 2018 11:13:00 AM|true|true
6388|ワールド・エレクション|false|true|false|32|357|https://psnprofiles.com/trophies/6388-ワールドエレクション/|true|22 Jul 2018 9:14:49 AM|22 Jul 2018 10:23:53 AM|true|true
7063|グリザイア ファントムトリガー ０１＆０２|false|true|false|12|704|https://psnprofiles.com/trophies/7063-グリザイア-ファントムトリガー-０１０２/|true|22 Jul 2018 8:34:26 AM|22 Jul 2018 8:38:44 AM|true|true
5600|乙女理論とその周辺 -Bon Voyage-|false|true|false|19|605|https://psnprofiles.com/trophies/5600-乙女理論とその周辺-bon-voyage/|true|22 Jul 2018 7:51:33 AM|22 Jul 2018 8:31:00 AM|true|true
5377|Jazzpunk|false|false|true|25|4492|https://psnprofiles.com/trophies/5377-jazzpunk/|true|21 Jul 2018 10:53:24 PM|22 Jul 2018 1:41:10 AM|true|true
7172|カタハネ ―An' call Belle―|false|true|false|12|315|https://psnprofiles.com/trophies/7172-カタハネ-an-call-belle/|true|21 Jul 2018 10:56:24 PM|21 Jul 2018 11:39:07 PM|true|true
5608|鳥籠のマリアージュ ～初恋の翼～|false|true|false|20|560|https://psnprofiles.com/trophies/5608-鳥籠のマリアージュ-初恋の翼/|true|21 Jul 2018 10:08:50 PM|21 Jul 2018 10:41:47 PM|true|true
7132|Ephemeral: Fantasy on Dark|false|true|false|22|175|https://psnprofiles.com/trophies/7132-ephemeral-fantasy-on-dark/|true|21 Jul 2018 1:13:53 PM|21 Jul 2018 9:30:59 PM|true|true
6641|星織ユメミライ Converted Edition|false|false|true|17|487|https://psnprofiles.com/trophies/6641-星織ユメミライ-converted-edition/|true|21 Jul 2018 7:47:44 PM|21 Jul 2018 8:57:45 PM|true|true
6971|North|false|true|false|10|180|https://psnprofiles.com/trophies/6971-north/|false|21 Jul 2018 12:34:29 PM|21 Jul 2018 12:51:54 PM|true|true
6970|North|false|false|true|10|617|https://psnprofiles.com/trophies/6970-north/|false|21 Jul 2018 12:13:37 PM|21 Jul 2018 12:30:45 PM|true|true
6889|North|false|false|true|10|628|https://psnprofiles.com/trophies/6889-north/|false|21 Jul 2018 11:44:33 AM|21 Jul 2018 12:02:36 PM|true|true
3703|Sweet Clown ～午前三時のオカシな道化師～|false|true|false|51|536|https://psnprofiles.com/trophies/3703-sweet-clown-午前三時のオカシな道化師/|true|20 Jul 2018 12:50:52 PM|21 Jul 2018 10:38:15 AM|true|true
6415|Perfect Angle|false|false|true|36|1214|https://psnprofiles.com/trophies/6415-perfect-angle/|true|20 Jul 2018 1:22:01 PM|21 Jul 2018 1:15:23 AM|true|true
6167|Deliriant|false|false|true|12|2364|https://psnprofiles.com/trophies/6167-deliriant/|false|20 Jul 2018 12:21:30 PM|20 Jul 2018 12:33:29 PM|true|true
5023|越えざるは紅い花～恋は月に導かれる～|false|true|false|43|383|https://psnprofiles.com/trophies/5023-越えざるは紅い花恋は月に導かれる/|true|20 Jul 2018 12:44:30 AM|20 Jul 2018 1:30:05 AM|true|true
7202|人気声優のつくりかた|false|true|true|13|406|https://psnprofiles.com/trophies/7202-人気声優のつくりかた/|true|20 Jul 2018 12:08:16 AM|20 Jul 2018 1:05:00 AM|true|true
6862|月に寄りそう乙女の作法 ～ひだまりの日々～|false|false|true|18|498|https://psnprofiles.com/trophies/6862-月に寄りそう乙女の作法-ひだまりの日々/|true|19 Jul 2018 11:48:04 PM|20 Jul 2018 12:00:13 AM|true|true
5590|The Little Acre|false|false|true|28|7109|https://psnprofiles.com/trophies/5590-the-little-acre/|true|19 Jul 2018 10:15:29 PM|19 Jul 2018 11:38:25 PM|true|true
6047|Albedo: Eyes From Outer Space|false|false|true|31|645|https://psnprofiles.com/trophies/6047-albedo-eyes-from-outer-space/|true|19 Jul 2018 2:00:15 PM|19 Jul 2018 8:42:35 PM|true|true
7404|イケメン戦国◆時をかける恋　新たなる出逢い|false|true|false|38|107|https://psnprofiles.com/trophies/7404-イケメン戦国時をかける恋-新たなる出逢い/|true|18 Jul 2018 9:54:09 PM|19 Jul 2018 10:37:46 AM|true|true
7457|Aer|false|false|true|21|325|https://psnprofiles.com/trophies/7457-aer/|true|18 Jul 2018 10:09:14 PM|19 Jul 2018 12:35:17 AM|true|true
7551|Survive! Mr. Cube|false|false|true|38|277|https://psnprofiles.com/trophies/7551-survive-mr-cube/|true|18 Jul 2018 3:55:07 PM|18 Jul 2018 5:55:52 PM|true|true
5349|DYNAMIC CHORD feat.[rêve parfait] V edition|false|true|false|28|355|https://psnprofiles.com/trophies/5349-dynamic-chord-featrêve-parfait-v-edition/|true|18 Jul 2018 12:14:48 PM|18 Jul 2018 5:20:15 PM|true|true
7553|Survive! Mr. Cube|false|false|true|38|361|https://psnprofiles.com/trophies/7553-survive-mr-cube/|true|18 Jul 2018 2:38:58 PM|18 Jul 2018 3:48:31 PM|true|true
6082|End Sleep|false|true|false|19|475|https://psnprofiles.com/trophies/6082-end-sleep/|true|18 Jul 2018 9:10:11 AM|18 Jul 2018 10:49:25 AM|true|true
5269|Dead Synchronicity|false|false|true|25|4792|https://psnprofiles.com/trophies/5269-dead-synchronicity/|true|17 Jul 2018 9:55:11 PM|17 Jul 2018 11:32:23 PM|true|true
6943|神頼みしすぎて俺の未来がヤバい。|false|true|false|21|283|https://psnprofiles.com/trophies/6943-神頼みしすぎて俺の未来がヤバい/|true|17 Jul 2018 9:27:38 PM|17 Jul 2018 11:22:42 PM|true|true
6751|悠久のティアブレイド Fragments of Memory|false|true|false|24|329|https://psnprofiles.com/trophies/6751-悠久のティアブレイド-fragments-of-memory/|true|17 Jul 2018 7:15:10 PM|17 Jul 2018 8:49:57 PM|true|true
6300|The World of Nubla|false|false|true|20|1566|https://psnprofiles.com/trophies/6300-the-world-of-nubla/|true|17 Jul 2018 8:11:45 PM|17 Jul 2018 8:43:24 PM|true|true
7852|Super Destronaut DX|false|false|true|14|1750|https://psnprofiles.com/trophies/7852-super-destronaut-dx/|true|17 Jul 2018 7:46:21 PM|17 Jul 2018 8:02:10 PM|true|true
5711|DYNAMIC CHORD feat.Liar-S V edition|false|true|false|28|317|https://psnprofiles.com/trophies/5711-dynamic-chord-featliar-s-v-edition/|true|17 Jul 2018 1:06:43 PM|17 Jul 2018 2:41:23 PM|true|true
6829|Tear -終わりとはじまりの雫-|false|false|true|42|489|https://psnprofiles.com/trophies/6829-tear-終わりとはじまりの雫/|true|17 Jul 2018 1:34:32 PM|17 Jul 2018 2:30:27 PM|true|true
5649|The World of Nubla|false|false|true|20|6407|https://psnprofiles.com/trophies/5649-the-world-of-nubla/|true|17 Jul 2018 12:52:27 PM|17 Jul 2018 1:26:47 PM|true|true
5350|君を仰ぎ乙女は姫に|false|true|false|19|542|https://psnprofiles.com/trophies/5350-君を仰ぎ乙女は姫に/|true|17 Jul 2018 12:02:49 AM|17 Jul 2018 11:20:46 AM|true|true
6182|Dying: Reborn|false|false|true|20|937|https://psnprofiles.com/trophies/6182-dying-reborn/|true|16 Jul 2018 8:43:36 PM|17 Jul 2018 1:13:56 AM|true|true
4079|竜翼のメロディア -Diva with the blessed dragonol-|false|true|false|29|861|https://psnprofiles.com/trophies/4079-竜翼のメロディア-diva-with-the-blessed-dragonol/|true|16 Jul 2018 9:07:26 PM|16 Jul 2018 11:44:15 PM|true|true
7778|マンガ・カ・ケール|false|false|true|25|505|https://psnprofiles.com/trophies/7778-マンガカケール/|true|15 Jul 2018 7:37:31 PM|15 Jul 2018 8:41:56 PM|true|true
7816|Island|false|false|true|25|259|https://psnprofiles.com/trophies/7816-island/|true|14 Jul 2018 11:22:54 PM|14 Jul 2018 11:48:05 PM|true|true
7662|見鏡澄香の制服活動|false|true|true|18|321|https://psnprofiles.com/trophies/7662-見鏡澄香の制服活動/|false|14 Jul 2018 10:19:33 PM|14 Jul 2018 10:37:09 PM|true|true
7817|となりに彼女のいる幸せ ～Winter Guest～|false|true|true|18|224|https://psnprofiles.com/trophies/7817-となりに彼女のいる幸せ-winter-guest/|false|14 Jul 2018 10:12:30 PM|14 Jul 2018 10:17:41 PM|true|true
5741|レイジングループ|false|true|true|31|1031|https://psnprofiles.com/trophies/5741-レイジングループ/|true|14 Jul 2018 9:54:57 PM|14 Jul 2018 10:10:34 PM|true|true
6945|となりに彼女のいる幸せ ～Two Farce～|false|true|true|18|546|https://psnprofiles.com/trophies/6945-となりに彼女のいる幸せ-two-farce/|false|14 Jul 2018 9:47:51 PM|14 Jul 2018 9:52:13 PM|true|true
6855|甘えかたは彼女なりに。|false|true|true|16|681|https://psnprofiles.com/trophies/6855-甘えかたは彼女なりに/|true|14 Jul 2018 9:13:38 PM|14 Jul 2018 9:41:16 PM|true|true
6343|Black The Fall|false|false|true|15|1332|https://psnprofiles.com/trophies/6343-black-the-fall/|true|14 Jul 2018 12:49:59 AM|14 Jul 2018 8:59:58 PM|true|true
5325|アストラエアの白き永遠 -White Eternity-|false|true|false|18|585|https://psnprofiles.com/trophies/5325-アストラエアの白き永遠-white-eternity/|true|14 Jul 2018 10:56:51 AM|14 Jul 2018 1:38:37 PM|true|true
5781|オルフレール ～幸福の花束～|false|true|false|44|297|https://psnprofiles.com/trophies/5781-オルフレール-幸福の花束/|true|13 Jul 2018 7:09:57 PM|13 Jul 2018 7:51:20 PM|true|true
7556|Survive! Mr. Cube|false|false|true|38|371|https://psnprofiles.com/trophies/7556-survive-mr-cube/|true|13 Jul 2018 1:53:14 PM|13 Jul 2018 4:59:30 PM|true|true
5597|Code: Realize - Future Blessings|false|true|false|32|465|https://psnprofiles.com/trophies/5597-code-realize-future-blessings/|true|13 Jul 2018 1:51:37 PM|13 Jul 2018 3:17:32 PM|true|true
4077|月に寄りそう乙女の作法 ～ひだまりの日々～|false|true|false|20|1190|https://psnprofiles.com/trophies/4077-月に寄りそう乙女の作法-ひだまりの日々/|true|13 Jul 2018 10:49:33 AM|13 Jul 2018 11:04:08 AM|true|true
4915|大正×対称アリス all in one|false|true|false|19|695|https://psnprofiles.com/trophies/4915-大正対称アリス-all-in-one/|true|11 Jul 2018 12:16:32 PM|13 Jul 2018 2:38:20 AM|true|true
7775|Chaos;Child 러브 CHU☆CHU!!|false|false|true|24|224|https://psnprofiles.com/trophies/7775-chaoschild-러브-chuchu/|true|12 Jul 2018 11:50:49 PM|13 Jul 2018 1:02:48 AM|true|true
6600|祝姫 -祀-|false|true|false|12|559|https://psnprofiles.com/trophies/6600-祝姫-祀/|true|12 Jul 2018 11:54:39 PM|13 Jul 2018 12:17:33 AM|true|true
5707|月影の鎖 -狂爛モラトリアム-|false|true|false|31|420|https://psnprofiles.com/trophies/5707-月影の鎖-狂爛モラトリアム/|true|12 Jul 2018 9:35:15 PM|12 Jul 2018 11:34:11 PM|true|true
7550|Survive! Mr. Cube|false|false|true|38|247|https://psnprofiles.com/trophies/7550-survive-mr-cube/|true|12 Jul 2018 9:26:04 PM|12 Jul 2018 11:15:59 PM|true|true
5134|鯨神のティアスティラ|false|true|false|17|863|https://psnprofiles.com/trophies/5134-鯨神のティアスティラ/|true|12 Jul 2018 8:31:42 PM|12 Jul 2018 8:46:15 PM|true|true
7073|36 Fragments of Midnight|false|false|true|12|5508|https://psnprofiles.com/trophies/7073-36-fragments-of-midnight/|true|12 Jul 2018 7:46:50 PM|12 Jul 2018 8:37:09 PM|true|true
7630|アマツツミ|false|true|false|12|247|https://psnprofiles.com/trophies/7630-アマツツミ/|true|12 Jul 2018 7:45:30 PM|12 Jul 2018 8:07:18 PM|true|true
7378|7'scarlet|false|true|false|23|335|https://psnprofiles.com/trophies/7378-7scarlet/|true|11 Jul 2018 7:49:47 AM|11 Jul 2018 10:54:08 AM|true|true
1793|Aabs Animals|false|true|false|5|6348|https://psnprofiles.com/trophies/1793-aabs-animals/|false|11 Jul 2018 7:19:09 AM|11 Jul 2018 7:24:09 AM|true|true
7855|Super Destronaut DX|false|true|false|14|1368|https://psnprofiles.com/trophies/7855-super-destronaut-dx/|true|11 Jul 2018 1:36:00 AM|11 Jul 2018 2:04:55 AM|true|true
7853|Super Destronaut DX|false|false|true|14|2509|https://psnprofiles.com/trophies/7853-super-destronaut-dx/|true|11 Jul 2018 1:02:58 AM|11 Jul 2018 1:22:27 AM|true|true
6011|Blackwood Crossing|false|false|true|23|1715|https://psnprofiles.com/trophies/6011-blackwood-crossing/|true|10 Jul 2018 10:46:42 PM|11 Jul 2018 12:59:20 AM|true|true
6217|ツキトモ。 -TSUKIUTA. 12 memories-|false|true|false|51|229|https://psnprofiles.com/trophies/6217-ツキトモ-tsukiuta-12-memories/|true|10 Jul 2018 8:30:32 PM|10 Jul 2018 11:18:58 PM|true|true
7769|Survive! Mr. Cube|false|false|true|38|371|https://psnprofiles.com/trophies/7769-survive-mr-cube/|true|10 Jul 2018 8:24:20 PM|10 Jul 2018 10:21:44 PM|true|true
6647|It's Spring Again|false|true|false|4|979|https://psnprofiles.com/trophies/6647-its-spring-again/|false|10 Jul 2018 7:40:02 PM|10 Jul 2018 7:44:52 PM|true|true
5046|絶対階級学園|false|true|false|20|448|https://psnprofiles.com/trophies/5046-絶対階級学園/|true|10 Jul 2018 6:20:48 PM|10 Jul 2018 7:35:39 PM|true|true
5384|NORN9 Act Tune|false|true|false|31|386|https://psnprofiles.com/trophies/5384-norn9-act-tune/|true|10 Jul 2018 1:00:32 PM|10 Jul 2018 6:14:32 PM|true|true
5233|Rockets Rockets Rockets|false|false|true|37|1062|https://psnprofiles.com/trophies/5233-rockets-rockets-rockets/|true|10 Jul 2018 2:21:20 PM|10 Jul 2018 5:47:05 PM|true|true
5190|Rockets Rockets Rockets|false|false|true|37|1232|https://psnprofiles.com/trophies/5190-rockets-rockets-rockets/|true|9 Jul 2018 10:43:31 PM|10 Jul 2018 2:16:16 PM|true|true
7431|円環のメモーリア -カケラ灯し-|false|true|false|35|116|https://psnprofiles.com/trophies/7431-円環のメモーリア-カケラ灯し/|true|9 Jul 2018 10:38:08 PM|10 Jul 2018 10:55:57 AM|true|true
7008|Squareboy vs Bullies|false|false|true|27|2458|https://psnprofiles.com/trophies/7008-squareboy-vs-bullies/|true|9 Jul 2018 3:51:24 PM|9 Jul 2018 10:09:26 PM|true|true
7547|ナデレボ！|false|true|false|25|196|https://psnprofiles.com/trophies/7547-ナデレボ/|true|9 Jul 2018 8:09:30 PM|9 Jul 2018 9:41:52 PM|true|true
6518|大正メビウスライン帝都備忘録ハレ|false|true|false|23|222|https://psnprofiles.com/trophies/6518-大正メビウスライン帝都備忘録ハレ/|true|9 Jul 2018 3:31:58 PM|9 Jul 2018 4:30:14 PM|true|true
5672|Her Majesty's SPIFFING|false|false|true|26|4460|https://psnprofiles.com/trophies/5672-her-majestys-spiffing/|true|8 Jul 2018 10:32:29 PM|8 Jul 2018 11:50:39 PM|true|true
7232|Midnight Deluxe|false|false|true|14|3311|https://psnprofiles.com/trophies/7232-midnight-deluxe/|true|8 Jul 2018 9:02:36 PM|8 Jul 2018 9:42:50 PM|true|true
6176|らぶおぶ恋愛皇帝 of LOVE！|false|true|false|21|509|https://psnprofiles.com/trophies/6176-らぶおぶ恋愛皇帝-of-love/|true|8 Jul 2018 7:18:37 PM|8 Jul 2018 8:49:44 PM|true|true
6287|Energy Cycle|false|false|true|19|7615|https://psnprofiles.com/trophies/6287-energy-cycle/|true|8 Jul 2018 8:05:00 PM|8 Jul 2018 8:13:49 PM|true|true
7573|36 Fragments of Midnight|false|false|true|12|919|https://psnprofiles.com/trophies/7573-36-fragments-of-midnight/|true|7 Jul 2018 9:55:16 PM|8 Jul 2018 7:57:52 PM|true|true
7549|ナツイロココロログ|false|true|false|27|211|https://psnprofiles.com/trophies/7549-ナツイロココロログ/|true|8 Jul 2018 10:53:40 AM|8 Jul 2018 12:25:30 PM|true|true
6880|Code: Realize - Future Blessings|false|true|false|32|422|https://psnprofiles.com/trophies/6880-code-realize-future-blessings/|true|8 Jul 2018 9:41:23 AM|8 Jul 2018 10:50:43 AM|true|true
5050|Doodle Devil|false|false|true|13|991|https://psnprofiles.com/trophies/5050-doodle-devil/|false|8 Jul 2018 9:27:12 AM|8 Jul 2018 10:40:01 AM|true|true
6308|カルマルカ＊サークル|false|true|false|19|434|https://psnprofiles.com/trophies/6308-カルマルカサークル/|true|8 Jul 2018 8:24:45 AM|8 Jul 2018 9:34:59 AM|true|true
5200|プラマイウォーズV|false|true|false|19|692|https://psnprofiles.com/trophies/5200-プラマイウォーズv/|true|8 Jul 2018 6:57:06 AM|8 Jul 2018 8:03:58 AM|true|true
7315|Midnight Deluxe|false|false|true|14|1304|https://psnprofiles.com/trophies/7315-midnight-deluxe/|true|7 Jul 2018 10:33:55 PM|7 Jul 2018 10:59:56 PM|true|true
7507|InkSplosion|false|false|true|14|939|https://psnprofiles.com/trophies/7507-inksplosion/|true|7 Jul 2018 9:45:16 PM|7 Jul 2018 9:54:10 PM|true|true
7334|ラッキードッグ１|false|true|false|14|116|https://psnprofiles.com/trophies/7334-ラッキードッグ１/|true|7 Jul 2018 7:21:35 PM|7 Jul 2018 8:16:44 PM|true|true
7428|Galtia V Edition|false|true|false|13|123|https://psnprofiles.com/trophies/7428-galtia-v-edition/|true|7 Jul 2018 6:17:50 PM|7 Jul 2018 7:15:14 PM|true|true
5870|Island|false|true|false|25|583|https://psnprofiles.com/trophies/5870-island/|true|7 Jul 2018 1:19:38 AM|7 Jul 2018 1:49:29 AM|true|true
4289|God Eater Off Shot ＜ソーマ編＞|false|true|true|11|353|https://psnprofiles.com/trophies/4289-god-eater-off-shot-ソーマ編/|false|7 Jul 2018 12:57:41 AM|7 Jul 2018 1:10:56 AM|true|true
4088|God Eater Off Shot ＜リンドウ編＞|false|true|true|11|414|https://psnprofiles.com/trophies/4088-god-eater-off-shot-リンドウ編/|false|7 Jul 2018 12:22:45 AM|7 Jul 2018 12:55:56 AM|true|true
4182|God Eater Off Shot ＜アリサ編＞|false|true|true|11|489|https://psnprofiles.com/trophies/4182-god-eater-off-shot-アリサ編/|false|7 Jul 2018 12:38:38 AM|7 Jul 2018 12:53:53 AM|true|true
5717|果つることなき未来ヨリ|false|true|false|16|643|https://psnprofiles.com/trophies/5717-果つることなき未来ヨリ/|true|7 Jul 2018 12:28:22 AM|7 Jul 2018 12:49:15 AM|true|true
5574|Flowers秋篇|false|true|false|26|913|https://psnprofiles.com/trophies/5574-flowers秋篇/|true|6 Jul 2018 11:09:35 PM|7 Jul 2018 12:04:01 AM|true|true
4607|God Eater Off Shot ＜サクヤ編＞|false|true|true|11|313|https://psnprofiles.com/trophies/4607-god-eater-off-shot-サクヤ編/|false|6 Jul 2018 11:31:08 PM|6 Jul 2018 11:55:16 PM|true|true
4479|God Eater Off Shot ＜コウタ編＞|false|true|true|11|317|https://psnprofiles.com/trophies/4479-god-eater-off-shot-コウタ編/|false|6 Jul 2018 11:01:50 PM|6 Jul 2018 11:27:09 PM|true|true
4380|God Eater Off Shot ＜シオ編＞|false|true|true|11|352|https://psnprofiles.com/trophies/4380-god-eater-off-shot-シオ編/|false|6 Jul 2018 10:09:44 PM|6 Jul 2018 10:56:17 PM|true|true
5785|蒼の彼方のフォーリズム HD EDITION|false|false|true|42|930|https://psnprofiles.com/trophies/5785-蒼の彼方のフォーリズム-hd-edition/|true|6 Jul 2018 9:15:38 PM|6 Jul 2018 9:24:38 PM|true|true
7709|Sweet Pool|false|true|false|12|104|https://psnprofiles.com/trophies/7709-sweet-pool/|true|6 Jul 2018 8:36:42 PM|6 Jul 2018 8:43:21 PM|true|true
6411|グリザイアの果実 Side Episode|false|true|false|12|821|https://psnprofiles.com/trophies/6411-グリザイアの果実-side-episode/|true|6 Jul 2018 5:36:02 PM|6 Jul 2018 5:39:06 PM|true|true
7437|Memories Off: Innocent Fille|false|false|true|30|307|https://psnprofiles.com/trophies/7437-memories-off-innocent-fille/|true|6 Jul 2018 10:27:37 AM|6 Jul 2018 5:27:09 PM|true|true
7436|Memories Off: Innocent Fille|false|true|false|30|158|https://psnprofiles.com/trophies/7436-memories-off-innocent-fille/|true|6 Jul 2018 10:28:13 AM|6 Jul 2018 5:27:06 PM|true|true
6456|Energy Cycle|false|true|false|19|2389|https://psnprofiles.com/trophies/6456-energy-cycle/|true|5 Jul 2018 2:41:57 PM|5 Jul 2018 2:52:53 PM|true|true
6737|36 Fragments of Midnight|false|true|false|12|3324|https://psnprofiles.com/trophies/6737-36-fragments-of-midnight/|true|5 Jul 2018 2:14:27 PM|5 Jul 2018 2:39:51 PM|true|true
5955|Side Kicks!|false|true|false|25|377|https://psnprofiles.com/trophies/5955-side-kicks/|true|5 Jul 2018 9:11:33 AM|5 Jul 2018 2:01:53 PM|true|true
6464|Don't Knock Twice|false|false|true|29|3078|https://psnprofiles.com/trophies/6464-dont-knock-twice/|true|4 Jul 2018 9:20:39 PM|4 Jul 2018 10:39:32 PM|true|true
6455|Energy Cycle|false|false|true|19|7155|https://psnprofiles.com/trophies/6455-energy-cycle/|true|4 Jul 2018 8:44:42 PM|4 Jul 2018 8:53:41 PM|true|true
5016|Steins;Gate 0|false|true|false|28|964|https://psnprofiles.com/trophies/5016-steinsgate-0/|true|4 Jul 2018 7:11:02 PM|4 Jul 2018 8:05:43 PM|true|true
5015|Steins;Gate 0|false|false|true|28|1119|https://psnprofiles.com/trophies/5015-steinsgate-0/|true|4 Jul 2018 7:11:01 PM|4 Jul 2018 8:05:42 PM|true|true
7081|36 Fragments of Midnight|false|false|true|12|7207|https://psnprofiles.com/trophies/7081-36-fragments-of-midnight/|true|4 Jul 2018 6:16:28 PM|4 Jul 2018 6:54:47 PM|true|true
5997|Chaos;Child らぶchu☆chu!!|false|true|false|24|740|https://psnprofiles.com/trophies/5997-chaoschild-らぶchuchu/|true|4 Jul 2018 4:49:50 PM|4 Jul 2018 6:00:12 PM|true|true
5998|Chaos;Child らぶchu☆chu!!|false|false|true|24|1319|https://psnprofiles.com/trophies/5998-chaoschild-らぶchuchu/|true|4 Jul 2018 4:49:50 PM|4 Jul 2018 6:00:11 PM|true|true
3874|東京陰陽師～天現寺橋怜の場合～V Edition|false|true|false|43|395|https://psnprofiles.com/trophies/3874-東京陰陽師天現寺橋怜の場合v-edition/|true|2 Jul 2018 8:52:33 PM|4 Jul 2018 12:18:50 PM|true|true
2677|Another World|true|true|true|13|16083|https://psnprofiles.com/trophies/2677-another-world/|false|3 Jul 2018 11:42:51 PM|4 Jul 2018 12:59:53 AM|true|true
6053|Full Throttle Remastered|false|true|true|40|6986|https://psnprofiles.com/trophies/6053-full-throttle-remastered/|true|3 Jul 2018 4:25:31 PM|3 Jul 2018 10:55:22 PM|true|true
7146|Midnight Deluxe|false|false|true|14|4854|https://psnprofiles.com/trophies/7146-midnight-deluxe/|true|3 Jul 2018 2:47:26 PM|3 Jul 2018 3:19:34 PM|true|true
7276|Little Adventure on the Prairie|false|false|true|22|9485|https://psnprofiles.com/trophies/7276-little-adventure-on-the-prairie/|true|3 Jul 2018 2:28:40 PM|3 Jul 2018 2:45:51 PM|true|true
7435|Slyde|false|false|true|14|13157|https://psnprofiles.com/trophies/7435-slyde/|true|3 Jul 2018 1:40:28 PM|3 Jul 2018 1:40:53 PM|true|true
4139|Steins;Gate 0|false|true|false|28|4828|https://psnprofiles.com/trophies/4139-steinsgate-0/|true|3 Jul 2018 11:11:48 AM|3 Jul 2018 1:04:48 PM|true|true
4134|Steins;Gate 0|false|false|true|28|9902|https://psnprofiles.com/trophies/4134-steinsgate-0/|true|3 Jul 2018 11:12:08 AM|3 Jul 2018 1:04:44 PM|true|true
4145|Steins;Gate 0|true|false|false|28|2386|https://psnprofiles.com/trophies/4145-steinsgate-0/|true|3 Jul 2018 11:11:32 AM|3 Jul 2018 1:04:44 PM|true|true
7524|InkSplosion|false|false|true|14|2134|https://psnprofiles.com/trophies/7524-inksplosion/|true|3 Jul 2018 1:17:39 AM|3 Jul 2018 1:26:07 AM|true|true
5362|Duke Nukem 3D: 20th Anniversary World Tour|false|false|true|28|13823|https://psnprofiles.com/trophies/5362-duke-nukem-3d-20th-anniversary-world-tour/|true|2 Jul 2018 10:05:37 PM|3 Jul 2018 1:15:23 AM|true|true
1770|Virtua Fighter 2|true|false|false|12|9451|https://psnprofiles.com/trophies/1770-virtua-fighter-2/|false|2 Jul 2018 9:27:22 PM|2 Jul 2018 9:51:58 PM|true|true
1462|Super Hang-On|true|false|false|12|9559|https://psnprofiles.com/trophies/1462-super-hang-on/|false|2 Jul 2018 8:53:29 PM|2 Jul 2018 9:21:30 PM|true|true
7281|キミの瞳にヒットミー|false|true|true|18|461|https://psnprofiles.com/trophies/7281-キミの瞳にヒットミー/|true|2 Jul 2018 6:56:30 PM|2 Jul 2018 7:24:01 PM|true|true
7503|InkSplosion|false|false|true|14|3303|https://psnprofiles.com/trophies/7503-inksplosion/|true|2 Jul 2018 5:58:46 PM|2 Jul 2018 6:31:56 PM|true|true
7504|InkSplosion|false|true|false|14|1558|https://psnprofiles.com/trophies/7504-inksplosion/|true|2 Jul 2018 5:39:24 PM|2 Jul 2018 5:55:43 PM|true|true
6601|祝姫 -祀-|false|false|true|12|749|https://psnprofiles.com/trophies/6601-祝姫-祀/|true|2 Jul 2018 4:59:28 PM|2 Jul 2018 5:27:25 PM|true|true
6469|Energy Balance|false|true|false|21|611|https://psnprofiles.com/trophies/6469-energy-balance/|true|2 Jul 2018 12:07:19 PM|2 Jul 2018 5:12:01 PM|true|true
7057|Code：Realize ～白銀の奇跡～|false|false|true|31|254|https://psnprofiles.com/trophies/7057-coderealize-白銀の奇跡/|true|2 Jul 2018 3:40:33 PM|2 Jul 2018 4:30:13 PM|true|true
5202|明治東亰恋伽 Full Moon|false|true|false|22|523|https://psnprofiles.com/trophies/5202-明治東亰恋伽-full-moon/|true|2 Jul 2018 10:47:44 AM|2 Jul 2018 11:32:31 AM|true|true
4484|シロガネ×スピリッツ！|false|true|false|19|1049|https://psnprofiles.com/trophies/4484-シロガネスピリッツ/|true|2 Jul 2018 9:24:24 AM|2 Jul 2018 10:23:38 AM|true|true
4290|大正メビウスライン Vitable|false|true|false|23|464|https://psnprofiles.com/trophies/4290-大正メビウスライン-vitable/|true|2 Jul 2018 8:20:34 AM|2 Jul 2018 9:18:52 AM|true|true
1831|Sly Cooper: Thieves in Time|true|false|false|50|114958|https://psnprofiles.com/trophies/1831-sly-cooper-thieves-in-time/|true|1 Jul 2018 11:33:20 PM|1 Jul 2018 11:42:51 PM|true|true
6015|Mr. Massagy|false|false|true|34|11109|https://psnprofiles.com/trophies/6015-mr-massagy/|true|1 Jul 2018 10:56:37 PM|1 Jul 2018 11:18:29 PM|true|true
6265|1000 Top Rated|false|false|true|22|3507|https://psnprofiles.com/trophies/6265-1000-top-rated/|true|1 Jul 2018 10:42:23 PM|1 Jul 2018 10:48:02 PM|true|true
6045|リプキス|false|true|true|16|908|https://psnprofiles.com/trophies/6045-リプキス/|true|1 Jul 2018 10:22:50 PM|1 Jul 2018 10:35:28 PM|true|true
7258|あざやかな彩りの中で、君らしく|false|true|true|18|387|https://psnprofiles.com/trophies/7258-あざやかな彩りの中で君らしく/|false|1 Jul 2018 9:57:56 PM|1 Jul 2018 10:02:45 PM|true|true
5361|Steins;Gate 0|false|false|true|28|4435|https://psnprofiles.com/trophies/5361-steinsgate-0/|true|1 Jul 2018 7:20:11 PM|1 Jul 2018 9:00:35 PM|true|true
5402|Steins;Gate 0|false|true|false|28|4044|https://psnprofiles.com/trophies/5402-steinsgate-0/|true|1 Jul 2018 7:20:22 PM|1 Jul 2018 8:58:08 PM|true|true
6000|KLAP!! Kind Love And Punish: Fun Party|false|true|false|37|272|https://psnprofiles.com/trophies/6000-klap-kind-love-and-punish-fun-party/|true|1 Jul 2018 8:52:49 AM|1 Jul 2018 12:55:41 PM|true|true
4378|アイドルマスター シンデレラガールズ
グラビアフォーユー！ VOL.9|true|false|false|13|457|https://psnprofiles.com/trophies/4378-アイドルマスター-シンデレラガールズ-グラビアフォーユー-vol9/|false|1 Jul 2018 12:33:01 PM|1 Jul 2018 12:37:42 PM|true|true
4285|アイドルマスター シンデレラガールズ
グラビアフォーユー！ VOL.8|true|false|false|13|457|https://psnprofiles.com/trophies/4285-アイドルマスター-シンデレラガールズ-グラビアフォーユー-vol8/|false|1 Jul 2018 12:24:50 PM|1 Jul 2018 12:28:56 PM|true|true
4181|アイドルマスター シンデレラガールズ
グラビアフォーユー！ VOL.7|true|false|false|13|500|https://psnprofiles.com/trophies/4181-アイドルマスター-シンデレラガールズ-グラビアフォーユー-vol7/|false|1 Jul 2018 12:15:10 PM|1 Jul 2018 12:21:56 PM|true|true
4085|アイドルマスター シンデレラガールズ
グラビアフォーユー！ VOL.6|true|false|false|13|540|https://psnprofiles.com/trophies/4085-アイドルマスター-シンデレラガールズ-グラビアフォーユー-vol6/|false|1 Jul 2018 12:03:29 PM|1 Jul 2018 12:08:14 PM|true|true
3914|アイドルマスター シンデレラガールズ
グラビアフォーユー！ VOL.5|true|false|false|13|511|https://psnprofiles.com/trophies/3914-アイドルマスター-シンデレラガールズ-グラビアフォーユー-vol5/|false|1 Jul 2018 11:54:59 AM|1 Jul 2018 11:58:52 AM|true|true
3817|アイドルマスター シンデレラガールズ
グラビアフォーユー！ VOL.4|true|false|false|13|572|https://psnprofiles.com/trophies/3817-アイドルマスター-シンデレラガールズ-グラビアフォーユー-vol4/|false|1 Jul 2018 11:47:10 AM|1 Jul 2018 11:52:12 AM|true|true
3716|アイドルマスター シンデレラガールズ
グラビアフォーユー！ VOL.3|true|false|false|13|598|https://psnprofiles.com/trophies/3716-アイドルマスター-シンデレラガールズ-グラビアフォーユー-vol3/|false|1 Jul 2018 11:40:00 AM|1 Jul 2018 11:44:48 AM|true|true
3656|アイドルマスター シンデレラガールズ グラビアフォーユー！ VOL.2|true|false|false|13|676|https://psnprofiles.com/trophies/3656-アイドルマスター-シンデレラガールズ-グラビアフォーユー-vol2/|false|1 Jul 2018 11:30:12 AM|1 Jul 2018 11:34:26 AM|true|true
3522|アイドルマスター シンデレラガールズ グラビアフォーユー！ VOL.1|true|false|false|13|1045|https://psnprofiles.com/trophies/3522-アイドルマスター-シンデレラガールズ-グラビアフォーユー-vol1/|false|1 Jul 2018 11:20:41 AM|1 Jul 2018 11:26:04 AM|true|true
4081|キスアト|false|true|false|24|1029|https://psnprofiles.com/trophies/4081-キスアト/|true|1 Jul 2018 7:04:41 AM|1 Jul 2018 8:43:08 AM|true|true
3279|Arcade Archives: Scramble|false|false|true|9|1081|https://psnprofiles.com/trophies/3279-arcade-archives-scramble/|false|1 Jul 2018 5:48:24 AM|1 Jul 2018 5:52:13 AM|true|true
3311|Arcade Archives: Gradius|false|false|true|9|3351|https://psnprofiles.com/trophies/3311-arcade-archives-gradius/|false|1 Jul 2018 5:19:46 AM|1 Jul 2018 5:47:38 AM|true|true
6987|Jak II|false|false|true|41|10035|https://psnprofiles.com/trophies/6987-jak-ii/|true|1 Jul 2018 5:13:24 AM|1 Jul 2018 5:18:01 AM|true|true
