1372|Dumbledore's Army Category Duelling Champion|Defeat all duellers in the Dumbledore's Army Duelling category.|10754|31 Jul 2018 8:57:57 PM|12370|28702|43.1|Uncommon|Bronze
1372|Open Category Duelling Champion|Defeat all duellers in the Open Duelling category.|10753|31 Jul 2018 8:10:59 PM|12856|28702|44.79|Uncommon|Bronze
1372|Student Category Duelling Champion|Defeat all duellers in the Student Duelling category.|10752|31 Jul 2018 7:57:01 PM|13326|28702|46.43|Uncommon|Bronze
1372|The Best Offense is a Strong Defense|Use only Protego during a duel in the Duelling Club.|10751|31 Jul 2018 7:47:25 PM|12191|28702|42.47|Uncommon|Silver
1372|Shield Charm Master|Take no damage when duelling in Duelling Club.|10750|31 Jul 2018 7:47:23 PM|14983|28702|52.2|Common|Bronze
376|Turning the Lights Out|Complete the game using object highlighting five times or less.|10749|31 Jul 2018 5:50:52 AM|5845|17225|33.93|Uncommon|Bronze
376|Free Thinker|Beat the game using fewer than 10 hints|10748|31 Jul 2018 5:50:41 AM|6329|17225|36.74|Uncommon|Bronze
376|Monkey Master|Beat the game without using a hint|10747|31 Jul 2018 5:50:28 AM|5857|17225|34.0|Uncommon|Silver
376|Speed Demon|Complete the game in under three hours|10746|31 Jul 2018 5:50:02 AM|3706|17225|21.52|Uncommon|Bronze
376|Complete part four|Complete part four: Dinky Island|10745|31 Jul 2018 5:49:42 AM|8689|17225|50.44|Common|Gold
376|Old School|Switch to classic mode at least once|10744|31 Jul 2018 5:42:01 AM|14838|17225|86.14|Common|Bronze
376|Helium Inhaler|Make Guybrush inhale some helium|10743|31 Jul 2018 5:17:36 AM|8079|17225|46.9|Uncommon|Bronze
376|Call 911|Call the LucasArts helpdesk when walking through the jungle on Dinky Island|10742|31 Jul 2018 4:58:05 AM|8098|17225|47.01|Uncommon|Bronze
376|Complete part three|Complete part three: LeChuck's Fortress|10741|31 Jul 2018 4:47:06 AM|8922|17225|51.8|Common|Silver
376|Five Minutes Later...|Allow Guybrush to die.|10740|31 Jul 2018 4:42:37 AM|7552|17225|43.84|Uncommon|Bronze
376|Complete part two|Complete part two: Four Map Pieces|10739|31 Jul 2018 4:34:10 AM|9214|17225|53.49|Common|Silver
1372|Falling to Pieces|Fail to put together puzzle pieces after six attempts.|10738|30 Jul 2018 8:59:25 PM|15047|28702|52.42|Common|Bronze
1372|Put me down!|Cast Levicorpus on an enemy.|10737|30 Jul 2018 8:49:23 PM|19432|28702|67.7|Common|Bronze
1372|Kreacher Confusion|Cast Confundo on Kreacher in Grimmauld Place.|10736|30 Jul 2018 8:46:57 PM|12922|28702|45.02|Uncommon|Bronze
1372|Trans-figure-ation|Create your own character in the character customiser.|10735|30 Jul 2018 7:54:59 PM|17651|28702|61.5|Common|Bronze
1372|Half-Blood Prince Trophy|Complete Half-Blood Prince.|10734|30 Jul 2018 7:51:06 PM|14687|28702|51.17|Common|Silver
1372|Infer Inferi are Inferior|Cause the Inferi to destroy each other in the cave.|10733|30 Jul 2018 6:55:19 PM|11809|28702|41.14|Uncommon|Silver
1372|Creature Confusion|Force any enemy creature to attack another.|10732|30 Jul 2018 6:55:17 PM|13670|28702|47.63|Uncommon|Bronze
376|Complete part one|Complete part one: The Largo Embargo|10731|30 Jul 2018 4:24:58 AM|11713|17225|68.0|Common|Silver
399|Determined|Don't use any hints to finish the game.|10730|29 Jul 2018 5:47:28 AM|7248|26189|27.68|Uncommon|Bronze
399|Guybrush Kicks Butt|Complete Last Part: Guybrush Kicks Butt.|10729|29 Jul 2018 5:47:20 AM|12122|26189|46.29|Uncommon|Gold
399|Under Monkey Island|Complete Part Three: Under Monkey Island.|10728|29 Jul 2018 5:36:29 AM|12151|26189|46.4|Uncommon|Silver
399|Recordkeeper|Collect all of the notes and memos on Monkey Island™.|10727|29 Jul 2018 5:01:04 AM|9886|26189|37.75|Uncommon|Bronze
399|Escape Artist|Escape from the Monkey Island™ Cannibals' hut 5 times.|10726|29 Jul 2018 4:32:09 AM|9035|26189|34.5|Uncommon|Bronze
399|The Journey|Complete Part Two: The Journey|10725|29 Jul 2018 1:02:13 AM|13642|26189|52.09|Common|Silver
399|The Three Trials|Complete Part One: The Three Trials.|10724|29 Jul 2018 12:49:25 AM|14269|26189|54.48|Common|Silver
399|Ten Minutes Later...|Have Guybrush drown.|10723|28 Jul 2018 7:32:41 PM|8942|26189|34.14|Uncommon|Bronze
399|Sharp Tongue|Learn all of the insults from the pirates.|10722|28 Jul 2018 4:34:55 AM|8862|26189|33.84|Uncommon|Silver
1372|Order of the Phoenix Trophy|Complete Order of the Phoenix.|10721|28 Jul 2018 2:19:18 AM|17194|28702|59.91|Common|Silver
1372|Blind as a Basilisk|Blind an enemy creature.|10720|27 Jul 2018 8:59:38 PM|15373|28702|53.56|Common|Bronze
1372|Too True|Achieve a single True Wizard Stud Total.|10719|27 Jul 2018 7:41:45 PM|23639|28702|82.36|Common|Bronze
1372|Playtime|Enjoy all the fun in the playground.|10718|27 Jul 2018 7:29:02 PM|17733|28702|61.78|Common|Bronze
5280|Trophy Complete|You have obtained all trophies|10717|27 Jul 2018 5:27:34 AM|4698|20361|23.07|Uncommon|Platinum
5280|PICTURE Complete|You have unlocked all PICTURE content|10716|27 Jul 2018 5:27:34 AM|4793|20361|23.54|Uncommon|Gold
5280|VOICE Complete|You have unlocked all VOICE content|10715|27 Jul 2018 5:18:22 AM|4946|20361|24.29|Uncommon|Gold
5280|SCENE Complete|You have unlocked all SCENE content|10714|26 Jul 2018 7:42:41 PM|4913|20361|24.13|Uncommon|Gold
5280|Achieved 100,000 Points|You have collected 100,000 points from the mini-game|10713|26 Jul 2018 1:30:46 PM|5984|20361|29.39|Uncommon|Silver
399|Old School|Switch to classic mode at least once.|10712|26 Jul 2018 4:18:49 AM|22164|26189|84.63|Common|Bronze
5280|Magical Song|You have reached the "Magical Song" ending (Takuma Tsurugi)|10711|26 Jul 2018 3:27:14 AM|5240|20361|25.74|Uncommon|Silver
5280|TIPS Complete|You have unlocked all TIPS|10710|26 Jul 2018 3:11:32 AM|5077|20361|24.93|Uncommon|Gold
5280|Summoning of Mephistopheles|You have reached the "Summoning of Mephistopheles" route (Takuma Tsurugi)|10709|26 Jul 2018 3:01:08 AM|5284|20361|25.95|Uncommon|Bronze
5280|Floating Ark|You have reached the "Floating Ark" ending (Takuma Tsurugi)|10708|26 Jul 2018 2:55:50 AM|5249|20361|25.78|Uncommon|Silver
5280|Return of the Masked Princess|You have reached the "Return of The Masked Princess" ending (Takuma Tsurugi)|10707|26 Jul 2018 2:33:04 AM|5257|20361|25.82|Uncommon|Silver
5280|Duel on Table|You have reached the "Duel on Table" route (Takuma Tsurugi)|10706|26 Jul 2018 1:54:06 AM|5553|20361|27.27|Uncommon|Bronze
5280|Grapplers|You have reached the "Grapplers" route (Takuma Tsurugi)|10705|26 Jul 2018 12:31:03 AM|5345|20361|26.25|Uncommon|Bronze
5280|Bedtime Stories|You have reached the "Bedtime Stories" route (Takuma Tsurugi)|10704|26 Jul 2018 12:16:35 AM|5211|20361|25.59|Uncommon|Bronze
5280|Symbol of Faith|You have reached the "Symbol of Faith" ending (Takuma Tsurugi)|10703|25 Jul 2018 10:39:33 PM|5537|20361|27.19|Uncommon|Silver
5280|Toy-Box Brothers|You have reached the "Toy-Box Brothers" route (Takuma Tsurugi)|10702|25 Jul 2018 10:18:50 PM|5307|20361|26.06|Uncommon|Bronze
5280|The One Who Seeks Chaos|You have reached the "The One Who Seeks Chaos" route (Takuma Tsurugi)|10701|25 Jul 2018 9:39:06 PM|5275|20361|25.91|Uncommon|Bronze
5280|Surprise Weekend|You have reached the "Surprise Weekend" route (Takuma Tsurugi)|10700|25 Jul 2018 9:19:21 PM|5272|20361|25.89|Uncommon|Bronze
5280|A Night to Kill|You have reached the "A Night to Kill" ending (Takuma Tsurugi)|10699|25 Jul 2018 9:00:51 PM|5300|20361|26.03|Uncommon|Silver
5280|"Those Capable"|You have reached the "Those Capable" ending (Takuma Tsurugi)|10698|25 Jul 2018 8:47:01 PM|5338|20361|26.22|Uncommon|Silver
5280|Man of Stone|You have reached the "Man of Stone" route (Takuma Tsurugi)|10697|25 Jul 2018 8:13:12 PM|5307|20361|26.06|Uncommon|Bronze
5280|An Angel's Smile|You have reached the "An Angel's Smile" route (Nadeshiko Kugatachi)|10696|25 Jul 2018 6:37:25 PM|5516|20361|27.09|Uncommon|Bronze
5280|Goddess of Guidance|You have reached the "Goddess of Guidance" ending (Nadeshiko Kugatachi)|10695|25 Jul 2018 5:10:23 PM|5416|20361|26.6|Uncommon|Silver
5280|Eternal Cradle|You have reached the "Eternal Cradle" ending (Nadeshiko Kugatachi)|10694|25 Jul 2018 4:26:35 PM|5394|20361|26.49|Uncommon|Silver
5280|Thus, Fate has Proclaimed the End|You have reached the "Thus, Fate has Proclaimed the End" ending (Nadeshiko Kugatachi)|10693|25 Jul 2018 1:37:38 PM|5600|20361|27.5|Uncommon|Silver
5280|Guardian of Life|You have reached the "Guardian of Life" ending (Nadeshiko Kugatachi)|10692|25 Jul 2018 1:25:53 PM|5681|20361|27.9|Uncommon|Silver
5280|Resting Leadership|You have reached the "Resting Leadership" route (Nadeshiko Kugatachi)|10691|25 Jul 2018 6:02:45 AM|5594|20361|27.47|Uncommon|Bronze
956|Unseen Mordroc|Complete the game in Director's Cut mode|10690|25 Jul 2018 5:32:55 AM|428|2317|18.47|Rare|Silver
956|Bonus Ending|Complete the game in Director's Cut mode, in 3 lives, no move guide|10689|25 Jul 2018 5:32:48 AM|268|2317|11.57|Rare|Gold
956|Master Rescuer|Complete the game in Original mode, in 3 lives, no move guide|10688|25 Jul 2018 4:42:51 AM|267|2317|11.52|Rare|Gold
956|Butterflied|Collect the Butterfly Treasure on the first try|10687|25 Jul 2018 4:29:38 AM|371|2317|16.01|Rare|Silver
5280|Lady Talk|You have reached the "Lady Talk" route (Nadeshiko Kugatachi)|10686|24 Jul 2018 9:04:39 PM|5784|20361|28.41|Uncommon|Bronze
5280|Violet Flower|You have reached the "Violet Flower" route (Nadeshiko Kugatachi)|10685|24 Jul 2018 8:37:38 PM|5483|20361|26.93|Uncommon|Bronze
5280|The Burdened|You have reached the "The Burdened" route (Nadeshiko Kugatachi)|10684|24 Jul 2018 8:18:23 PM|5489|20361|26.96|Uncommon|Bronze
5280|Light and Shadow|You have reached the "Light and Shadow" route (Nadeshiko Kugatachi)|10683|24 Jul 2018 7:49:48 PM|5532|20361|27.17|Uncommon|Bronze
5280|When the Time Comes|You have reached the "When the Time Comes" ending (Nadeshiko Kugatachi)|10682|24 Jul 2018 7:25:07 PM|5609|20361|27.55|Uncommon|Silver
5280|Answer Revealed|You have reached the "Answer Revealed" ending (Nadeshiko Kugatachi)|10681|24 Jul 2018 7:14:53 PM|5625|20361|27.63|Uncommon|Silver
5280|Every Color|You have reached the "Every Color" route (Nadeshiko Kugatachi)|10680|24 Jul 2018 6:40:06 PM|5676|20361|27.88|Uncommon|Bronze
5280|Happy Family|You have reached the "Happy Family" ending (Nadeshiko Kugatachi)|10679|24 Jul 2018 6:37:05 PM|5782|20361|28.4|Uncommon|Silver
5280|Childhood's End|You have reached the "Childhood's End" ending (Nadeshiko Kugatachi)|10678|24 Jul 2018 6:03:53 PM|5781|20361|28.39|Uncommon|Silver
5280|Demon's Whisper|You have reached the "Demon's Whisper" route (Nadeshiko Kugatachi)|10677|24 Jul 2018 5:32:40 PM|5957|20361|29.26|Uncommon|Bronze
5222|Cyantific Apparatus|Collect all the mysterious fun secret beakers|10676|24 Jul 2018 5:13:47 AM|5941|33671|17.64|Rare|Gold
4558|Orange|Eat the Orange that appears after eating a set number of Pac-Dots in Round 3 or 4!|10675|24 Jul 2018 4:50:21 AM|12921|19503|66.25|Common|Bronze
4558|Cherry|Eat the Cherry that appears after eating a set number of Pac-Dots in Round 1!|10674|24 Jul 2018 4:44:34 AM|17080|19503|87.58|Common|Bronze
4558|Round 17 Cleared|Clear round 17!|10673|24 Jul 2018 4:43:32 AM|8451|19503|43.33|Uncommon|Gold
4558|Round 13 Cleared|Clear round 13!|10672|24 Jul 2018 4:21:05 AM|8609|19503|44.14|Uncommon|Silver
4558|Key|Eat the Key that appears after eating a set number of Pac-Dots after Round 13!|10671|24 Jul 2018 4:17:56 AM|8632|19503|44.26|Uncommon|Gold
4558|Bell|Eat the Bell that appears after eating a set number of Pac-Dots in Round 11 or 12!|10670|24 Jul 2018 4:13:22 AM|8698|19503|44.6|Uncommon|Gold
4558|Round 9 Cleared|Clear round 9!|10669|24 Jul 2018 4:10:04 AM|8803|19503|45.14|Uncommon|Bronze
4558|Galboss|Eat the Galboss that appears after eating a set number of Pac-Dots in Round 9 or 10!|10668|24 Jul 2018 4:09:18 AM|8859|19503|45.42|Uncommon|Silver
4558|Melon|Eat the Melon that appears after eating a set number of Pac-Dots in Round 7 or 8!|10667|24 Jul 2018 4:03:50 AM|9135|19503|46.84|Uncommon|Silver
4558|Round 5 Cleared|Clear round 5!|10666|24 Jul 2018 4:01:59 AM|9567|19503|49.05|Uncommon|Bronze
4558|Apple|Eat the Apple that appears after eating a set number of Pac-Dots in Round 5 or 6!|10665|24 Jul 2018 4:00:53 AM|9974|19503|51.14|Common|Silver
4558|Round 2 Cleared|Clear round 2!|10664|24 Jul 2018 3:53:26 AM|14665|19503|75.19|Common|Bronze
4558|Strawberry|Eat the Strawberry that appears after eating a set number of Pac-Dots in Round 2!|10663|24 Jul 2018 3:52:08 AM|15354|19503|78.73|Common|Bronze
4558|All Ghosts|Eat all ghosts in succession after eating a Power Pellet!|10662|24 Jul 2018 3:48:56 AM|12794|19503|65.6|Common|Silver
956|Classic Dirk|Complete the game in Original mode|10661|24 Jul 2018 1:59:26 AM|460|2317|19.85|Rare|Silver
956|Novice Hunter|Collect all three treasures in the first level|10660|24 Jul 2018 1:56:35 AM|817|2317|35.26|Uncommon|Bronze
956|Double Negative|See the "You Missed a Treasure Again!" screen|10659|24 Jul 2018 1:54:59 AM|524|2317|22.62|Uncommon|Bronze
5222|With Flying Colours|Complete the game|10658|23 Jul 2018 9:24:55 PM|9521|33671|28.28|Uncommon|Silver
7232|Platinum Midnight|Unlock all the trophies.|10657|23 Jul 2018 4:53:27 AM|3233|3311|97.64|Common|Platinum
7232|You made it|Complete level 4 making Midnight's friend smile.|10656|23 Jul 2018 4:53:27 AM|3267|3311|98.67|Common|Gold
7232|Expert|Complete 40 levels.|10655|23 Jul 2018 4:50:18 AM|3236|3311|97.73|Common|Gold
7232|Stunned|Die by a laser.|10654|23 Jul 2018 4:34:11 AM|3244|3311|97.98|Common|Gold
7232|Professional|Complete 20 levels.|10653|23 Jul 2018 4:18:42 AM|3254|3311|98.28|Common|Gold
7232|Stabbed|Die by a spike.|10652|23 Jul 2018 4:05:12 AM|3280|3311|99.06|Common|Gold
7232|Not squared anymore|Die by a saw.|10651|23 Jul 2018 4:05:05 AM|3274|3311|98.88|Common|Gold
7232|Improving|Complete 10 levels.|10650|23 Jul 2018 4:04:55 AM|3278|3311|99.0|Common|Gold
7232|Engineer|Pull a lever.|10649|23 Jul 2018 4:02:18 AM|3287|3311|99.28|Common|Gold
7232|Starter|Complete 5 levels.|10648|23 Jul 2018 4:01:47 AM|3289|3311|99.34|Common|Gold
7232|Went to explore|Die by getting out of a level.|10647|23 Jul 2018 3:59:23 AM|3295|3311|99.52|Common|Gold
7232|Making friends|Bump into one of Midnight's friends.|10646|23 Jul 2018 3:59:02 AM|3292|3311|99.43|Common|Silver
7232|Not overworking|Get 3 stars in one level.|10645|23 Jul 2018 3:58:22 AM|3299|3311|99.64|Common|Gold
7232|Go into the light|Complete level 1.|10644|23 Jul 2018 3:58:21 AM|3305|3311|99.82|Common|Silver
6015|I am the glorious Mr. Massagy!|Unlock all the trophies!|10643|23 Jul 2018 3:48:26 AM|10744|11109|96.71|Common|Platinum
6015|Bytes all over you!|Get a massagy with S.O.N.I.A.|10642|23 Jul 2018 3:48:26 AM|10771|11109|96.96|Common|Gold
6015|Hackerbruh!|Get three stars with S.O.N.I.A|10641|23 Jul 2018 3:47:37 AM|10771|11109|96.96|Common|Gold
6015|How does this even work?|Get a massagy with Papu-Aiye|10640|23 Jul 2018 3:42:31 AM|10820|11109|97.4|Common|Bronze
6015|Smooth Criminal|Get three stars with all dates!|10639|23 Jul 2018 3:42:30 AM|10774|11109|96.98|Common|Gold
6015|Expert Datemeister|Date all dates!|10638|23 Jul 2018 3:42:30 AM|10816|11109|97.36|Common|Bronze
6015|Real people are overrated|Get three stars with Papu-Aiye|10637|23 Jul 2018 3:42:24 AM|10803|11109|97.25|Common|Silver
6015|Who you gonna massage?|Get a massagy with Anne|10636|23 Jul 2018 3:38:13 AM|10826|11109|97.45|Common|Bronze
6015|I hope that's ectoplasm|Get three stars with Anne|10635|23 Jul 2018 3:38:08 AM|10808|11109|97.29|Common|Silver
6015|What a dairy experience|Get a massagy with Dorothy|10634|23 Jul 2018 3:33:17 AM|10842|11109|97.6|Common|Bronze
6015|Moooossagy!|Get three stars with Dorothy|10633|23 Jul 2018 3:33:07 AM|10827|11109|97.46|Common|Silver
6015|You'll be alone forever...|Fail 20 dates.|10632|23 Jul 2018 3:30:58 AM|10780|11109|97.04|Common|Gold
6015|That's… a lot of toys|Get a massagy with Sarah|10631|23 Jul 2018 3:27:54 AM|10843|11109|97.61|Common|Bronze
6015|Sugar daddy time!|Get three stars with Sarah|10630|23 Jul 2018 3:27:47 AM|10848|11109|97.65|Common|Silver
6015|Yo, where's your mojo?|Fail 10 dates.|10629|23 Jul 2018 3:24:59 AM|10811|11109|97.32|Common|Bronze
6015|You win some, you lose some!|Fail 5 dates.|10628|23 Jul 2018 3:23:58 AM|10882|11109|97.96|Common|Bronze
6015|Proud of your job!|Discover Johnny's true job in Sarah's date.|10627|23 Jul 2018 3:23:08 AM|10765|11109|96.9|Common|Silver
6015|Slippery everywhere|Get a massagy with Mayo|10626|23 Jul 2018 3:19:47 AM|10864|11109|97.79|Common|Bronze
6015|Watch the cholesterol|Get three stars with Mayo|10625|23 Jul 2018 3:19:42 AM|10872|11109|97.87|Common|Silver
6015|Poking around|Tap the Mayonnaise|10624|23 Jul 2018 3:18:38 AM|10836|11109|97.54|Common|Bronze
6015|It hurts so gooood...|Get a massagy with Janein|10623|23 Jul 2018 3:16:57 AM|10890|11109|98.03|Common|Bronze
6015|Don't put your massage in crazy, man|Get three stars with Janein|10622|23 Jul 2018 3:16:49 AM|10819|11109|97.39|Common|Silver
6015|Average Joe|Finish with a two-star date 5 times with any character.|10621|23 Jul 2018 3:14:34 AM|10873|11109|97.88|Common|Bronze
6015|It's something...|Get two stars in any date.|10620|23 Jul 2018 3:13:20 AM|11005|11109|99.06|Common|Silver
6015|Gotta love these app features|Get a massagy with Martha|10619|23 Jul 2018 3:12:11 AM|10867|11109|97.82|Common|Bronze
6015|Mother trucker!|Get three stars with Martha|10618|23 Jul 2018 3:12:03 AM|10819|11109|97.39|Common|Silver
6015|Careful with the claws|Get a massagy with Nicole|10617|23 Jul 2018 3:09:21 AM|10954|11109|98.6|Common|Bronze
6015|Awoo!|Get three stars with Nicole|10616|23 Jul 2018 3:09:16 AM|10840|11109|97.58|Common|Silver
6015|You blew it!|Fail any date|10615|23 Jul 2018 3:08:12 AM|11025|11109|99.24|Common|Bronze
6015|Duck killed!|Get killed by Nicole|10614|23 Jul 2018 3:08:07 AM|10895|11109|98.07|Common|Silver
6015|Tutorial with a happy ending|Get a massagy with Rial|10613|23 Jul 2018 3:05:57 AM|11021|11109|99.21|Common|Bronze
6015|You beat the Tuto-Rial!|Get three stars with Rial|10612|23 Jul 2018 3:05:46 AM|10938|11109|98.46|Common|Silver
6015|Moooom! Somebody likes me!|Match a date on Linger|10611|23 Jul 2018 3:04:32 AM|11059|11109|99.55|Common|Gold
6015|Nope!|Reject a date on Linger!|10610|23 Jul 2018 3:04:11 AM|11055|11109|99.51|Common|Bronze
6208|Platinum|Unlock every Trophy.|10609|23 Jul 2018 2:53:03 AM|1693|2233|75.82|Common|Platinum
6208|Master searcher|Finish all Hidden Object Puzzles without using hints.|10608|23 Jul 2018 2:53:03 AM|1821|2233|81.55|Common|Gold
6208|Skilled searcher|Finish 6 Hidden Object Puzzles in a row without using hints.|10607|23 Jul 2018 12:42:33 AM|1889|2233|84.59|Common|Silver
6208|Eagle-eyed|Finish any Hidden Object Puzzle in less than 1 minute.|10606|22 Jul 2018 9:54:43 PM|1836|2233|82.22|Common|Bronze
6208|Flawless aim|Finish any Hidden Object Puzzle with less than 4 mistakes.|10605|22 Jul 2018 9:39:51 PM|1874|2233|83.92|Common|Bronze
6208|Instant finding|Find 3 hidden-objects within 3 seconds.|10604|22 Jul 2018 9:36:21 PM|2003|2233|89.7|Common|Bronze
6208|The Redeemed Memories|Complete the bonus adventure.|10603|22 Jul 2018 7:54:02 PM|1910|2233|85.54|Common|Silver
6208|One of a kind|Complete the game on expert difficulty|10602|22 Jul 2018 5:47:39 PM|1819|2233|81.46|Common|Silver
6208|Timber!|Complete the game.|10601|22 Jul 2018 5:47:38 PM|1967|2233|88.09|Common|Silver
6208|Butterfly collector|Find all Ethereal Butterflies.|10600|22 Jul 2018 5:46:27 PM|1809|2233|81.01|Common|Gold
6208|Puzzle Expert|Finish all Mini-Games without skipping.|10599|22 Jul 2018 5:45:03 PM|1875|2233|83.97|Common|Gold
6208|Prey bites back|Deal with the beast. Permanently.|10598|22 Jul 2018 5:43:17 PM|1967|2233|88.09|Common|Bronze
6208|Licensed PI|Perform all evidence Deductions.|10597|22 Jul 2018 5:41:19 PM|1967|2233|88.09|Common|Bronze
6208|Amnesty|Complete the relief and open the cell.|10596|22 Jul 2018 5:39:46 PM|1968|2233|88.13|Common|Bronze
6208|Proof of the crime|Collect all the Evidence.|10595|22 Jul 2018 5:30:30 PM|1969|2233|88.18|Common|Bronze
6208|Master examiner|Finish all Pair-Matching games.|10594|22 Jul 2018 5:25:36 PM|1719|2233|76.98|Common|Gold
6208|Freedom!|Free yourself from captivity.|10593|22 Jul 2018 4:18:37 PM|1971|2233|88.27|Common|Bronze
6208|Recall the lost|Help recover a long-lost mind.|10592|22 Jul 2018 6:26:24 AM|1974|2233|88.4|Common|Bronze
6208|Gospel truth|Find all Illusive Objects.|10591|22 Jul 2018 5:51:52 AM|1764|2233|79.0|Common|Gold
6208|Raven’s nest|Gain access to the inner manor grounds.|10590|22 Jul 2018 5:51:39 AM|1982|2233|88.76|Common|Bronze
956|Warped View|Watch the entire game!|10589|22 Jul 2018 3:06:02 AM|1389|2317|59.95|Common|Bronze
5222|Into the Limelight|Unlock lime colour|10588|21 Jul 2018 9:31:15 PM|12285|33671|36.49|Uncommon|Bronze
5222|A Yellow Streak|Unlock yellow colour|10587|21 Jul 2018 2:10:20 PM|13195|33671|39.19|Uncommon|Bronze
6987|Done Done Done|For excellent and dedicated field work in the field of battle for completion|10586|21 Jul 2018 6:05:09 AM|5838|10035|58.18|Common|Platinum
6987|Pedal to the Metal|Destroy Metal Kor at Nest|10585|21 Jul 2018 6:05:09 AM|6690|10035|66.67|Common|Gold
6987|Head Over Heels|Collect 50 Metal Head Skull Gems|10584|21 Jul 2018 6:02:40 AM|7928|10035|79.0|Common|Bronze
6987|Head Cheese|Collect 250 Metal Head Skull Gems|10583|21 Jul 2018 6:02:40 AM|7433|10035|74.07|Common|Silver
6987|Head Master|Collect 510 Metal Head Skull Gems|10582|21 Jul 2018 6:02:40 AM|6483|10035|64.6|Common|Gold
6987|The Collectationator!|Collect 286 Precursor Orbs|10581|21 Jul 2018 6:02:39 AM|5878|10035|58.57|Common|Gold
6987|The Collector|Collect 25 Precursor Orbs|10580|21 Jul 2018 6:02:38 AM|7432|10035|74.06|Common|Bronze
6987|The Collectivist|Collect 125 Precursor Orbs|10579|21 Jul 2018 6:02:38 AM|6074|10035|60.53|Common|Silver
6987|Who Knew Krew Blew?|Beat Krew in Weapons Lab|10578|21 Jul 2018 5:48:08 AM|6766|10035|67.42|Common|Silver
6987|Finders Keepers|Find Sig in Underport|10577|21 Jul 2018 5:48:08 AM|6754|10035|67.3|Common|Bronze
6987|Heavy Distortion|Attack the Metal Head Nest|10576|21 Jul 2018 5:48:08 AM|6738|10035|67.14|Common|Bronze
6987|Bot Bot Boom Boom|Protect Hideout from Bomb Bots|10575|21 Jul 2018 5:48:07 AM|6886|10035|68.62|Common|Bronze
6987|Timber!|Destroy Drill Platform Tower|10574|21 Jul 2018 5:48:07 AM|6791|10035|67.67|Common|Bronze
6987|Speed Speedily|Win Class 1 Race in Stadium|10573|21 Jul 2018 5:48:07 AM|6780|10035|67.56|Common|Gold
6987|I Heart Heart|Get Heart of Mar in Weapons Lab|10572|21 Jul 2018 5:48:07 AM|6766|10035|67.42|Common|Bronze
6987|Speed Quicker|Win Class 2 Race at Stadium|10571|21 Jul 2018 5:48:06 AM|6901|10035|68.77|Common|Silver
6987|What's That Smell?|Escort Men Through Sewers|10570|21 Jul 2018 5:48:05 AM|6888|10035|68.64|Common|Bronze
6987|We're All Friends Here|Rescue Friends at Fortress|10569|21 Jul 2018 5:48:04 AM|6941|10035|69.17|Common|Bronze
6987|Testosterone|Pass the Tests of Manhood|10568|21 Jul 2018 5:47:58 AM|6981|10035|69.57|Common|Silver
6987|Grin and Baron It|Defeat Baron in Mar's Tomb|10567|21 Jul 2018 5:47:58 AM|6972|10035|69.48|Common|Silver
6987|No Man is a Canyon|Use Items in No Man's Canyon|10566|21 Jul 2018 5:47:51 AM|7004|10035|69.8|Common|Bronze
6987|Speeding Slowly|Win Class 3 Race at Stadium|10565|21 Jul 2018 5:47:50 AM|7176|10035|71.51|Common|Bronze
6987|Doggin' the Hellcats|Destroy 5 Hellcat Cruisers|10564|21 Jul 2018 5:47:49 AM|7054|10035|70.29|Common|Bronze
6987|Strip Mine, Not Yours|Blow up Strip Mine in Eco Wells|10563|21 Jul 2018 5:47:43 AM|7249|10035|72.24|Common|Bronze
6987|Sunken Ship|Destroy Ship at Drill Platform|10562|21 Jul 2018 5:47:43 AM|7190|10035|71.65|Common|Bronze
6987|Clap Hands|Get Seal Piece at Dig|10561|21 Jul 2018 5:47:43 AM|7119|10035|70.94|Common|Silver
6987|Scout's Honor|Catch Scouts in Haven Forest|10560|21 Jul 2018 5:47:36 AM|7442|10035|74.16|Common|Bronze
6987|Kersplash!|Destroy Equipment at Dig|10559|21 Jul 2018 5:47:36 AM|7294|10035|72.69|Common|Bronze
6987|Cha-ching|Collect Money for Krew|10558|21 Jul 2018 5:47:35 AM|7770|10035|77.43|Common|Bronze
6987|More Power to You|Turn on 5 Power Switches|10557|21 Jul 2018 5:47:34 AM|7626|10035|75.99|Common|Bronze
6987|Skip the Stairs|Ride Elevator up to Palace|10556|21 Jul 2018 5:47:34 AM|7595|10035|75.69|Common|Bronze
6987|Don't Let Him Get Away|Defeat Baron at Palace|10555|21 Jul 2018 5:47:34 AM|7581|10035|75.55|Common|Silver
6987|Over Easy|Destroy Eggs at Drill Platform|10554|21 Jul 2018 5:47:27 AM|7800|10035|77.73|Common|Silver
6987|Just the Artifacts Ma'am|Find 3 Artifacts in Mountain Temple|10553|21 Jul 2018 5:47:27 AM|7602|10035|75.75|Common|Bronze
6987|Lost and Found|Find Pumping Station Patrol|10552|21 Jul 2018 5:47:26 AM|7784|10035|77.57|Common|Silver
6987|Turrets Syndrome|Destroy Turrets in Sewers|10551|21 Jul 2018 5:47:25 AM|8208|10035|81.79|Common|Bronze
6987|Stripped Down|Rescue Vin at Strip Mine|10550|21 Jul 2018 5:47:25 AM|7938|10035|79.1|Common|Bronze
6987|Signature Moves|Protect Sig at Pumping Station|10549|21 Jul 2018 5:47:24 AM|8337|10035|83.08|Common|Bronze
6987|Dead and Gone|Retrieve Banner from Dead Town|10548|21 Jul 2018 5:47:17 AM|9249|10035|92.17|Common|Bronze
6987|Kaboom!|Blow up Ammo at Fortress|10547|21 Jul 2018 5:47:17 AM|8748|10035|87.17|Common|Bronze
6987|Poor Kid|Protect Kor and Kid|10546|21 Jul 2018 5:47:16 AM|9499|10035|94.66|Common|Bronze
6208|Butterfly admirer|Find 15 Ethereal Butterflies.|10545|21 Jul 2018 5:29:55 AM|1980|2233|88.67|Common|Silver
6208|Helping hand|Treat your ally's wounds.|10544|21 Jul 2018 5:23:16 AM|1992|2233|89.21|Common|Bronze
6208|Examiner|Finish half of all Pair-Matching games.|10543|21 Jul 2018 5:22:24 AM|1732|2233|77.56|Common|Silver
6208|Lift operator|Build a stable river crossing.|10542|21 Jul 2018 4:58:06 AM|2003|2233|89.7|Common|Bronze
6208|Deductionist|Perform 3 evidence Deductions without a wrong move.|10541|21 Jul 2018 4:46:12 AM|1924|2233|86.16|Common|Bronze
6208|Truth will out|Find 15 Illusive Objects.|10540|21 Jul 2018 4:31:42 AM|1997|2233|89.43|Common|Silver
6208|I’ll be back!|Find the way back to the park grounds.|10539|21 Jul 2018 4:28:53 AM|2025|2233|90.69|Common|Bronze
6208|It’s working!|Activate the cable car.|10538|21 Jul 2018 3:40:52 AM|2039|2233|91.31|Common|Bronze
6208|Faster than light!|Finish any Mini-Game in less than 1 minute.|10537|21 Jul 2018 3:40:33 AM|2048|2233|91.72|Common|Bronze
6208|Bright mind|Finish 4 Mini-Games in a row without skipping.|10536|21 Jul 2018 3:40:33 AM|2017|2233|90.33|Common|Silver
6208|PI|Establish the suspect of your investigation.|10535|21 Jul 2018 3:29:15 AM|2033|2233|91.04|Common|Bronze
6208|Inspector|Finish a game of Pair-Matching in less than 3 minutes.|10534|21 Jul 2018 1:56:15 AM|1831|2233|82.0|Common|Bronze
6208|I see the light!|Find the way back to the surface.|10533|21 Jul 2018 1:34:56 AM|2085|2233|93.37|Common|Bronze
6208|Private Eye|Perform your first evidence Deduction.|10532|20 Jul 2018 11:09:24 PM|2094|2233|93.78|Common|Bronze
6208|Quid pro quo|Find a mysterious helping hand.|10531|20 Jul 2018 11:03:01 PM|2099|2233|94.0|Common|Bronze
6208|Butterfly catcher|Find an Ethereal Butterfly.|10530|20 Jul 2018 10:49:14 PM|2113|2233|94.63|Common|Bronze
6208|Grain of truth|Find an Illusive Object.|10529|20 Jul 2018 10:27:35 PM|2125|2233|95.16|Common|Bronze
5222|In a Blue Moon|Unlock blue colour|10528|20 Jul 2018 6:58:41 PM|13841|33671|41.11|Uncommon|Bronze
5222|Caught Red Handed|Unlock red colour|10527|20 Jul 2018 1:23:27 PM|14908|33671|44.28|Uncommon|Bronze
5222|Pigment of Your Imagination|Make 5000 obstacles disappear|10526|20 Jul 2018 12:47:50 PM|19681|33671|58.45|Common|Silver
5222|Back to the Fuchsia|Unlock pink colour|10525|20 Jul 2018 12:36:22 PM|20149|33671|59.84|Common|Bronze
5222|Like Clockwork|Unlock orange colour|10524|19 Jul 2018 8:03:41 PM|26257|33671|77.98|Common|Bronze
5222|Shrinking Violet|Unlock purple colour|10523|19 Jul 2018 7:50:22 PM|28745|33671|85.37|Common|Bronze
5222|Showing True Colours|Change colour for the first time|10522|19 Jul 2018 7:41:32 PM|30625|33671|90.95|Common|Bronze
5222|Aquacadabra|Unlock aqua colour|10521|19 Jul 2018 7:13:47 PM|31179|33671|92.6|Common|Bronze
7852|Platinum Destronaut|Get all the trophies|10520|19 Jul 2018 5:36:47 AM|1702|1735|98.1|Common|Platinum
7852|Challenge me|Complete 12 challenges|10519|19 Jul 2018 5:36:47 AM|1710|1735|98.56|Common|Gold
7852|Mastering challenges|Complete 6 challenges|10518|19 Jul 2018 5:21:19 AM|1715|1735|98.85|Common|Gold
7852|I like challenges|Complete 3 challenges|10517|19 Jul 2018 5:16:03 AM|1718|1735|99.02|Common|Gold
7852|Up for a challenge|Complete 1 challenge|10516|19 Jul 2018 5:14:23 AM|1721|1735|99.19|Common|Gold
7852|Saving the galaxy|Reach 1K in Hardcore Mode|10515|19 Jul 2018 5:13:01 AM|1714|1735|98.79|Common|Gold
7852|Countdown|Reach 10K in Time Attack Mode|10514|19 Jul 2018 5:12:07 AM|1716|1735|98.9|Common|Gold
7852|Excellent|Reach to 100K points in Classic Mode|10513|19 Jul 2018 5:10:04 AM|1711|1735|98.62|Common|Gold
7852|Working hard|Reach to 50K points in Classic Mode|10512|19 Jul 2018 5:06:30 AM|1712|1735|98.67|Common|Gold
7852|Well done|Reach to 25K points in Classic Mode|10511|19 Jul 2018 5:06:29 AM|1714|1735|98.79|Common|Gold
7852|The whole crew was lost|Die once|10510|19 Jul 2018 5:06:27 AM|1729|1735|99.65|Common|Silver
7852|Persistent|Hit one of the grey enemies|10509|19 Jul 2018 5:06:09 AM|1728|1735|99.6|Common|Gold
7852|Changing weapons|Kill 1 special red enemy|10508|19 Jul 2018 5:06:02 AM|1727|1735|99.54|Common|Gold
7852|Starter|Kill 1 enemy|10507|19 Jul 2018 5:05:46 AM|1729|1735|99.65|Common|Silver
6158|Showdown Completion|Complete all Puzzle Showdown 4K Trophies|10506|19 Jul 2018 4:54:37 AM|4323|5271|82.01|Common|Platinum
6158|Puzzle Champion|Complete 50 Puzzles|10505|19 Jul 2018 4:54:37 AM|4385|5271|83.19|Common|Gold
7854|Platinum Destronaut|Get all the trophies|10504|19 Jul 2018 3:30:27 AM|732|745|98.26|Common|Platinum
7854|Challenge me|Complete 12 challenges|10503|19 Jul 2018 3:30:27 AM|733|745|98.39|Common|Gold
7854|Mastering challenges|Complete 6 challenges|10502|19 Jul 2018 3:04:09 AM|737|745|98.93|Common|Gold
7854|I like challenges|Complete 3 challenges|10501|19 Jul 2018 3:02:01 AM|741|745|99.46|Common|Gold
7854|Up for a challenge|Complete 1 challenge|10500|19 Jul 2018 2:59:14 AM|743|745|99.73|Common|Gold
7854|Saving the galaxy|Reach 1K in Hardcore Mode|10499|19 Jul 2018 2:58:33 AM|737|745|98.93|Common|Gold
7854|Countdown|Reach 10K in Time Attack Mode|10498|19 Jul 2018 2:57:26 AM|738|745|99.06|Common|Gold
7854|Excellent|Reach to 100K points in Classic Mode|10497|19 Jul 2018 2:55:29 AM|736|745|98.79|Common|Gold
7854|Working hard|Reach to 50K points in Classic Mode|10496|19 Jul 2018 2:43:06 AM|739|745|99.19|Common|Gold
7854|Well done|Reach to 25K points in Classic Mode|10495|19 Jul 2018 2:40:01 AM|742|745|99.6|Common|Gold
7854|Changing weapons|Kill 1 special red enemy|10494|19 Jul 2018 2:39:23 AM|744|745|99.87|Common|Gold
7854|The whole crew was lost|Die once|10493|19 Jul 2018 2:38:49 AM|744|745|99.87|Common|Silver
7854|Persistent|Hit one of the grey enemies|10492|19 Jul 2018 2:38:40 AM|744|745|99.87|Common|Gold
7854|Starter|Kill 1 enemy|10491|19 Jul 2018 2:38:35 AM|744|745|99.87|Common|Silver
5564|Cynical master|Unlock all trophies in Demetrios.|10490|18 Jul 2018 11:44:23 PM|1213|1622|74.78|Common|Platinum
5564|Please help!|Use at least 10 cookies|10489|18 Jul 2018 11:44:23 PM|1325|1622|81.69|Common|Bronze
5564|Cookie expert|Get all the game cookies|10488|18 Jul 2018 9:27:16 PM|1235|1622|76.14|Common|Gold
5564|Game Over expert|Experience all of the Game Overs|10487|18 Jul 2018 9:21:06 PM|1220|1622|75.22|Common|Gold
5564|Leaving without closing the faucet|Forget to close the faucet before leaving Paris|10486|18 Jul 2018 9:02:24 PM|1238|1622|76.33|Common|Bronze
5564|Insulting the parents|Sandra insults her parents in her postcard|10485|18 Jul 2018 9:01:48 PM|1229|1622|75.77|Common|Bronze
5564|Chapter 6 complete|Finish the game|10484|18 Jul 2018 9:00:46 PM|1265|1622|77.99|Common|Gold
5564|Insulting the statue|Insult the statue in the last room|10483|18 Jul 2018 8:51:23 PM|1242|1622|76.57|Common|Bronze
5564|Lick that!|Order Sandra to lick the statue|10482|18 Jul 2018 8:50:54 PM|1251|1622|77.13|Common|Bronze
5564|Doctor Frankenstein|Create a clone of Bjorn and Caroline|10481|18 Jul 2018 8:49:22 PM|1246|1622|76.82|Common|Bronze
5564|I wanna live!|Decide not to commit suicide after being poisoned|10480|18 Jul 2018 8:13:54 PM|1235|1622|76.14|Common|Bronze
5564|Chapter 5 complete|Finish Chapter 5|10479|18 Jul 2018 8:08:16 PM|1273|1622|78.48|Common|Bronze
5564|Play on tombs|Win 10,000 points on the pinball tombstone|10478|18 Jul 2018 6:56:57 PM|1256|1622|77.44|Common|Silver
5564|I hate little girls|Get rid of Caroline at the hideout|10477|18 Jul 2018 5:47:22 PM|1251|1622|77.13|Common|Bronze
5564|Chapter 4 complete|Finish Chapter 4|10476|18 Jul 2018 5:41:10 PM|1282|1622|79.04|Common|Bronze
5564|Insulting the hotel|Sandra write insults about the hotel|10475|18 Jul 2018 5:25:07 PM|1249|1622|77.0|Common|Bronze
5564|Oops, I fell|Fall from the roof accidentally|10474|18 Jul 2018 5:15:32 PM|1268|1622|78.18|Common|Bronze
5564|Game Over fan|Experience half of the Game Overs|10473|18 Jul 2018 5:07:15 PM|1271|1622|78.36|Common|Silver
5564|I thought that would work!|Put the entire plant in the sorcerer's glass|10472|18 Jul 2018 4:45:08 PM|1271|1622|78.36|Common|Bronze
5564|Flood the museum ground|Spill all the water in the container at the museum|10471|18 Jul 2018 3:53:26 PM|1262|1622|77.81|Common|Bronze
5564|Chapter 3 complete|Finish Chapter 3|10470|18 Jul 2018 3:42:17 PM|1299|1622|80.09|Common|Bronze
5564|Will you wake up?!|Try disturbing things on Henri|10469|18 Jul 2018 3:39:00 PM|1268|1622|78.18|Common|Bronze
5564|Just die, I don't care|Refuse to help Henri|10468|18 Jul 2018 2:36:43 PM|1259|1622|77.62|Common|Bronze
5564|Chapter 2 complete|Finish Chapter 2|10467|18 Jul 2018 2:13:00 PM|1334|1622|82.24|Common|Bronze
5564|Cookie eater|Get half of the game cookies|10466|18 Jul 2018 1:58:29 PM|1328|1622|81.87|Common|Silver
6158|Relaxation Station|Complete a puzzle with scoring disabled|10465|18 Jul 2018 6:10:47 AM|5113|5271|97.0|Common|Bronze
6158|Showdown Champion|10 Competitive Wins|10464|18 Jul 2018 6:08:21 AM|4475|5271|84.9|Common|Gold
6158|Showdown Underdog|Come back from a 1000 point deficit in showdown|10463|18 Jul 2018 5:49:15 AM|4483|5271|85.05|Common|Gold
6158|Another's Treasure|Complete an Another's Treasure Bonus twice in one Showdown|10462|18 Jul 2018 5:49:09 AM|4455|5271|84.52|Common|Gold
6158|Showdown Winner|1 Competitive Win|10461|18 Jul 2018 5:39:50 AM|4645|5271|88.12|Common|Gold
6158|First Showdown|Compete against another player|10460|18 Jul 2018 5:39:49 AM|4658|5271|88.37|Common|Silver
6158|Triple Jig|Complete 3rd Puzzle|10459|18 Jul 2018 5:39:48 AM|4956|5271|94.02|Common|Silver
6158|Puzzle Master|Complete a 510-piece Puzzle in under 2 hours|10458|18 Jul 2018 5:29:46 AM|4555|5271|86.42|Common|Gold
5564|Funfair complete|Get all funfair items|10457|18 Jul 2018 2:46:41 AM|1303|1622|80.33|Common|Gold
5564|Let's get them all|Win all the plushes at the funfair claw machines|10456|18 Jul 2018 2:46:28 AM|1337|1622|82.43|Common|Silver
5564|Bad luck!|Turn the wheel and die|10455|18 Jul 2018 2:35:07 AM|1334|1622|82.24|Common|Bronze
5564|Trophy Pet Shoot|Win the Pet Shoot trophy|10454|18 Jul 2018 2:19:52 AM|1318|1622|81.26|Common|Bronze
5564|Trophy Plate Shoot|Win the Plate Shoot trophy|10453|18 Jul 2018 2:15:58 AM|1313|1622|80.95|Common|Bronze
5564|Mommy, I wanna stay at the funfair!|Win 1,000 coins at the funfair|10452|17 Jul 2018 9:52:53 PM|1285|1622|79.22|Common|Gold
5564|Mommy, let's go to the funfair!|Win 100 coins at the funfair|10451|17 Jul 2018 9:40:23 PM|1339|1622|82.55|Common|Silver
5564|Trophy Horse Race|Win the Horse Race trophy|10450|17 Jul 2018 9:38:40 PM|1343|1622|82.8|Common|Bronze
5564|Trophy Worm Race|Win the Worm Race trophy|10449|17 Jul 2018 9:34:52 PM|1341|1622|82.68|Common|Bronze
5564|I love to die|Die ten times|10448|17 Jul 2018 9:13:42 PM|1349|1622|83.17|Common|Silver
5564|Chapter 1 complete|Finish Chapter 1|10447|17 Jul 2018 8:41:38 PM|1398|1622|86.19|Common|Bronze
5564|I love to eat rotten things|Eat 3 rotten things on the floor|10446|17 Jul 2018 8:11:49 PM|1389|1622|85.64|Common|Bronze
5564|No respect for the police|Do dirty things at the police station|10445|17 Jul 2018 8:03:40 PM|1436|1622|88.53|Common|Bronze
4788|Have good dreams!|Clear the game as HYO AMANO|10444|17 Jul 2018 5:30:09 PM|2770|11207|24.72|Uncommon|Bronze
4788|Be ready for your death!|Clear the game as SHIGEN NAOE|10443|17 Jul 2018 5:06:09 PM|2714|11207|24.22|Uncommon|Bronze
4788|I must accomplish it!|Clear the game as SHINNOSUKE KAGAMI|10442|17 Jul 2018 4:54:37 PM|2783|11207|24.83|Uncommon|Bronze
4788|No interest to the weaks|Clear the game as ZANTETSU|10441|17 Jul 2018 4:43:14 PM|2717|11207|24.24|Uncommon|Bronze
4788|This is the power of justice|Clear the game as RECCA LEE|10440|17 Jul 2018 4:24:22 PM|2815|11207|25.12|Uncommon|Bronze
4788|Extreme pleasure...!|Clear the game as MUKURO|10439|17 Jul 2018 3:04:38 PM|2702|11207|24.11|Uncommon|Bronze
4788|Heaven forbid...|Clear the game as GENBU NO OKINA|10438|17 Jul 2018 2:56:15 PM|2699|11207|24.08|Uncommon|Bronze
4788|I can still do it...!|Clear the game as KOJIRO SANADA|10437|17 Jul 2018 2:47:12 PM|2804|11207|25.02|Uncommon|Bronze
4788|I'll stick to my beliefs, no matter what...|Clear the game as KEIICHIRO WASHIZUKA|10436|17 Jul 2018 2:32:52 PM|2832|11207|25.27|Uncommon|Bronze
4788|I am going to slash you down...!|Clear the game as HIBIKI TAKAMINE|10435|17 Jul 2018 2:24:51 PM|3008|11207|26.84|Uncommon|Bronze
4788|Nailed it!|Clear the game as JUZO KANZAKI|10434|17 Jul 2018 1:14:49 PM|2754|11207|24.57|Uncommon|Bronze
4788|Powerful victory!|Clear the game as AKARI ICHIJO|10433|17 Jul 2018 12:55:41 AM|2899|11207|25.87|Uncommon|Bronze
4788|Living nightmare...|Clear the game as SETSUNA|10432|17 Jul 2018 12:44:33 AM|3031|11207|27.05|Uncommon|Bronze
4788|SNK|Play in TIME ATTACK and beat 30 characters in a row|10431|16 Jul 2018 9:06:30 PM|2427|11207|21.66|Uncommon|Bronze
4788|Not bad, is it?|Play in TIME ATTACK and beat 15 characters in a row|10430|16 Jul 2018 9:01:49 PM|2909|11207|25.96|Uncommon|Bronze
4788|Just a moment!|No continue game clear|10429|16 Jul 2018 8:59:03 PM|3047|11207|27.19|Uncommon|Silver
4788|Sheer folly!|Clear the game as KORYU|10428|16 Jul 2018 8:54:51 PM|2694|11207|24.04|Uncommon|Bronze
4788|Flounder under the moonlight...|Clear the game as MORIYA MINAKATA|10427|16 Jul 2018 8:43:23 PM|3121|11207|27.85|Uncommon|Bronze
4788|This is also destiny|Clear the game as YUKI|10426|16 Jul 2018 8:29:42 PM|3097|11207|27.63|Uncommon|Bronze
4788|I'm gonna show ya my real power...!|Clear the game as KAEDE|10425|16 Jul 2018 8:11:31 PM|3567|11207|31.83|Uncommon|Bronze
6158|Puzzle Connoisseur|Complete a 510-piece Puzzle|10424|16 Jul 2018 5:38:26 AM|4652|5271|88.26|Common|Gold
6158|Do a Jig|Complete 1st Puzzle|10423|16 Jul 2018 5:38:25 AM|5180|5271|98.27|Common|Bronze
6158|Triple Speed Streak|Complete 3 Speed Streak Bonuses in a row|10422|16 Jul 2018 5:27:30 AM|4901|5271|92.98|Common|Silver
6158|Ithsmus Be Difficult|Complete an Isthmus Bonus of 15 or more pieces|10421|16 Jul 2018 2:38:30 AM|4871|5271|92.41|Common|Gold
6158|Line of Five|Complete a Line Bonus of 5 pieces or more|10420|16 Jul 2018 2:24:09 AM|4589|5271|87.06|Common|Gold
6158|Accuracy Streak|Complete 5 Accuracy Bonuses in a row|10419|16 Jul 2018 1:17:13 AM|4925|5271|93.44|Common|Silver
6158|Showdown Boon|Complete two 30-point or higher Bonus Points in one Showdown|10418|16 Jul 2018 1:11:09 AM|4941|5271|93.74|Common|Silver
7115|Energy Invasion Platinum|Good job! Completed all tasks!|10417|15 Jul 2018 6:21:15 AM|699|808|86.51|Common|Platinum
7115|Infinity|Passed level 30 in Endless mode|10416|15 Jul 2018 6:21:15 AM|702|808|86.88|Common|Gold
7115|Eternal|Passed level 25 in Endless mode|10415|15 Jul 2018 5:16:44 AM|704|808|87.13|Common|Gold
7115|Patience|Passed level 20 in Endless mode|10414|15 Jul 2018 4:26:10 AM|704|808|87.13|Common|Gold
5949|Contributor to the Encyclopaedia Asposia|Unlock all trophies to officially earn the prestigious title "Contributor to the Encyclopaedia Asposia". With this title you'll be able to contribute to the next edition of said encyclopedia as you proofed your deep knowledge of the asposian world and its inhabitants.|10413|15 Jul 2018 3:32:44 AM|692|809|85.54|Common|Platinum
5949|Casual-Gamer|Until now, you’ve been using the help system quite often. You’re a casual-gamer for sure! But hey, the main point is, you’re having fun! And you get one point for being casual. Congrats!|10412|15 Jul 2018 3:32:44 AM|706|809|87.27|Common|Bronze
5949|Blabbermouth|Talk to every possible character in Asposia.|10411|15 Jul 2018 3:26:48 AM|696|809|86.03|Common|Gold
5949|Mr Wise-Guy|Complete the game without taking hints from the help system. In other words: don’t press L2.|10410|15 Jul 2018 3:26:48 AM|699|809|86.4|Common|Gold
5949|Chapter 5 - Asposia's Last Hope|Complete the fifth chapter!|10409|15 Jul 2018 3:26:47 AM|702|809|86.77|Common|Gold
5949|Just a scratch|You just shot a healing-laser in the back of Asposia’s greatest despot. A really disputable achievement. Nevertheless: 20 points, just for you!|10408|15 Jul 2018 3:17:01 AM|698|809|86.28|Common|Silver
5949|Chapter 4 - The Secret of the Basylians|Complete the fourth chapter!|10407|15 Jul 2018 2:10:51 AM|702|809|86.77|Common|Gold
5949|Hedgehog- Anesthesia|You tried to put Fonk to sleep using K.O.-drops. That’s understandable, for he’s the nightmare of your youth.|10406|15 Jul 2018 1:46:40 AM|700|809|86.53|Common|Silver
5949|Chief of BBQ|Congratulations! You made sure Dr. Reminepo was getting so many electric shocks that his brain’s probably toast now.|10405|15 Jul 2018 1:43:49 AM|697|809|86.16|Common|Silver
5949|Chapter 3 - The Abandoned Dynasty|Complete the third chapter!|10404|15 Jul 2018 1:18:17 AM|707|809|87.39|Common|Gold
7115|Diversity|Passed level 15 in Endless mode|10403|15 Jul 2018 12:08:00 AM|704|808|87.13|Common|Gold
7115|Tranquility|Passed level 10 in Endless mode|10402|14 Jul 2018 3:44:48 PM|704|808|87.13|Common|Silver
7115|Origin|Passed level 5 in Endless mode|10401|14 Jul 2018 3:06:50 PM|708|808|87.62|Common|Bronze
6487|Don't You Have Anything Better to Do?|Obtain all other Undertale trophies.|10400|14 Jul 2018 6:53:46 AM|10556|20304|51.99|Common|Platinum
6487|Good Luck|Reach the second save point in the CORE.|10399|14 Jul 2018 6:53:46 AM|12586|20304|61.99|Common|Gold
7115|Persistence|Linear mode complete!|10398|14 Jul 2018 3:14:42 AM|708|808|87.62|Common|Gold
7115|Strip|Passed level 20 in Linear mode|10397|14 Jul 2018 2:56:10 AM|709|808|87.75|Common|Gold
7115|Direction|Passed level 15 in Linear mode|10396|14 Jul 2018 2:34:23 AM|710|808|87.87|Common|Silver
7115|Linearity|Passed level 10 in Linear mode|10395|14 Jul 2018 12:35:51 AM|715|808|88.49|Common|Silver
7115|Parallelism|Passed level 5 in Linear mode|10394|14 Jul 2018 12:12:17 AM|719|808|88.99|Common|Bronze
7115|Salvation|Invasion complete!|10393|13 Jul 2018 10:54:07 PM|716|808|88.61|Common|Gold
7115|Defense|Passed level 20 in Invasion mode|10392|13 Jul 2018 8:35:07 PM|719|808|88.99|Common|Gold
7115|Maneuver|Passed level 15 in Invasion mode|10391|13 Jul 2018 7:01:54 PM|727|808|89.98|Common|Silver
7115|Intruders|Passed level 10 in Invasion mode|10390|13 Jul 2018 5:42:25 PM|739|808|91.46|Common|Silver
7115|Interception|Passed level 5 in Invasion mode|10389|13 Jul 2018 5:31:11 PM|759|808|93.94|Common|Silver
7115|Health pack|Got a special health pack bonus|10388|13 Jul 2018 5:24:04 PM|777|808|96.16|Common|Silver
7115|Good start|Invasion started|10387|13 Jul 2018 5:21:16 PM|788|808|97.52|Common|Bronze
6487|Dognation Level 15|Donate 350G to the Dog Shrine.|10386|13 Jul 2018 2:57:22 AM|10844|20304|53.41|Common|Gold
6487|Dognation Level 14|Donate 280G to the Dog Shrine.|10385|13 Jul 2018 2:48:14 AM|10895|20304|53.66|Common|Gold
6487|Dognation Level 13|Donate 230G to the Dog Shrine.|10384|13 Jul 2018 2:40:09 AM|10952|20304|53.94|Common|Gold
6487|Final Stretch II|Reach Hotland 3F.|10383|13 Jul 2018 1:57:55 AM|13018|20304|64.12|Common|Gold
6487|Final Stretch II|Reach Hotland 2F.|10382|13 Jul 2018 1:21:14 AM|13119|20304|64.61|Common|Silver
5949|The Royal Toilet|Hand over brown guest passes to Steve!|10381|13 Jul 2018 12:19:29 AM|702|809|86.77|Common|Silver
5949|Casanova Casonostri|Gift flowers to Gorfelina!|10380|13 Jul 2018 12:11:08 AM|708|809|87.52|Common|Silver
5949|Chapter 2 - The Secret Place in the Root Forest|Complete the second chapter!|10379|12 Jul 2018 11:51:50 PM|714|809|88.26|Common|Gold
5949|Suicide|It’s not the best idea to return an old, trigger-happy wind monk’s glasses, who, even though he’s blind, is able to aim surprisingly good at you.|10378|12 Jul 2018 11:19:33 PM|714|809|88.26|Common|Silver
5949|Master of Stirring|Stir the swamp!|10377|12 Jul 2018 11:16:42 PM|714|809|88.26|Common|Bronze
5949|Gorf-Scratcher|Scratch the Gorf’s head!|10376|12 Jul 2018 11:16:05 PM|721|809|89.12|Common|Bronze
5949|Windfall|A fruit from the tree fell down on the ground. Great work.|10375|12 Jul 2018 11:04:15 PM|718|809|88.75|Common|Bronze
5949|Brainteaser|You smashed a fruit from the tree with your funnel helmet!|10374|12 Jul 2018 11:01:21 PM|722|809|89.25|Common|Bronze
5949|Chapter 1 - The quest for the Silver Fosfos|Complete the first chapter!|10373|12 Jul 2018 10:54:38 PM|730|809|90.23|Common|Gold
5949|Trial and Error|You solved the Mechatre-Puzzle just by trying out things randomly… or by ingenious intuition!|10372|12 Jul 2018 10:45:10 PM|722|809|89.25|Common|Bronze
6487|Final Stretch|Enter Hotland.|10371|12 Jul 2018 9:18:04 PM|13252|20304|65.27|Common|Silver
6487|Dognation Level 12|Donate 190G to the Dog Shrine.|10370|12 Jul 2018 9:07:22 PM|11045|20304|54.4|Common|Silver
6487|Dognation Level 11|Donate 155G to the Dog Shrine.|10369|12 Jul 2018 9:06:20 PM|11174|20304|55.03|Common|Silver
6487|Dognation Level 10|Donate 125G to the Dog Shrine.|10368|12 Jul 2018 9:05:23 PM|11307|20304|55.69|Common|Silver
6487|Rain|Reach the place where it rains.|10367|12 Jul 2018 7:38:43 PM|14530|20304|71.56|Common|Silver
6487|Midpoint|Arrive at Waterfall.|10366|12 Jul 2018 7:07:59 PM|15234|20304|75.03|Common|Silver
6487|Dognation Level 9|Donate 100G to the Dog Shrine.|10365|12 Jul 2018 6:10:42 PM|11404|20304|56.17|Common|Silver
6487|Dognation Level 8|Donate 78G to the Dog Shrine.|10364|12 Jul 2018 6:08:00 PM|11502|20304|56.65|Common|Bronze
6487|Dognation Level 7|Donate 59G to the Dog Shrine.|10363|12 Jul 2018 6:06:25 PM|11626|20304|57.26|Common|Bronze
6487|Dognation Level 6|Donate 43G to the Dog Shrine.|10362|12 Jul 2018 6:05:05 PM|11707|20304|57.66|Common|Bronze
6487|Dognation Level 5|Donate 30G to the Dog Shrine.|10361|12 Jul 2018 6:03:56 PM|11816|20304|58.2|Common|Bronze
6487|Dognation Level 4|Donate 20G to the Dog Shrine.|10360|12 Jul 2018 6:03:00 PM|11913|20304|58.67|Common|Bronze
6487|Dognation Level 3|Donate 12G to the Dog Shrine.|10359|12 Jul 2018 6:02:13 PM|11995|20304|59.08|Common|Bronze
6487|Dognation Level 2|Donate 6G to the Dog Shrine.|10358|12 Jul 2018 5:55:04 PM|12109|20304|59.64|Common|Bronze
6487|Dognation Level 1|Donate 2G to the Dog Shrine.|10357|12 Jul 2018 5:54:27 PM|12410|20304|61.12|Common|Bronze
6487|Manna|Get to the Spaghetti save point in Snowdin.|10356|12 Jul 2018 3:54:08 PM|16789|20304|82.69|Common|Silver
6487|Exodus|Arrive at Snowdin.|10355|12 Jul 2018 3:27:48 PM|17462|20304|86.0|Common|Bronze
6487|Mouse|Reach the mouse hole in the Ruins.|10354|12 Jul 2018 2:38:24 PM|18975|20304|93.45|Common|Bronze
6487|Help Me, I'm Out of Ideas|Get four items.|10353|12 Jul 2018 2:10:40 PM|18109|20304|89.19|Common|Silver
6487|Or Getting More Items|Get three items.|10352|12 Jul 2018 2:10:33 PM|18265|20304|89.96|Common|Bronze
6487|Like Getting Items|Get two items.|10351|12 Jul 2018 2:10:26 PM|18474|20304|90.99|Common|Bronze
6487|Don't Worry, I Have Lots of Ideas for Trophies|Get an item.|10350|12 Jul 2018 2:10:19 PM|19056|20304|93.85|Common|Bronze
6487|Ruins|Enter the Ruins.|10349|12 Jul 2018 2:03:38 PM|19660|20304|96.83|Common|Bronze
4718|Zero Escape|Collect all trophies.|10348|12 Jul 2018 6:33:21 AM|7439|11226|66.27|Common|Platinum
4718|SHIFTer|Clear all fragments.|10347|12 Jul 2018 6:33:21 AM|7721|11226|68.78|Common|Gold
4718|The Final Decision|Finish CQD-END: 2.|10346|12 Jul 2018 6:32:53 AM|7817|11226|69.63|Common|Gold
4718|Mountain of Knowledge|Gain all Cinema Files.|10345|12 Jul 2018 6:27:51 AM|7744|11226|68.98|Common|Silver
4718|Q-Team Subject Report|Clear all Q-Team fragments.|10344|12 Jul 2018 6:24:34 AM|7727|11226|68.83|Common|Silver
4718|D-Team Subject Report|Clear all D-Team fragments.|10343|12 Jul 2018 6:24:34 AM|7752|11226|69.05|Common|Silver
4718|C-Team Subject Report|Clear all C-Team fragments.|10342|12 Jul 2018 6:24:33 AM|7751|11226|69.05|Common|Silver
4718|Bigger on the Inside|Successfully activate the Force Quit Box.|10341|12 Jul 2018 6:20:49 AM|7857|11226|69.99|Common|Silver
4718|It Came From Within|Finish Q-END: 2.|10340|12 Jul 2018 6:17:36 AM|7822|11226|69.68|Common|Silver
4718|Schrödinger's Cat|Successfully remove the helmet.|10339|12 Jul 2018 6:12:35 AM|7827|11226|69.72|Common|Bronze
4718|Virtue's True Reward|No one presses the button, everyone lives.|10338|12 Jul 2018 5:35:09 AM|8180|11226|72.87|Common|Bronze
4718|Wrinkle in Time|Shoot that person.|10337|12 Jul 2018 5:21:41 AM|7920|11226|70.55|Common|Gold
4718|Fly Me to the Moon|Finish C-END: 1.|10336|12 Jul 2018 5:11:12 AM|7878|11226|70.18|Common|Silver
4718|Unforgettable|Answer with the correct date.|10335|12 Jul 2018 4:54:05 AM|7930|11226|70.64|Common|Bronze
4718|A Silver Lining|Finish D-END: 2.|10334|12 Jul 2018 4:52:39 AM|7844|11226|69.87|Common|Silver
4718|Geronimo|Protect Akane and obtain the X-Passes.|10333|12 Jul 2018 4:16:13 AM|7885|11226|70.24|Common|Bronze
4718|The Go-To Guy|Complete all quests.|10332|12 Jul 2018 4:08:46 AM|7878|11226|70.18|Common|Gold
4718|All-Seeing Wisdom|Obtain all Quest Files.|10331|12 Jul 2018 2:41:31 AM|7573|11226|67.46|Common|Silver
4718|Tell Them What They Won|Correctly answer the Monty Hall Problem.|10330|11 Jul 2018 11:39:57 PM|8400|11226|74.83|Common|Bronze
4718|Blessed by Lady Luck|All the dice roll 1s.|10329|11 Jul 2018 10:20:25 PM|8396|11226|74.79|Common|Bronze
4718|Virtual Reality|Live a happy virtual life.|10328|11 Jul 2018 9:52:33 PM|7920|11226|70.55|Common|Bronze
4718|Calculated Risk|Shoot a blank, everyone lives.|10327|11 Jul 2018 9:37:31 PM|8320|11226|74.11|Common|Bronze
4718|Down the Hatch|Drink the real antidote.|10326|11 Jul 2018 9:10:46 PM|8591|11226|76.53|Common|Bronze
4718|In the Big Leagues Now|Complete 6 quests.|10325|11 Jul 2018 8:56:28 PM|8417|11226|74.98|Common|Silver
4718|A Rabbit in My Future|Finish D-END: 1.|10324|11 Jul 2018 8:27:15 PM|8115|11226|72.29|Common|Silver
4718|What Are Ya, Chicken?|Resist temptation to press the button.|10323|11 Jul 2018 7:56:55 PM|8550|11226|76.16|Common|Bronze
4718|What is Love? Don't Hurt Me|Finish Q-END: 1.|10322|11 Jul 2018 4:54:50 PM|8456|11226|75.33|Common|Silver
4718|Gotta Go Back in Time|Go through your first bad ending.|10321|11 Jul 2018 4:02:26 PM|9260|11226|82.49|Common|Bronze
4718|Still a Rookie|Complete 1 quest.|10320|11 Jul 2018 3:51:45 PM|9304|11226|82.88|Common|Bronze
4718|Crib Sheet|Obtain 1 Quest File.|10319|11 Jul 2018 3:42:43 PM|9460|11226|84.27|Common|Bronze
4718|Coming Up on 90 Minutes|Watch all the cinematics in a fragment.|10318|11 Jul 2018 3:26:20 PM|9445|11226|84.14|Common|Bronze
4718|A Grain of Sand|Gain 1 Cinema File.|10317|11 Jul 2018 3:13:06 PM|10286|11226|91.63|Common|Bronze
4718|Beginning of the End|Finish CQD-END: 1.|10316|11 Jul 2018 3:04:39 PM|10561|11226|94.08|Common|Bronze
5949|King of Sins|You thoroughly talked to Ottilie about sins. Your pure soul is a just a tiny bit more corrupted now.|10315|11 Jul 2018 5:08:06 AM|737|809|91.1|Common|Silver
5949|Fresh Breath|Eat a mint!|10314|11 Jul 2018 4:55:40 AM|732|809|90.48|Common|Bronze
5949|Pigeon-Tunnel|You put the pigeon through your special windsock-pigeon-tunnel. Although you couldn’t catch it this way… nice try!|10313|11 Jul 2018 4:39:51 AM|743|809|91.84|Common|Bronze
6619|Platinum Robot|Unlock all other trophies|10312|10 Jul 2018 9:33:38 PM|430|582|73.88|Common|Platinum
6619|Gruyère robot|Die on the spikes over 25 times|10311|10 Jul 2018 9:33:38 PM|453|582|77.84|Common|Bronze
6619|Finished!|Finish all the levels|10310|10 Jul 2018 9:12:49 PM|433|582|74.4|Common|Gold
6619|Battery hunter|Collect all batteries across all levels|10309|10 Jul 2018 9:12:47 PM|433|582|74.4|Common|Silver
6619|Always together|Finish all the levels with both robots alive|10308|10 Jul 2018 9:12:45 PM|431|582|74.05|Common|Gold
6619|Call it even|Finish all the even levels with both robots alive|10307|10 Jul 2018 9:12:43 PM|431|582|74.05|Common|Gold
6619|Under pressure|Both robots die smashed together|10306|10 Jul 2018 9:04:40 PM|491|582|84.36|Common|Silver
6619|This is odd|Finish all the odd levels with both robots alive|10305|10 Jul 2018 8:59:19 PM|432|582|74.23|Common|Gold
6619|Two and two makes 22|Finish level 22 with both robots alive|10304|10 Jul 2018 7:28:47 PM|439|582|75.43|Common|Gold
5949|Schnapps-Dealer|Find some alcohol in the garbage and try to palm it off on the garbage dealer.|10303|10 Jul 2018 4:04:47 AM|746|809|92.21|Common|Silver
6844|Slasher|Collect all trophies to unlock the platinum trophy.|10302|10 Jul 2018 1:49:14 AM|783|1256|62.34|Common|Platinum
6844|Blow Out|Unlock the gorepack called Puffed Up.|10301|10 Jul 2018 1:49:14 AM|827|1256|65.84|Common|Silver
6844|Day of the Dead|Unlock the gorepack called Cinco de Slayo.|10300|10 Jul 2018 1:48:57 AM|846|1256|67.36|Common|Silver
6844|Final Destination|Get a score of 25 in Faces of Killed 3.|10299|10 Jul 2018 1:48:39 AM|862|1256|68.63|Common|Silver
6619|I am the one who knocks|Run against a closed door|10298|9 Jul 2018 11:57:35 PM|461|582|79.21|Common|Bronze
6619|The floor is lava|Perform 10 consecutive wall jumps|10297|9 Jul 2018 8:28:25 PM|495|582|85.05|Common|Gold
6619|Acid addict|Die 5 times inside an acid pool|10296|9 Jul 2018 8:19:41 PM|488|582|83.85|Common|Bronze
6619|Two on two|Finish level 2 with both robots alive|10295|9 Jul 2018 7:51:33 PM|553|582|95.02|Common|Silver
6619|Frogger|Jump 75 times in one level, using the same robot|10294|9 Jul 2018 7:49:37 PM|499|582|85.74|Common|Gold
6619|Lifeguard|Share energy when your twin is about to die|10293|9 Jul 2018 7:44:45 PM|530|582|91.07|Common|Silver
6619|See ya in another life, brotha|Finish a level using only 1 robot, not switching control even once|10292|9 Jul 2018 7:43:03 PM|541|582|92.96|Common|Silver
6619|No rush|Press the red button at the last minute, just before your twin gets crushed|10291|9 Jul 2018 7:40:08 PM|532|582|91.41|Common|Gold
6619|So generous|Give all your energy to your twin|10290|9 Jul 2018 7:36:00 PM|551|582|94.67|Common|Gold
6619|Better together|Reach the exit with both robots|10289|9 Jul 2018 7:34:07 PM|570|582|97.94|Common|Bronze
6619|Blue tiles|Step on all of them in one level|10288|9 Jul 2018 7:33:50 PM|555|582|95.36|Common|Silver
6053|Full Throttle|Unlock all trophies|10287|9 Jul 2018 6:58:19 PM|5081|6986|72.73|Common|Platinum
6053|Thank No Cats|Watch the bunnies overtake the credits|10286|9 Jul 2018 6:58:19 PM|5415|6986|77.51|Common|Bronze
6053|Can't Beat a Corley|Send up a gorge-ous death for Ripburger|10285|9 Jul 2018 6:36:44 PM|5685|6986|81.38|Common|Gold
6053|Burger Well Done|Defeat Ripburger without dying|10284|9 Jul 2018 6:36:43 PM|5169|6986|73.99|Common|Gold
6053|LOOMing Seagull|Kill the LOOM Seagull|10283|9 Jul 2018 6:36:08 PM|5385|6986|77.08|Common|Bronze
6053|Now Boarding|Get Ripburger into the plane|10282|9 Jul 2018 6:33:44 PM|5694|6986|81.51|Common|Silver
6053|Rabbit Ragu|Dice a rabbit in the engine fan|10281|9 Jul 2018 6:31:38 PM|5417|6986|77.54|Common|Silver
6053|Burger Melt|Melt Ripburger's vision of the future|10280|9 Jul 2018 6:25:02 PM|5708|6986|81.71|Common|Bronze
6053|Wisecrack|Kick the crack to open the secret passage|10279|9 Jul 2018 6:20:51 PM|5718|6986|81.85|Common|Bronze
6053|What A Pain Threshold!|Make the Boom Boom Bros go boom|10278|9 Jul 2018 6:18:09 PM|5724|6986|81.94|Common|Silver
6053|Taut a Lesson|Talk your way out of getting quartered|10277|9 Jul 2018 5:49:32 PM|5748|6986|82.28|Common|Bronze
6053|Hare Trigger|Sacrifice bunnies to get through the minefield|10276|9 Jul 2018 5:48:04 PM|5748|6986|82.28|Common|Silver
6053|Burn-In Rubber|Save your screen from burn-in with 3D animated vehicles|10275|9 Jul 2018 5:44:00 PM|5820|6986|83.31|Common|Bronze
6053|Invasion of the Bunny Snatcher|Snatch the bunny|10274|9 Jul 2018 5:19:40 PM|5772|6986|82.62|Common|Bronze
6053|Pull a Fast One|Get the battery from the minefield|10273|9 Jul 2018 5:08:04 PM|5774|6986|82.65|Common|Bronze
6053|Pure Evel|Launch over Poyahoga Gorge|10272|9 Jul 2018 5:00:13 PM|5836|6986|83.54|Common|Silver
6053|The Spirit of Ricky Myran|Escape with Ricky's ramp|10271|9 Jul 2018 4:59:10 PM|5858|6986|83.85|Common|Bronze
6053|Gogglor|Use the Cavefish goggles to locate their lair|10270|9 Jul 2018 3:49:34 PM|5885|6986|84.24|Common|Bronze
6053|A Fistful of Fertilizer|Get the chainsaw with the fertilizer|10269|9 Jul 2018 3:34:54 PM|5775|6986|82.67|Common|Silver
6053|Torque Talk|Consume Father Torque's wisdom|10268|9 Jul 2018 3:27:26 PM|5979|6986|85.59|Common|Silver
6053|Fertilized|Use the fertilizer to spin out Nestor and Bolus|10267|9 Jul 2018 3:21:20 PM|5941|6986|85.04|Common|Bronze
6053|Hosed|Get a hose to fix your bike|10266|9 Jul 2018 3:15:23 PM|6081|6986|87.05|Common|Bronze
6053|Hard Tale|Look at the pic of Maureen and Malcom fixing hard tail|10265|9 Jul 2018 3:14:36 PM|5360|6986|76.72|Common|Silver
6053|I Can Do That|Play a game of five finger fillet|10264|9 Jul 2018 3:10:16 PM|5405|6986|77.37|Common|Silver
6053|News to Me|Watch the entire news broadcast|10263|9 Jul 2018 3:09:01 PM|5349|6986|76.57|Common|Bronze
6053|A New Hope|Grab the Fake ID from Miranda|10262|9 Jul 2018 3:04:50 PM|6123|6986|87.65|Common|Bronze
6053|Unnatural Causes|Listen to Malcolm's last words|10261|9 Jul 2018 2:57:44 PM|6169|6986|88.31|Common|Silver
6053|Right in the Junk|Recover the forks from the junkyard|10260|9 Jul 2018 2:50:52 PM|6228|6986|89.15|Common|Bronze
6053|OK, I'll Put My Lips on That|Siphon gas from Floyd|10259|9 Jul 2018 2:28:06 PM|6272|6986|89.78|Common|Bronze
6053|Annoyed Floyd|Hide from Floyd|10258|9 Jul 2018 2:26:56 PM|6301|6986|90.19|Common|Bronze
6053|Not So Tough After All|Pick the lock to the tower|10257|9 Jul 2018 2:22:43 PM|6368|6986|91.15|Common|Silver
6053|Carry the Torch|Retrieve Mo's welding torch|10256|9 Jul 2018 2:11:33 PM|6341|6986|90.77|Common|Bronze
6053|Trailer Trashed|Kick in the trailer door|10255|9 Jul 2018 2:09:58 PM|6435|6986|92.11|Common|Bronze
6053|Angels with Dirty Faces|Keep talking to Todd|10254|9 Jul 2018 2:09:46 PM|5311|6986|76.02|Common|Bronze
6053|Minking Memories|Check out the photo of Uncle Pete|10253|9 Jul 2018 2:03:54 PM|6470|6986|92.61|Common|Silver
6053|Know Mo|Finish all of Mo's initial dialog|10252|9 Jul 2018 2:03:21 PM|6145|6986|87.96|Common|Silver
6053|A-Number One Polecat Honcho|Take out the first Rottwheeler|10251|9 Jul 2018 1:57:55 PM|6600|6986|94.47|Common|Bronze
6053|Ring Pull|Get your keys from the bartender|10250|9 Jul 2018 1:55:51 PM|6636|6986|94.99|Common|Silver
6053|Not Puttin' My Lips on That|Keep Your Lips Off of 10 Objects|10249|9 Jul 2018 1:54:52 PM|6032|6986|86.34|Common|Silver
6053|One Final Offer...|Accept Ripburger's Final Offer|10248|9 Jul 2018 1:23:32 PM|6695|6986|95.83|Common|Bronze
6844|Slay It Again, Sam|Unlock the gorepack called C-flat Face.|10247|9 Jul 2018 5:37:20 AM|858|1256|68.31|Common|Bronze
6844|Cannonball? Run!|Unlock the gorepack called Ball'd Faced Lier.|10246|9 Jul 2018 5:29:27 AM|862|1256|68.63|Common|Silver
6844|Gory-gami|Unlock the gorepack called Origami'd.|10245|9 Jul 2018 5:21:31 AM|882|1256|70.22|Common|Bronze
6844|Number of the Best|Kill 666 victims across all Slayaway Camp movies.|10244|9 Jul 2018 5:21:07 AM|810|1256|64.49|Common|Gold
6844|Blend It Like Beckham|Unlock the gorepack called Juiced.|10243|9 Jul 2018 5:18:50 AM|869|1256|69.19|Common|Bronze
6844|The Bees|Unlock the gorepack called Not the Bees.|10242|9 Jul 2018 4:39:53 AM|904|1256|71.97|Common|Bronze
6844|Nailed It!|Unlock the gorepack called Pincusioned.|10241|9 Jul 2018 4:39:28 AM|876|1256|69.75|Common|Bronze
6844|Lawnmower Man|Unlock the gorepack called Party's Over.|10240|9 Jul 2018 4:39:11 AM|826|1256|65.76|Common|Silver
6844|Sheer Terror|Unlock the gorepack called Pruned.|10239|9 Jul 2018 4:38:45 AM|883|1256|70.3|Common|Silver
6844|Hellraiser|Unlock the gorepack called Demonized.|10238|9 Jul 2018 4:38:25 AM|853|1256|67.91|Common|Silver
6844|Firestarter|Unlock the gorepack called Charbroiled.|10237|9 Jul 2018 4:38:01 AM|826|1256|65.76|Common|Bronze
6844|Milton's Revenge|Unlock the gorepack called Face Stapled.|10236|9 Jul 2018 4:37:39 AM|836|1256|66.56|Common|Silver
6844|The Texas Pitchfork Massacre|Unlock the gorepack called Spronged.|10235|9 Jul 2018 4:37:10 AM|874|1256|69.59|Common|Bronze
6844|Little Shop of Horrors|Unlock 13 Gore Packs.|10234|9 Jul 2018 4:36:47 AM|943|1256|75.08|Common|Gold
6844|My Bloody Valentine|Unlock the gorepack called Broken Heart.|10233|9 Jul 2018 4:36:43 AM|892|1256|71.02|Common|Bronze
6844|See No Evil|Unlock the gorepack called Double Blind.|10232|9 Jul 2018 4:36:26 AM|894|1256|71.18|Common|Bronze
6844|The Silencer|Unlock the gorepack called Grenade!.|10231|9 Jul 2018 4:34:53 AM|879|1256|69.98|Common|Bronze
6844|Pupper Master|Unlock 13 Killers using the Mystery Box.|10230|9 Jul 2018 3:11:56 AM|883|1256|70.3|Common|Silver
6844|Creepshow|Unlock 5 Killers using the Mystery Box.|10229|9 Jul 2018 3:03:07 AM|919|1256|73.17|Common|Bronze
6844|I Am Legend|Get a score of 20 in Faces of Killed 3.|10228|9 Jul 2018 1:56:50 AM|928|1256|73.89|Common|Bronze
6844|The Grudge|Get a score of 10 in Faces of Killed 3.|10227|9 Jul 2018 1:40:34 AM|974|1256|77.55|Common|Bronze
6844|The Purge|Get a score of 13 in Faces of Killed 3.|10226|9 Jul 2018 1:40:34 AM|965|1256|76.83|Common|Bronze
6844|Grindhouse|Get a score of 5 in Faces of Killed 3.|10225|9 Jul 2018 1:39:30 AM|977|1256|77.79|Common|Bronze
6844|Galaxy of Terror|Complete Slayaway Camp X "Space Camp".|10224|9 Jul 2018 1:29:07 AM|877|1256|69.82|Common|Silver
6844|Frankenweenie|Complete Slayaway Camp 8 "Manhattan Manslaughter".|10223|8 Jul 2018 3:46:12 PM|888|1256|70.7|Common|Bronze
6844|Graveyard Shift|Complete Slayaway Camp 7 "Office Hours".|10222|8 Jul 2018 3:33:32 PM|907|1256|72.21|Common|Bronze
6844|Shocker|Kill a victim by scaring them into an electric fence.|10221|8 Jul 2018 3:15:31 PM|925|1256|73.65|Common|Bronze
6844|Flatliners|Complete Slayaway Camp 6 "Fatality Ward".|10220|8 Jul 2018 3:14:11 PM|930|1256|74.04|Common|Bronze
6844|Child's Play|Unlock one new psycho killer using the Mystery Box.|10219|8 Jul 2018 5:57:55 AM|1031|1256|82.09|Common|Bronze
6844|Prince of Darkness|Kill a victim when the lights are off.|10218|8 Jul 2018 5:48:35 AM|953|1256|75.88|Common|Bronze
6844|Deep Rising|Complete Slayaway Camp 5 "Bloodbath Beach".|10217|8 Jul 2018 5:45:56 AM|957|1256|76.19|Common|Bronze
6844|Killer of the Elite|Kill a swat cop.|10216|8 Jul 2018 5:44:54 AM|959|1256|76.35|Common|Bronze
6844|Psycho Cop|Kill 30 dumb cops across all Slayaway Camp movies.|10215|8 Jul 2018 5:29:37 AM|967|1256|76.99|Common|Bronze
6844|The Faculty|Complete Slayaway Camp 4 "Slash'em High".|10214|8 Jul 2018 4:59:59 AM|978|1256|77.87|Common|Bronze
6844|Carnival of Souls|Complete Slayaway Camp 3D "The Abusement Park".|10213|8 Jul 2018 4:28:33 AM|1010|1256|80.41|Common|Bronze
6844|House of 100 Corpses|Kill 100 victims across all Slayaway Camp movies.|10212|8 Jul 2018 4:20:48 AM|1043|1256|83.04|Common|Bronze
6844|Faster, Pussycat!|Get through a level with a cat without killing it.|10211|8 Jul 2018 4:19:42 AM|1020|1256|81.21|Common|Bronze
6844|Rest in Pieces|Kill a victim with a Landmine.|10210|8 Jul 2018 3:49:55 AM|1123|1256|89.41|Common|Bronze
6844|The Mummy|Complete Slayaway Camp 2.5 "Another Return to Slayaway Camp".|10209|8 Jul 2018 3:49:10 AM|1116|1256|88.85|Common|Bronze
6844|The Hunger|Kill a victim by knocking over a fridge onto them.|10208|8 Jul 2018 3:40:02 AM|1161|1256|92.44|Common|Bronze
6844|Part II|Complete Slayaway Camp 2 "Return to Slayaway Camp".|10207|8 Jul 2018 3:34:02 AM|1197|1256|95.3|Common|Bronze
6844|The Deep|Kill a victim by scarin them into water.|10206|8 Jul 2018 3:24:07 AM|1217|1256|96.89|Common|Bronze
6844|Maniac Cop|Kill a dumb cop.|10205|8 Jul 2018 3:23:39 AM|1219|1256|97.05|Common|Bronze
6844|Needful Things|Unlock 1 Gore Pack.|10204|8 Jul 2018 3:20:49 AM|1231|1256|98.01|Common|Bronze
6844|Cabin in the Woods|Complete Slayaway Camp.|10203|8 Jul 2018 3:11:23 AM|1231|1256|98.01|Common|Bronze
6844|Six Feet Under|Kill a victim by scaring them into a hole.|10202|8 Jul 2018 3:11:14 AM|1230|1256|97.93|Common|Bronze
6844|Fire Walk With Me|Kill a victim by scaring them into a fire.|10201|8 Jul 2018 3:09:31 AM|1239|1256|98.65|Common|Bronze
6840|Pilgrim|Explore the Land of Gods.|10200|7 Jul 2018 4:14:34 PM|867|1087|79.76|Common|Platinum
6840|Equilibrium|Complete the game.|10199|7 Jul 2018 4:14:34 PM|894|1087|82.24|Common|Gold
6840|Mausoleum of Ice|Complete the The Monastery.|10198|7 Jul 2018 4:02:28 PM|901|1087|82.89|Common|Gold
6840|Baa from the past|Find the Ancient Llamba.|10197|7 Jul 2018 2:03:59 PM|888|1087|81.69|Common|Silver
6840|Cartographer|Discover all areas of the map.|10196|7 Jul 2018 2:00:51 PM|917|1087|84.36|Common|Gold
6840|Knowledge for Power|Complete the The Archives.|10195|7 Jul 2018 1:54:16 PM|901|1087|82.89|Common|Gold
6840|Attuned to the spirits|Speak to all of the spirit animals.|10194|7 Jul 2018 1:33:54 PM|886|1087|81.51|Common|Gold
6840|In the belly of the beast|Find the bones of an old beast.|10193|7 Jul 2018 1:29:59 PM|905|1087|83.26|Common|Silver
6840|Gaze into the abyss|Find the dwellings of the rift cult.|10192|7 Jul 2018 1:22:46 PM|904|1087|83.16|Common|Silver
6840|Memorial|Find the ancient battlefield.|10191|7 Jul 2018 1:20:28 PM|896|1087|82.43|Common|Silver
6840|Tails of Stone|Find the statue of the fox.|10190|7 Jul 2018 1:17:30 PM|898|1087|82.61|Common|Silver
6840|Condor condo|Find the giant birdshrine.|10189|7 Jul 2018 1:16:42 PM|899|1087|82.7|Common|Silver
6840|Written in stone|Find the chiseled stone map.|10188|7 Jul 2018 1:15:07 PM|895|1087|82.34|Common|Silver
6840|Wings of Stone|Find the statue of the crane.|10187|7 Jul 2018 1:12:55 PM|909|1087|83.62|Common|Silver
6840|Hide and Seek|Find Erin when she's gone.|10186|7 Jul 2018 1:10:44 PM|874|1087|80.4|Common|Silver
6840|People's Haven|Complete the Eventide Sanctuary.|10185|7 Jul 2018 12:49:24 PM|934|1087|85.92|Common|Gold
6840|Ripples on the surface|Step into the well.|10184|7 Jul 2018 4:11:42 AM|915|1087|84.18|Common|Silver
6840|An uninvited guest|Find the Crab Island.|10183|7 Jul 2018 4:06:26 AM|929|1087|85.46|Common|Silver
6840|Mama?|Get some Lambaby love.|10182|7 Jul 2018 4:03:07 AM|975|1087|89.7|Common|Silver
6840|Antlers of Stone|Find the statue of the deer.|10181|7 Jul 2018 3:59:52 AM|936|1087|86.11|Common|Silver
6840|Light at the end of the tunnel|Escape the collapsing cave.|10180|7 Jul 2018 3:43:16 AM|1046|1087|96.23|Common|Silver
7233|Platinum Midnight|Unlock all the trophies.|10179|6 Jul 2018 10:50:14 PM|1198|1244|96.3|Common|Platinum
7233|Expert|Complete 40 levels.|10178|6 Jul 2018 10:50:14 PM|1202|1244|96.62|Common|Gold
7233|Stunned|Die by a laser.|10177|6 Jul 2018 9:45:32 PM|1206|1244|96.95|Common|Gold
7233|Professional|Complete 20 levels.|10176|6 Jul 2018 9:20:01 PM|1215|1244|97.67|Common|Gold
7233|Not squared anymore|Die by a saw.|10175|6 Jul 2018 9:08:23 PM|1228|1244|98.71|Common|Gold
5253|Mullach an Eilein|Trigger all directors' commentary|10174|6 Jul 2018 8:39:11 PM|2224|6195|35.9|Uncommon|Silver
7233|Improving|Complete 10 levels.|10173|6 Jul 2018 6:53:42 PM|1233|1244|99.12|Common|Gold
7233|Stabbed|Die by a spike.|10172|6 Jul 2018 6:48:06 PM|1232|1244|99.04|Common|Gold
7233|Engineer|Pull a lever.|10171|6 Jul 2018 6:47:08 PM|1236|1244|99.36|Common|Gold
7233|Starter|Complete 5 levels.|10170|6 Jul 2018 6:45:34 PM|1237|1244|99.44|Common|Gold
7233|Went to explore|Die by getting out of a level.|10169|6 Jul 2018 6:45:24 PM|1239|1244|99.6|Common|Gold
7233|You made it|Complete level 4 making Midnight's friend smile.|10168|6 Jul 2018 6:44:56 PM|1225|1244|98.47|Common|Gold
7233|Making friends|Bump into one of Midnight's friends.|10167|6 Jul 2018 6:44:42 PM|1238|1244|99.52|Common|Silver
7233|Not overworking|Get 3 stars in one level.|10166|6 Jul 2018 6:38:35 PM|1239|1244|99.6|Common|Gold
7233|Go into the light|Complete level 1.|10165|6 Jul 2018 6:38:07 PM|1242|1244|99.84|Common|Silver
7361|Metropolis: Lux Obscura Platinum|Good job! Completed all tasks!|10164|6 Jul 2018 6:31:39 PM|147|194|75.77|Common|Platinum
7361|She saved you a bullet|Find Goldie.|10163|6 Jul 2018 6:31:39 PM|153|194|78.87|Common|Gold
7361|Goldie|Almost met with Goldie.|10162|6 Jul 2018 6:17:31 PM|158|194|81.44|Common|Gold
7361|Hell for the company|Bliss is not that stupid.|10161|6 Jul 2018 5:08:02 PM|152|194|78.35|Common|Bronze
7361|Bikers|There's a guys on two wheels.|10160|6 Jul 2018 4:55:38 PM|158|194|81.44|Common|Gold
7361|Bite the bullet|Win a fight after collecting 10 police tokens.|10159|6 Jul 2018 4:54:20 PM|154|194|79.38|Common|Gold
7361|Warehouse|Visited warehouse.|10158|6 Jul 2018 4:47:27 PM|172|194|88.66|Common|Gold
7361|Sound of da Police|Met with the police.|10157|6 Jul 2018 4:20:54 PM|168|194|86.6|Common|Gold
7361|At the club again|New troubles at the club.|10156|6 Jul 2018 4:12:05 PM|168|194|86.6|Common|Silver
7361|Words are loaded pistols|Get one of main endings without a gun.|10155|6 Jul 2018 2:20:36 PM|153|194|78.87|Common|Silver
7361|The choices we make|Help Candice and Leana to get off the hook.|10154|6 Jul 2018 2:20:35 PM|156|194|80.41|Common|Silver
7361|Farm|Visited farm.|10153|6 Jul 2018 1:42:40 PM|160|194|82.47|Common|Silver
5253|Paul|Finish Chapter 'The Beacon'|10152|6 Jul 2018 5:28:18 AM|4532|6195|73.16|Common|Gold
5253|Seanchaidh|Trigger all voice over points|10151|6 Jul 2018 5:24:34 AM|2804|6195|45.26|Uncommon|Silver
5253|Tuir|Uncover 4 urns|10150|6 Jul 2018 5:15:00 AM|2460|6195|39.71|Uncommon|Bronze
5253|Esther|Finish Chapter 'The Caves'|10149|6 Jul 2018 5:06:29 AM|4628|6195|74.71|Common|Silver
5253|Man of the Rocks|Walk 5000 steps|10148|6 Jul 2018 4:56:33 AM|3841|6195|62.0|Common|Bronze
5253|Jakobson|Finish Chapter 'The Buoy'|10147|6 Jul 2018 4:53:12 AM|4762|6195|76.87|Common|Silver
5253|Donnelley|Finish Chapter 'The Lighthouse'|10146|6 Jul 2018 4:25:31 AM|5316|6195|85.81|Common|Silver
5253|Seonaidh|Drown Once|10145|6 Jul 2018 4:17:22 AM|4853|6195|78.34|Common|Bronze
5253|Stac an Armin|Die from falling off a cliff once|10144|6 Jul 2018 4:09:12 AM|4274|6195|68.99|Common|Bronze
7361|Candy|Met with Candy.|10143|6 Jul 2018 3:16:06 AM|160|194|82.47|Common|Silver
7361|Like Chuck|100 damage points in a single turn.|10142|6 Jul 2018 2:35:13 AM|159|194|81.96|Common|Gold
7361|Tough guy|50 damage points in a single turn.|10141|6 Jul 2018 2:35:12 AM|164|194|84.54|Common|Silver
7361|Trap|Caught in a trap.|10140|5 Jul 2018 7:30:54 PM|170|194|87.63|Common|Silver
7361|That same dealer|Got a new task.|10139|5 Jul 2018 7:30:06 PM|172|194|88.66|Common|Silver
7361|Bar|No good night at the bar.|10138|5 Jul 2018 7:22:01 PM|170|194|87.63|Common|Silver
7361|Tork|I have been a personal driver.|10137|5 Jul 2018 6:51:32 PM|174|194|89.69|Common|Bronze
7361|Angry policemen|The police turned into anger.|10136|5 Jul 2018 6:17:49 PM|163|194|84.02|Common|Silver
7361|Drugstore|Visited drugstore.|10135|5 Jul 2018 6:13:40 PM|174|194|89.69|Common|Bronze
7361|Bridge|Meeting on the bridge.|10134|5 Jul 2018 6:00:39 PM|180|194|92.78|Common|Bronze
7361|You're dead|Died for the first time.|10133|5 Jul 2018 5:34:19 PM|179|194|92.27|Common|Bronze
7361|Club|At the door of the club.|10132|5 Jul 2018 5:27:49 PM|182|194|93.81|Common|Bronze
7359|Peacemaker|Reconciled the Sun with the Moon|10131|5 Jul 2018 1:50:04 PM|86|94|91.49|Common|Silver
7359|Stubborn|Refused to give a man boats three times in a row|10130|5 Jul 2018 1:48:16 PM|76|94|80.85|Common|Silver
7359|Curious|All the ends of all the branches reached|10129|5 Jul 2018 1:43:34 PM|77|94|81.91|Common|Silver
7359|Survivor|Visited a bear three times|10128|5 Jul 2018 1:40:55 PM|78|94|82.98|Common|Gold
7359|A cunning plan|Caused a quarrel between The Sun and The Moon|10127|5 Jul 2018 1:28:20 PM|88|94|93.62|Common|Bronze
7359|Explorer|Found all exits of the labyrinth|10126|5 Jul 2018 1:18:53 PM|84|94|89.36|Common|Silver
7359|Sleeper|Saw all dreams|10125|5 Jul 2018 1:18:14 PM|78|94|82.98|Common|Silver
7359|Persistent|Press the same button four times in a row|10124|5 Jul 2018 1:11:43 PM|81|94|86.17|Common|Silver
6637|Eye of the Storm|Collect all other trophies.|10123|5 Jul 2018 3:54:30 AM|3215|3398|94.61|Common|Platinum
6637|The End|Fin.|10122|5 Jul 2018 3:54:30 AM|3231|3398|95.09|Common|Gold
6637|Energy Room|Have a rest. Now carry on.|10121|5 Jul 2018 3:43:46 AM|3232|3398|95.11|Common|Gold
6637|Lava Forever|Heatwave.|10120|5 Jul 2018 2:11:18 AM|3242|3398|95.41|Common|Silver
6637|Secret Pipe|Oldest trick in the book.|10119|5 Jul 2018 1:59:52 AM|3228|3398|95.0|Common|Gold
6637|End of the Tunnel|Explore the dead end.|10118|5 Jul 2018 1:57:07 AM|3259|3398|95.91|Common|Gold
6637|Laser Survivor|Making light of the situation.|10117|5 Jul 2018 1:52:34 AM|3257|3398|95.85|Common|Silver
6637|Running into Walls|Sometimes, a hidden passage opens up.|10116|5 Jul 2018 1:49:14 AM|3241|3398|95.38|Common|Gold
6637|Death From Above|Should’ve kept an eye out.|10115|5 Jul 2018 1:39:07 AM|3267|3398|96.14|Common|Silver
6637|Bottom of the Pool|Darkest depths.|10114|5 Jul 2018 1:31:33 AM|3256|3398|95.82|Common|Gold
6637|Jump for Fun|Raindrops keep fallin’ on my head.|10113|4 Jul 2018 4:49:05 AM|3291|3398|96.85|Common|Gold
6637|Shock Therapy|It’ll learn.|10112|4 Jul 2018 4:17:23 AM|3313|3398|97.5|Common|Gold
6637|Spiderbot|Spider-bot, spider-bot…|10111|4 Jul 2018 4:06:24 AM|3278|3398|96.47|Common|Gold
6637|Boogie Time|Just dance.|10110|4 Jul 2018 3:59:39 AM|3347|3398|98.5|Common|Silver
6637|Wreckage|No way back.|10109|4 Jul 2018 3:59:17 AM|3291|3398|96.85|Common|Silver
6660|Platinum Midnight|Become a master collector|10108|4 Jul 2018 3:43:30 AM|1657|2067|80.16|Common|Platinum
6660|The fastest one|Get 36 fragments in less than 6 Min|10107|4 Jul 2018 3:43:30 AM|1662|2067|80.41|Common|Gold
7073|Platinum Midnight|Become a master collector|10106|4 Jul 2018 1:45:42 AM|4621|5508|83.9|Common|Platinum
7073|So close|Die with 35 fragments|10105|4 Jul 2018 1:45:42 AM|4746|5508|86.17|Common|Gold
7073|That IS bad luck|Die with 36 fragments|10104|4 Jul 2018 1:31:55 AM|4822|5508|87.55|Common|Gold
6011|Platinum Trophy|A full Trophy cabinet|10103|4 Jul 2018 1:22:14 AM|1464|1715|85.36|Common|Platinum
6011|Masquerade|Collect your mask from Finn|10102|4 Jul 2018 1:22:14 AM|1564|1715|91.2|Common|Gold
6011|Not a happy bunny|Find these weathered toys|10101|3 Jul 2018 10:20:39 PM|1477|1715|86.12|Common|Bronze
6011|Poster Club|Inspect all the film posters in the game|10100|3 Jul 2018 10:19:51 PM|1481|1715|86.36|Common|Gold
6011|Dark Destroyer|Acquire your Umbrakinesis Powers|10099|3 Jul 2018 10:18:45 PM|1583|1715|92.3|Common|Gold
6011|A moment captured|Inspect this instant memory maker|10098|3 Jul 2018 10:16:07 PM|1580|1715|92.13|Common|Bronze
6011|Big Cheater|Look for Finn as quickly as you can|10097|3 Jul 2018 10:13:26 PM|1495|1715|87.17|Common|Gold
6011|Who's the daddy?|An ego waiting to be found|10096|3 Jul 2018 10:07:47 PM|1583|1715|92.3|Common|Silver
6011|Alas, Poor Isaac!|Uncover Isaac's past secrets|10095|3 Jul 2018 10:07:05 PM|1570|1715|91.55|Common|Gold
6011|Pure Folly|Find this fanciful hideout|10094|3 Jul 2018 10:02:40 PM|1578|1715|92.01|Common|Bronze
6011|Catharsis|Set Finn's emotions free|10093|3 Jul 2018 9:59:13 PM|1491|1715|86.94|Common|Silver
6011|Redemption|Redeem your mistakes|10092|3 Jul 2018 9:52:49 PM|1546|1715|90.15|Common|Silver
6011|Fire Starter|Acquire your Pyrokinesis Powers|10091|3 Jul 2018 9:49:27 PM|1594|1715|92.94|Common|Gold
6011|Doodle dandy|Find this moment of teenage fancy|10090|3 Jul 2018 9:41:25 PM|1585|1715|92.42|Common|Bronze
6011|Life Giver|Acquire your Life Powers|10089|3 Jul 2018 9:29:26 PM|1609|1715|93.82|Common|Gold
6011|You spin me right round|Inspect this moment in space|10088|3 Jul 2018 9:12:15 PM|1589|1715|92.65|Common|Bronze
6011|Good kitty|Inspect your purrrfect pet|10087|3 Jul 2018 9:11:03 PM|1580|1715|92.13|Common|Bronze
6011|Prize draw|Inspect this shared success|10086|3 Jul 2018 9:10:36 PM|1572|1715|91.66|Common|Bronze
6011|Green Fingered|Find Grandad's refuge|10085|3 Jul 2018 8:37:01 PM|1623|1715|94.64|Common|Silver
6011|Guitar man|Inspect this once loved instrument|10084|3 Jul 2018 8:34:58 PM|1607|1715|93.7|Common|Bronze
6011|Pull the other one|Inspect this emergency feature|10083|3 Jul 2018 8:27:58 PM|1524|1715|88.86|Common|Silver
6011|Simon Says: Good to Go|Complete your first adventure|10082|3 Jul 2018 8:17:45 PM|1675|1715|97.67|Common|Bronze
6011|Simon Says: Don't lose|Can you beat this nostalgic game?|10081|3 Jul 2018 8:17:43 PM|1529|1715|89.15|Common|Gold
7073|Stuned|Die by a laser|10080|3 Jul 2018 5:25:06 AM|5477|5508|99.44|Common|Gold
7073|The fastest one|Get 36 fragments in less than 6 Min|10079|3 Jul 2018 5:21:26 AM|4636|5508|84.17|Common|Gold
7073|Super fast|Get 36 fragments in less than 10 Min|10078|3 Jul 2018 5:21:26 AM|4791|5508|86.98|Common|Gold
7073|The greatest gift|Get 36 fragments|10077|3 Jul 2018 5:21:25 AM|4805|5508|87.24|Common|Gold
7073|Only the half left|Get 18 fragments|10076|3 Jul 2018 5:17:57 AM|5270|5508|95.68|Common|Gold
7073|At least you tried|Die with only 1 fragments|10075|3 Jul 2018 5:15:45 AM|5461|5508|99.15|Common|Gold
7073|Cutted in half|Die by a saw|10074|3 Jul 2018 5:15:36 AM|5483|5508|99.55|Common|Gold
7073|Squared unicorn|Die by a spike|10073|3 Jul 2018 5:14:49 AM|5473|5508|99.36|Common|Gold
7073|Baby steps|Get 1 fragments|10072|3 Jul 2018 5:14:15 AM|5492|5508|99.71|Common|Gold
4692|Dreamlike state|Find your fate in the deepest ends of the Park.|10071|3 Jul 2018 5:01:02 AM|5014|5670|88.43|Common|Gold
4692|House of Horrors|Enter the House of Horrors.|10070|3 Jul 2018 4:33:20 AM|5069|5670|89.4|Common|Bronze
4692|What a strange trip it's been|Find the pills.|10069|3 Jul 2018 4:31:22 AM|5072|5670|89.45|Common|Bronze
4692|Killer Instinct|Learn about Chad.|10068|3 Jul 2018 4:23:23 AM|5102|5670|89.98|Common|Bronze
4692|Hope's Light|Obtain a flashlight.|10067|3 Jul 2018 4:21:26 AM|5134|5670|90.55|Common|Bronze
4692|Ups and downs|Take a rollercoaster ride.|10066|3 Jul 2018 4:18:47 AM|5151|5670|90.85|Common|Bronze
4692|Spin, Spin, Sugar|Find the missing Ferris wheel cart.|10065|3 Jul 2018 4:08:51 AM|5181|5670|91.38|Common|Bronze
4692|The shakes|Take a ride on the bumper cars.|10064|3 Jul 2018 3:49:35 AM|5283|5670|93.17|Common|Bronze
4692|Shocking revelations|Learn about shock therapy.|10063|3 Jul 2018 3:46:45 AM|4507|5670|79.49|Common|Bronze
4692|Family ties|"Me and Callum."|10062|3 Jul 2018 3:39:31 AM|4988|5670|87.97|Common|Bronze
4692|Swans, gingerbread and chocolate|Take a ride through the Tunnel of Tales.|10061|3 Jul 2018 3:34:17 AM|5271|5670|92.96|Common|Bronze
4692|Chad|Have a "conversation" with Chad.|10060|3 Jul 2018 3:28:40 AM|4526|5670|79.82|Common|Silver
4692|Welcome to the Park|Enter the Park.|10059|3 Jul 2018 3:22:47 AM|5657|5670|99.77|Common|Bronze
4692|The Mist|Leave the Park.|10058|3 Jul 2018 3:20:42 AM|3729|5670|65.77|Common|Silver
6104|Head of the Class|Finish the game|10057|3 Jul 2018 1:30:57 AM|666|1149|57.96|Common|Bronze
6104|HOM-3|Complete HOM-3|10056|3 Jul 2018 1:29:45 AM|690|1149|60.05|Common|Bronze
6104|Ghost|Leave no trace|10055|3 Jul 2018 1:29:44 AM|331|1149|28.81|Uncommon|Bronze
6104|LAB-O|Complete LAB-O|10054|3 Jul 2018 1:20:29 AM|699|1149|60.84|Common|Bronze
6104|Class Clown|Daydream at the blackboard|10053|3 Jul 2018 1:10:42 AM|329|1149|28.63|Uncommon|Bronze
6104|Unboxing Expert|Unlock every level|10052|3 Jul 2018 1:00:33 AM|699|1149|60.84|Common|Bronze
6104|LOG|Complete LOG|10051|3 Jul 2018 1:00:27 AM|740|1149|64.4|Common|Bronze
6104|Worm Hunter|Leave no worm behind|10050|3 Jul 2018 12:55:02 AM|415|1149|36.12|Uncommon|Bronze
6104|Chocolate Cheater|Watch what you eat|10049|3 Jul 2018 12:33:46 AM|367|1149|31.94|Uncommon|Bronze
6104|CANDY|Complete CANDY|10048|2 Jul 2018 11:53:26 PM|748|1149|65.1|Common|Bronze
6104|Strong Stomach|Test the astronaut for space sickness|10047|2 Jul 2018 11:39:47 PM|324|1149|28.2|Uncommon|Bronze
6104|VORT-X|Complete VORT-X|10046|2 Jul 2018 11:35:57 PM|791|1149|68.84|Common|Bronze
6104|SUB-01|Complete SUB-01|10045|2 Jul 2018 11:24:44 PM|871|1149|75.81|Common|Bronze
6104|The Aquatic Life|Discover what lurks below|10044|2 Jul 2018 11:03:52 PM|898|1149|78.15|Common|Bronze
6660|Super fast|Get 36 fragments in less than 10 Min|10043|2 Jul 2018 7:17:00 PM|1718|2067|83.12|Common|Gold
6660|The greatest gift|Get 36 fragments|10042|2 Jul 2018 7:16:59 PM|1720|2067|83.21|Common|Gold
6660|That IS bad luck|Die with 36 fragments|10041|2 Jul 2018 7:16:57 PM|1714|2067|82.92|Common|Gold
6660|So close|Die with 35 fragments|10040|2 Jul 2018 7:01:15 PM|1704|2067|82.44|Common|Gold
6660|Only the half left|Get 18 fragments|10039|2 Jul 2018 4:35:51 PM|1920|2067|92.89|Common|Gold
6660|Squared unicorn|Die by a spike|10038|2 Jul 2018 4:02:30 PM|2040|2067|98.69|Common|Gold
6660|Stunned|Die by a laser|10037|2 Jul 2018 3:54:40 PM|2047|2067|99.03|Common|Gold
6660|At least you tried|Die with only 1 fragment|10036|2 Jul 2018 3:54:05 PM|2042|2067|98.79|Common|Gold
6660|Cut in half|Die by a saw|10035|2 Jul 2018 3:54:03 PM|2053|2067|99.32|Common|Gold
6660|Baby steps|Get 1 fragment|10034|2 Jul 2018 3:53:55 PM|2054|2067|99.37|Common|Gold
7125|Big Adventurer|Obtain all trophies|10033|2 Jul 2018 3:38:25 PM|3751|3830|97.94|Common|Platinum
7125|Stage 3 Completed|Complete Stage 3|10032|2 Jul 2018 3:38:25 PM|3753|3830|97.99|Common|Gold
7125|Level 12 Completed|Complete Level 12|10031|2 Jul 2018 3:38:12 PM|3753|3830|97.99|Common|Gold
7125|Triple the Defense|Raise your Defensive Shield to 3x|10030|2 Jul 2018 3:37:47 PM|3751|3830|97.94|Common|Bronze
7125|Level 11 Completed|Complete Level 11|10029|2 Jul 2018 3:28:14 PM|3755|3830|98.04|Common|Gold
7125|Level 10 Completed|Complete Level 10|10028|2 Jul 2018 3:26:34 PM|3755|3830|98.04|Common|Gold
7125|Level 9 Completed|Complete Level 9|10027|2 Jul 2018 3:21:43 PM|3761|3830|98.2|Common|Gold
7125|Stage 2 Completed|Complete Stage 2|10026|2 Jul 2018 3:17:49 PM|3763|3830|98.25|Common|Gold
7125|Level 8 Completed|Complete Level 8|10025|2 Jul 2018 3:17:38 PM|3764|3830|98.28|Common|Silver
7125|Level 7 Completed|Complete Level 7|10024|2 Jul 2018 3:12:05 PM|3767|3830|98.36|Common|Silver
7125|Level 6 Completed|Complete Level 6|10023|2 Jul 2018 3:10:25 PM|3800|3830|99.22|Common|Silver
7125|Level 5 Completed|Complete Level 5|10022|2 Jul 2018 3:07:25 PM|3810|3830|99.48|Common|Silver
7125|Double the Defense|Raise your Defensive Shield to 2x|10021|2 Jul 2018 3:07:05 PM|3812|3830|99.53|Common|Bronze
7125|Shield Up|Collect your first Defensive Shield|10020|2 Jul 2018 3:06:38 PM|3812|3830|99.53|Common|Bronze
7125|Stage 1 Completed|Complete Stage 1|10019|2 Jul 2018 3:05:57 PM|3815|3830|99.61|Common|Gold
7125|Level 4 Completed|Complete Level 4|10018|2 Jul 2018 3:05:24 PM|3817|3830|99.66|Common|Silver
7125|Triple the Power|Raise your Attack power to 3x|10017|2 Jul 2018 3:05:12 PM|3817|3830|99.66|Common|Bronze
7125|Level 3 Completed|Complete Level 3|10016|2 Jul 2018 3:04:09 PM|3816|3830|99.63|Common|Silver
7125|Double the Power|Raise your Attack power to 2x|10015|2 Jul 2018 3:03:23 PM|3817|3830|99.66|Common|Bronze
7125|Attack Power Up|Collect your first Attack Power Up|10014|2 Jul 2018 2:59:11 PM|3817|3830|99.66|Common|Bronze
7125|Level 2 Completed|Complete Level 2|10013|2 Jul 2018 2:58:23 PM|3819|3830|99.71|Common|Silver
7125|Level 1 Completed|Complete Level 1|10012|2 Jul 2018 2:57:05 PM|3826|3830|99.9|Common|Silver
7193|The last letter|He got to the end of this story|10011|2 Jul 2018 2:34:11 PM|170|206|82.52|Common|Gold
7193|The doctors test|The doctors test passed successfully|10010|2 Jul 2018 2:04:51 PM|167|206|81.07|Common|Silver
7193|Special pills|Do not talk about them to doctors|10009|2 Jul 2018 2:01:29 PM|183|206|88.83|Common|Bronze
7193|Prayer|Took a new religion|10008|2 Jul 2018 1:59:39 PM|173|206|83.98|Common|Silver
7193|Police test|Police test successfully passed|10007|2 Jul 2018 1:53:09 PM|172|206|83.5|Common|Silver
7193|This door will open later|He tried to enter the immigration office, but the door was closed|10006|2 Jul 2018 1:44:06 PM|173|206|83.98|Common|Silver
7193|Good worker|For today, the work is done|10005|2 Jul 2018 1:39:41 PM|178|206|86.41|Common|Silver
7193|Burned out at work|He did not do the job|10004|2 Jul 2018 1:28:33 PM|194|206|94.17|Common|Bronze
7193|Job description|He learned about his new job|10003|2 Jul 2018 1:26:02 PM|194|206|94.17|Common|Bronze
7193|Listener|Listened to the radio|10002|2 Jul 2018 1:23:48 PM|191|206|92.72|Common|Bronze
6104|EATER|Complete EATER|10001|2 Jul 2018 6:08:56 AM|792|1149|68.93|Common|Bronze
6104|Acclaimed Chef|Keep the kitchen clean|10000|2 Jul 2018 6:06:20 AM|339|1149|29.5|Uncommon|Bronze
6104|Frog Frustrater|Please don't bother the amphibians|9999|2 Jul 2018 5:51:48 AM|346|1149|30.11|Uncommon|Bronze
6104|PURP-L|Complete PURP-L|9998|2 Jul 2018 5:50:43 AM|906|1149|78.85|Common|Bronze
6104|Virtuoso|Experiment in the studio|9997|2 Jul 2018 5:48:51 AM|623|1149|54.22|Common|Bronze
6104|FRG-Y|Complete FRG-Y|9996|2 Jul 2018 5:42:21 AM|1068|1149|92.95|Common|Bronze
5921|Reborn|Acquired all trophies.|9995|2 Jul 2018 5:20:13 AM|1064|1328|80.12|Common|Platinum
5921|The pain of losing someone...|Completed Section 6.|9994|2 Jul 2018 5:20:13 AM|1092|1328|82.23|Common|Gold
5921|Now, you know the truth.|Acquired all memos.|9993|2 Jul 2018 5:15:48 AM|1065|1328|80.2|Common|Gold
5921|Mathew, what have you done?|Used the model to trigger the bed mechanism.|9992|2 Jul 2018 5:15:38 AM|1093|1328|82.3|Common|Silver
5921|Remember my words, recall your FAULTS.|Watched all of the TVs.|9991|2 Jul 2018 5:14:49 AM|1093|1328|82.3|Common|Gold
5921|Open the door,Mathew…|Completed Section 5.|9990|2 Jul 2018 4:49:19 AM|1093|1328|82.3|Common|Gold
5921|Mathew, a true detective.|Unlocked all of the password puzzles.|9989|2 Jul 2018 4:45:50 AM|1093|1328|82.3|Common|Gold
5921|Worst Birthday Ever|Completed Section 4.|9988|2 Jul 2018 4:23:17 AM|1099|1328|82.76|Common|Gold
5921|Where's my present, Mathew?|Lit the candles on the cake in Section 4.|9987|2 Jul 2018 4:08:12 AM|1099|1328|82.76|Common|Silver
5921|Why help him ?|Completed Section 3.|9986|2 Jul 2018 3:55:22 AM|1120|1328|84.34|Common|Gold
5921|She needed your help…|Completed Section 2.|9985|2 Jul 2018 3:30:07 AM|1152|1328|86.75|Common|Gold
5921|Mathew, feeling dazzled?|Solved the electric wire puzzle in Section 2.|9984|2 Jul 2018 3:10:34 AM|1165|1328|87.73|Common|Silver
5921|I'm near you.|Saw the unknown man and woman on the TV.|9983|2 Jul 2018 3:04:06 AM|1192|1328|89.76|Common|Silver
5921|Hello, Mathew…|Completed Section 1.|9982|2 Jul 2018 2:46:55 AM|1227|1328|92.39|Common|Gold
5921|Mathew, you're smart.|Successfully combined items for the first time.|9981|2 Jul 2018 2:31:24 AM|1240|1328|93.37|Common|Silver
5921|Mum's Favorite Melody|Used the piano to play the correct melody in Section 1.|9980|2 Jul 2018 2:27:16 AM|1249|1328|94.05|Common|Silver
5921|This is for you.|Pick up a memo for the first time.|9979|2 Jul 2018 2:26:29 AM|1274|1328|95.93|Common|Silver
5921|Welcome to Last Harbour|Game launched.|9978|2 Jul 2018 2:25:33 AM|1302|1328|98.04|Common|Silver
5889|The Reincarnation of a Sinner|Acquired all trophies.|9977|1 Jul 2018 8:03:13 PM|2959|3531|83.8|Common|Platinum
5889|Let You Suffer as Much as I Suffered|Completed Section 6.|9976|1 Jul 2018 8:03:13 PM|3066|3531|86.83|Common|Gold
5889|Now, do you know everything?|Acquired all memos.|9975|1 Jul 2018 8:00:15 PM|2961|3531|83.86|Common|Gold
5889|Mathew, what on earth have you done?|Used the mechanism to pierce her in Section 6.|9974|1 Jul 2018 7:59:26 PM|3069|3531|86.92|Common|Silver
5889|Remember my word, recall your FAULT.|Watched all of the TVs.|9973|1 Jul 2018 7:58:18 PM|3069|3531|86.92|Common|Gold
5889|It is Time to Face Your Mistakes|Completed Section 5.|9972|1 Jul 2018 7:39:14 PM|3073|3531|87.03|Common|Gold
5889|Mathew, a true Detective.|Unlocked all of the password puzzles.|9971|1 Jul 2018 7:36:29 PM|3073|3531|87.03|Common|Gold
5889|Maybe I Should Give You a Trophy?|Recovered the broken trophy in Section 5.|9970|1 Jul 2018 7:33:44 PM|3068|3531|86.89|Common|Silver
5889|I Will Always Remember This Day|Completed Section 4.|9969|1 Jul 2018 7:09:07 PM|3086|3531|87.4|Common|Gold
5889|Very Good, You Opened It|Opened the kitchen coffer in Section 4.|9968|1 Jul 2018 6:59:47 PM|3089|3531|87.48|Common|Silver
5889|Because This is Not Mathew's Fault|Completed Section 3.|9967|1 Jul 2018 6:50:21 PM|3102|3531|87.85|Common|Gold
5889|Do Not Hesitate to Eat|Opened the bar refrigerator in Section 3.|9966|1 Jul 2018 6:46:23 PM|3104|3531|87.91|Common|Silver
5889|But You Never Helped Her|Completed Section 2.|9965|1 Jul 2018 6:33:45 PM|3148|3531|89.15|Common|Gold
5889|Like my little puzzle?|Opened all the lockers at the front desk in Section 2.|9964|1 Jul 2018 6:30:20 PM|3102|3531|87.85|Common|Silver
5889|I've Always Been Near You|Watched a man and a woman on the TV.|9963|1 Jul 2018 6:11:43 PM|3213|3531|90.99|Common|Bronze
5889|I Want to Play a Game with You|Completed Section 1.|9962|1 Jul 2018 6:00:29 PM|3273|3531|92.69|Common|Gold
5889|Mother's Favorite Melody|Used the piano to play the correct melody in Section 1.|9961|1 Jul 2018 4:56:00 PM|3295|3531|93.32|Common|Silver
5889|This was Prepared Especially for You|Acquired a memo for the first time.|9960|1 Jul 2018 4:51:00 PM|3387|3531|95.92|Common|Bronze
5889|Mathew, You're Smart|Successfully combined items for the first time.|9959|1 Jul 2018 4:50:41 PM|3332|3531|94.36|Common|Bronze
5889|Welcome to Harbour Town|Game launched.|9958|1 Jul 2018 4:46:20 PM|3457|3531|97.9|Common|Bronze
5308|Platinum Trophy|Acquire all trophies|9957|1 Jul 2018 5:39:18 AM|8446|10868|77.71|Common|Platinum
5308|Leave|Choose to leave|9956|1 Jul 2018 5:39:18 AM|9670|10868|88.98|Common|Gold
5308|Stay|Choose to stay|9955|1 Jul 2018 5:26:43 AM|9053|10868|83.3|Common|Gold
5308|The Missing Piece|Find the missing puzzle piece|9954|1 Jul 2018 5:13:11 AM|8543|10868|78.61|Common|Gold
5308|Cold Storage|Finish Chapter 12: Cold Storage|9953|1 Jul 2018 5:12:10 AM|9734|10868|89.57|Common|Silver
5308|Awakenings|Finish Chapter 11: Awakenings|9952|1 Jul 2018 5:08:00 AM|9736|10868|89.58|Common|Silver
5308|Descent|Finish Chapter 10: Descent|9951|1 Jul 2018 4:59:18 AM|9754|10868|89.75|Common|Silver
5308|Friends|Find all of the toys|9950|1 Jul 2018 4:58:31 AM|8562|10868|78.78|Common|Gold
5308|General|Find toy: General|9949|1 Jul 2018 4:58:25 AM|9088|10868|83.62|Common|Bronze
5308|Press Play|Listen to all cassettes|9948|1 Jul 2018 4:56:30 AM|9411|10868|86.59|Common|Silver
5308|Churchill|Find toy: Churchill|9947|1 Jul 2018 4:53:00 AM|9562|10868|87.98|Common|Bronze
5308|Radiation|Finish Chapter 9: Radiation|9946|1 Jul 2018 4:51:28 AM|9785|10868|90.03|Common|Silver
5308|No Page Unturned|Read all documents|9945|1 Jul 2018 4:48:02 AM|8507|10868|78.28|Common|Gold
5308|Nurse|Find toy: Nurse|9944|1 Jul 2018 4:47:38 AM|8654|10868|79.63|Common|Bronze
5308|Broken|Finish Chapter 8: Broken|9943|1 Jul 2018 4:45:35 AM|9815|10868|90.31|Common|Silver
5308|Air Filtration|Finish Chapter 7: Air Filtration|9942|1 Jul 2018 4:37:02 AM|9853|10868|90.66|Common|Silver
5308|Floppy Disk Finder|Find all computers|9941|1 Jul 2018 4:35:47 AM|8684|10868|79.9|Common|Silver
5308|Engineer|Find toy: Engineer|9940|1 Jul 2018 4:28:58 AM|9146|10868|84.16|Common|Bronze
5308|Alarm|Finish Chapter 6: Alarm|9939|1 Jul 2018 4:26:26 AM|9898|10868|91.07|Common|Silver
5308|Soldier|Find toy: Soldier|9938|1 Jul 2018 4:17:39 AM|9775|10868|89.94|Common|Bronze
5308|Replace Fuse|Finish Chapter 5: Replace Fuse|9937|1 Jul 2018 4:17:05 AM|9955|10868|91.6|Common|Silver
5308|Doctor|Find toy: Doctor|9936|1 Jul 2018 3:57:16 AM|9757|10868|89.78|Common|Bronze
5308|Commissioner|Find toy: Commissioner|9935|1 Jul 2018 3:52:58 AM|9853|10868|90.66|Common|Bronze
5308|Sam|Find toy: Sam|9934|1 Jul 2018 3:51:18 AM|9943|10868|91.49|Common|Bronze
5308|Failure|Finish Chapter 4: Failure|9933|1 Jul 2018 3:41:30 AM|10251|10868|94.32|Common|Silver
5308|Mother|Find toy: Mother|9932|1 Jul 2018 3:31:35 AM|10424|10868|95.91|Common|Bronze
5308|The Routine|Finish Chapter 3: The Routine|9931|1 Jul 2018 3:28:06 AM|10458|10868|96.23|Common|Silver
5308|Bookworm|Read all books|9930|1 Jul 2018 3:26:31 AM|9061|10868|83.37|Common|Silver
5308|Last Goodbye|Finish Chapter 2: Last Goodbye|9929|1 Jul 2018 3:13:34 AM|10619|10868|97.71|Common|Silver
