6563|Platinum|Unlock every Trophy.|16029|22 Jul 2018 9:15:55 PM|1280|1501|85.28|Common|Platinum
6563|True Herbalist|Find all Healer's Sigils.|16028|22 Jul 2018 9:15:55 PM|1296|1501|86.34|Common|Gold
6563|Dragonslayer|Deal with a dragon once and for all.|16027|22 Jul 2018 6:30:43 PM|1357|1501|90.41|Common|Gold
6563|Sheriff|Protect the spirits.|16026|22 Jul 2018 5:47:50 PM|1368|1501|91.14|Common|Silver
6563|Master Healer|Complete the game on expert difficulty|16025|22 Jul 2018 5:28:33 PM|1324|1501|88.21|Common|Gold
6563|Save the day|Complete the game.|16024|22 Jul 2018 5:28:27 PM|1389|1501|92.54|Common|Gold
6563|No crystal ball|Finish all Hidden Object Puzzles without using hints.|16023|22 Jul 2018 5:27:03 PM|1343|1501|89.47|Common|Gold
6563|Skip? Never!|Finish all Mini-Games without skipping.|16022|22 Jul 2018 5:25:45 PM|1335|1501|88.94|Common|Gold
6563|Like a wind|Finish Hidden Object Puzzle in less than 30 seconds.|16021|22 Jul 2018 5:07:17 PM|1396|1501|93.0|Common|Silver
6563|Forgotten story|Witness the stories through the golden feathers.|16020|22 Jul 2018 5:02:03 PM|1391|1501|92.67|Common|Silver
6563|To dungeons deep|Enter Dark Castle Dungeon.|16019|22 Jul 2018 4:48:05 PM|1391|1501|92.67|Common|Bronze
6563|Kindred Spirit|Get help from the Forest Spirit.|16018|22 Jul 2018 4:00:58 PM|1399|1501|93.2|Common|Bronze
6563|Save the child|Find the kidnapped prince.|16017|22 Jul 2018 2:48:52 PM|1405|1501|93.6|Common|Silver
6563|Eagle Eye|Finish 6 Hidden Object Puzzles in a row without using hints.|16016|22 Jul 2018 2:17:12 PM|1389|1501|92.54|Common|Silver
6563|One per second|Find 3 hidden-objects within 3 seconds.|16015|22 Jul 2018 2:16:44 PM|1434|1501|95.54|Common|Bronze
6563|Apprentice|Find half of all Healer's Sigils.|16014|22 Jul 2018 2:03:13 PM|1354|1501|90.21|Common|Silver
6563|Buried secrets|Open the Passage to the Forest Cavern.|16013|22 Jul 2018 2:02:23 PM|1409|1501|93.87|Common|Bronze
6563|Otter Friend|Get help from an Otter.|16012|22 Jul 2018 1:56:54 PM|1410|1501|93.94|Common|Bronze
6563|Row your boat|Prepare the swan boat for the journey.|16011|22 Jul 2018 1:47:24 PM|1403|1501|93.47|Common|Silver
6563|Surgical Aim|Finish any Hidden Object Puzzle with less than 4 mistakes.|16010|22 Jul 2018 1:23:27 PM|1408|1501|93.8|Common|Bronze
6563|Entomophobia|Scare 6 butterflies.|16009|22 Jul 2018 1:20:39 PM|1409|1501|93.87|Common|Bronze
6563|Fresh Air|Enter the Garden.|16008|22 Jul 2018 1:16:07 PM|1410|1501|93.94|Common|Bronze
6563|True Player|Finish 4 Mini-Games in a row without skipping.|16007|22 Jul 2018 1:09:16 PM|1407|1501|93.74|Common|Silver
6563|That was quick|Finish any Mini-Game in less than 1 minute.|16006|22 Jul 2018 1:06:59 PM|1422|1501|94.74|Common|Bronze
6563|Little Birdie|Get help from a Swallow.|16005|22 Jul 2018 1:04:33 PM|1417|1501|94.4|Common|Bronze
6563|Keep Calm|Prepare the Calming Brew.|16004|22 Jul 2018 12:54:20 PM|1427|1501|95.07|Common|Bronze
6563|Health Inspector|Find a Healer's Sigil.|16003|22 Jul 2018 12:47:56 PM|1440|1501|95.94|Common|Bronze
5885|Platinum|Unlock every Trophy.|16002|16 Jul 2018 8:55:49 PM|1804|2505|72.02|Common|Platinum
5885|Speed reach|Beat a domino game in under a minute!|16001|16 Jul 2018 8:55:49 PM|1875|2505|74.85|Common|Silver
5885|Game, set, match|Finish all of the Domino games!|16000|16 Jul 2018 8:52:44 PM|1823|2505|72.77|Common|Gold
5885|Equally matched|Finish half of the Domino games!|15999|16 Jul 2018 7:48:17 PM|1866|2505|74.49|Common|Silver
7501|Completionist|Unlock all other trophies|15998|16 Jul 2018 6:07:26 PM|61|412|14.81|Rare|Platinum
7501|Yield, Draga|Defeat Draga in battle|15997|16 Jul 2018 6:07:26 PM|204|412|49.51|Uncommon|Gold
7501|Voden Slayer|Emprison Voden|15996|16 Jul 2018 5:28:34 PM|232|412|56.31|Common|Gold
7501|Tag team|Use Companion ability 50 times|15995|16 Jul 2018 5:17:04 PM|225|412|54.61|Common|Bronze
7501|Flurry Master|Use Lethal Flurry 20 times|15994|16 Jul 2018 5:08:02 PM|127|412|30.83|Uncommon|Bronze
7501|Kladen Seal|Unlock the Kladen Seal|15993|16 Jul 2018 4:57:56 PM|245|412|59.47|Common|Bronze
7501|You're going down, Ludomir|Defeat Ludomir in battle|15992|16 Jul 2018 4:53:23 PM|245|412|59.47|Common|Gold
7501|Masterful denial|Break a barrel thrown by a Shark while it's in the air, by throwing a barrel at it|15991|16 Jul 2018 3:29:55 PM|85|412|20.63|Uncommon|Silver
7501|Flurry of Death|Execute two Lethal Flurries in a row|15990|16 Jul 2018 3:17:58 PM|155|412|37.62|Uncommon|Silver
7501|Mario wannabe|Jump on the head of all your companions|15989|16 Jul 2018 2:57:50 PM|87|412|21.12|Uncommon|Bronze
7501|Barrage of Blasts|Launch 4 Phantom Blasts while inside Delay of Fate's sphere|15988|16 Jul 2018 2:48:52 PM|126|412|30.58|Uncommon|Silver
7501|The plot thickens|Unlock the last Omensight|15987|16 Jul 2018 2:46:01 PM|251|412|60.92|Common|Bronze
5885|The story's end|Finish the bonus adventure.|15986|16 Jul 2018 12:18:12 PM|2115|2505|84.43|Common|Gold
5885|Finisher|Solve all of the puzzles without skipping even once!|15985|16 Jul 2018 12:16:08 PM|2019|2505|80.6|Common|Gold
5885|Seer|Finish all the Hidden-Object Puzzles with no hints!|15984|16 Jul 2018 12:00:23 PM|1928|2505|76.97|Common|Gold
5885|The bottom|Pass The Golden Gate of the Phoenix.|15983|15 Jul 2018 10:20:04 AM|2120|2505|84.63|Common|Silver
5885|Puzzle master|Finish a puzzle in under a minute!|15982|15 Jul 2018 10:10:56 AM|2200|2505|87.82|Common|Silver
5885|Finally together!|Finish the game.|15981|15 Jul 2018 9:48:51 AM|2167|2505|86.51|Common|Gold
5885|The hard way|Finish the game on Expert Mode!|15980|15 Jul 2018 9:48:51 AM|1980|2505|79.04|Common|Gold
7804|YOU'LL NEVER GET THIS|Earn all Trophies in Holy Potatoes! A Weapon Shop?!|15979|15 Jul 2018 8:28:26 AM|35|159|22.01|Uncommon|Platinum
7804|For Peace And Love|Forge 50 Katanas|15978|15 Jul 2018 8:28:26 AM|39|159|24.53|Uncommon|Silver
7804|Fire Fight|Forge 50 Cannons|15977|15 Jul 2018 8:18:12 AM|39|159|24.53|Uncommon|Silver
7804|Because We Love Our Land|Forge 50 Rifles|15976|15 Jul 2018 8:01:27 AM|39|159|24.53|Uncommon|Silver
7804|World Series Whacker|Forge 50 Throwing Weapons|15975|15 Jul 2018 7:50:17 AM|38|159|23.9|Uncommon|Silver
7804|Superb Staffcarver|Forge 50 Staffs|15974|15 Jul 2018 7:34:51 AM|38|159|23.9|Uncommon|Bronze
7804|Spearrific!|Forge 50 Spears|15973|15 Jul 2018 7:24:42 AM|38|159|23.9|Uncommon|Silver
7804|One Shot, One Kill|Forge 50 Pistols|15972|15 Jul 2018 6:50:34 AM|37|159|23.27|Uncommon|Bronze
7804|Hack And Slash|Forge 50 Swords|15971|15 Jul 2018 6:34:44 AM|39|159|24.53|Uncommon|Bronze
7804|Wanderful|Forge 50 Wands|15970|15 Jul 2018 6:22:44 AM|42|159|26.42|Uncommon|Bronze
7804|I'm On Seventeen!|Forge 50 Bows|15969|15 Jul 2018 6:16:08 AM|53|159|33.33|Uncommon|Bronze
7804|Not For Killin'|Forge 25 Katanas|15968|15 Jul 2018 6:15:00 AM|39|159|24.53|Uncommon|Bronze
7501|True Aegis|Unlock all Harbinger's Aegis upgrades|15967|14 Jul 2018 11:04:11 PM|232|412|56.31|Common|Silver
7501|Vera's Seal|Unlock Vera's Seal|15966|14 Jul 2018 10:59:52 PM|254|412|61.65|Common|Bronze
7501|Sword master|Unlock all Harbinger's Blade upgrades|15965|14 Jul 2018 10:26:58 PM|243|412|58.98|Common|Gold
7501|Rodentian Slayer|Kill 100 Rodentian fighters|15964|14 Jul 2018 9:49:16 PM|273|412|66.26|Common|Bronze
7501|Making a murderer|Unlock your second Omensight|15963|14 Jul 2018 9:35:44 PM|275|412|66.75|Common|Bronze
7501|Void Slayer|Kill 100 Ciphers|15962|14 Jul 2018 9:29:02 PM|279|412|67.72|Common|Bronze
7501|Rodentian Seal|Unlock the Rodentian Seal|15961|14 Jul 2018 9:24:01 PM|282|412|68.45|Common|Bronze
7501|Die, Indrik, die|Defeat Indrik in battle|15960|14 Jul 2018 9:22:50 PM|285|412|69.17|Common|Gold
7501|Mobile fighter|Use Phantom Dash 30 times|15959|14 Jul 2018 9:19:35 PM|240|412|58.25|Common|Bronze
7501|Pygarian Slayer|Kill 100 Pygarian soldiers|15958|14 Jul 2018 9:19:27 PM|279|412|67.72|Common|Bronze
7501|Tactician|Throw a bomb towards a column while inside Delay of Fate's sphere|15957|14 Jul 2018 9:18:09 PM|151|412|36.65|Uncommon|Bronze
7501|Grab and Throw|Use Phantom Grasp 50 times|15956|14 Jul 2018 9:18:03 PM|191|412|46.36|Uncommon|Bronze
7501|Master of Fate|Use Delay of Fate 20 times|15955|14 Jul 2018 8:26:28 PM|288|412|69.9|Common|Bronze
7501|Phantom Combo|Launch a Phantom Blast on an enemy thrown with Phantom Grasp, while inside Delay of Fates' sphere|15954|14 Jul 2018 8:26:07 PM|130|412|31.55|Uncommon|Silver
7501|Omensight|Unlock your first Omensight|15953|14 Jul 2018 7:53:15 PM|319|412|77.43|Common|Bronze
7501|Who needs swords|Use Phantom Blast 30 times|15952|14 Jul 2018 7:50:58 PM|254|412|61.65|Common|Bronze
7501|Opportunist|Kill four enemies with the same column|15951|14 Jul 2018 7:42:21 PM|77|412|18.69|Rare|Bronze
7501|Most Valuable Player|Unlock all bonuses at the end of a day|15950|14 Jul 2018 7:32:29 PM|110|412|26.7|Uncommon|Bronze
7501|Farewell Ratika|Defeat Ratika in battle|15949|14 Jul 2018 7:30:35 PM|355|412|86.17|Common|Gold
7501|Pygarian Seal|Unlock the Pygarian Seal|15948|14 Jul 2018 7:20:08 PM|359|412|87.14|Common|Bronze
7501|Ruthless|Kill a surrendering enemy|15947|14 Jul 2018 7:12:23 PM|343|412|83.25|Common|Bronze
7501|A Murder Mystery|Witness Voden's appearance for the first time|15946|14 Jul 2018 6:59:30 PM|400|412|97.09|Common|Bronze
7804|Cannons, Away!|Forge 25 Cannons|15945|14 Jul 2018 6:39:13 PM|41|159|25.79|Uncommon|Bronze
7804|My Rifles, My Buddy, And Me|Forge 25 Rifles|15944|14 Jul 2018 6:30:05 PM|41|159|25.79|Uncommon|Bronze
7804|Home Run Hitter|Forge 25 Throwing Weapons|15943|14 Jul 2018 6:25:43 PM|40|159|25.16|Uncommon|Bronze
7804|A Wizard's Best Assistant|Forge 25 Staffs|15942|14 Jul 2018 6:18:46 PM|43|159|27.04|Uncommon|Bronze
7804|Olympian!|Forge 25 Spears|15941|14 Jul 2018 6:15:36 PM|43|159|27.04|Uncommon|Bronze
7804|Gunslinger|Forge 25 Pistols|15940|14 Jul 2018 6:11:46 PM|45|159|28.3|Uncommon|Bronze
7804|Crush Your Enemies!|Forge 25 Swords|15939|14 Jul 2018 6:05:24 PM|51|159|32.08|Uncommon|Bronze
7804|Sitting Pretty On Forty-Three|Forge 50 Axes|15938|14 Jul 2018 5:54:28 PM|45|159|28.3|Uncommon|Bronze
7804|Defeat Is Not An Option!|Complete Spudttousai's Request|15937|14 Jul 2018 5:42:05 PM|48|159|30.19|Uncommon|Bronze
7804|The Hercluelean Task|Complete Herclueless's Request|15936|14 Jul 2018 10:59:24 AM|26|32|36.45|Uncommon|Gold
7804|Mind Games|Meet Hermes|15935|14 Jul 2018 10:57:00 AM|29|32|40.66|Uncommon|Silver
7804|We Need A New Car!|Complete Julios's Request|15934|14 Jul 2018 10:56:53 AM|29|32|40.66|Uncommon|Silver
7804|O.W.L.s|Collect 5 Molted Plumes for Athena|15933|14 Jul 2018 10:04:49 AM|31|32|43.46|Uncommon|Bronze
7804|A Culinary Evolution|Complete Poseidadoes's Request|15932|14 Jul 2018 10:03:24 AM|32|32|44.86|Uncommon|Bronze
7804|The Spud Who Lived|Complete Hairy Pota(to)'s Request|15931|13 Jul 2018 11:44:44 PM|46|159|28.93|Uncommon|Silver
7804|They See Me Stabbin', They Hatin'|Forge 50 Daggers|15930|13 Jul 2018 11:26:27 PM|52|159|32.7|Uncommon|Bronze
7804|Open Sesame!|Complete The Locksmith's Request|15929|13 Jul 2018 11:10:43 PM|50|159|31.45|Uncommon|Bronze
7804|Pigeons Are Love, Pigeons Are Life|Hire Nikola Taterla in your shop|15928|13 Jul 2018 10:54:45 PM|49|159|30.82|Uncommon|Silver
7804|I Just Want A Good Game|Complete Blue Boy's Request|15927|13 Jul 2018 10:45:49 PM|52|159|32.7|Uncommon|Bronze
7804|Half-Life 3 Confirmed|Complete Gordon TrappedMan's Request|15926|13 Jul 2018 10:43:53 PM|54|159|33.96|Uncommon|Bronze
7804|Hired A God!|Hire Haepharion in your shop|15925|13 Jul 2018 10:41:29 PM|48|159|30.19|Uncommon|Silver
7804|S.U.C.C.E.S.S.|Complete David's Request|15924|13 Jul 2018 10:39:25 PM|49|159|30.82|Uncommon|Bronze
7804|Pew Pew Pew|Forge 25 Wands|15923|13 Jul 2018 10:30:31 PM|59|159|37.11|Uncommon|Bronze
7804|She's My What?!|Complete Luke Spudwalker's Request|15922|13 Jul 2018 8:13:04 AM|40|159|25.16|Uncommon|Gold
7804|Formed S.P.U.D.|Hire Tony Starch in your shop|15921|13 Jul 2018 7:52:42 AM|41|159|25.79|Uncommon|Gold
7804|The Heart Reforged|Complete Hero's Request|15920|12 Jul 2018 9:25:58 PM|56|159|35.22|Uncommon|Bronze
7804|Yummy Rum In My Tum|Complete Johnny Sparrow's Request|15919|12 Jul 2018 9:22:38 PM|42|159|26.42|Uncommon|Silver
7804|Dora|Get 2,500 items from explorations|15918|12 Jul 2018 9:11:31 PM|52|159|32.7|Uncommon|Silver
7804|Love Wins|Complete Wolverinnie's Request|15917|12 Jul 2018 9:02:09 PM|38|159|23.9|Uncommon|Gold
7804|I Have No Meowmory Of This Place|Complete Nyandalf the Grey's Request|15916|12 Jul 2018 9:00:28 PM|56|159|35.22|Uncommon|Bronze
7804|Do You Even Lift, Bro?|Complete Kratatoes' Request|15915|12 Jul 2018 8:57:38 PM|60|159|37.74|Uncommon|Bronze
7804|Chemicals Now Bubbling|Hire Heisenberger in your shop|15914|12 Jul 2018 8:47:38 PM|51|159|32.08|Uncommon|Bronze
7804|The Galaxy Fulfilled|Hire Okazaki Masamune in your shop|15913|12 Jul 2018 5:24:08 PM|68|159|42.77|Uncommon|Bronze
7804|You Have My Bow|Forge 25 Bows|15912|12 Jul 2018 5:17:16 PM|83|159|52.2|Common|Bronze
7804|And My Axe!|Forge 25 Axes|15911|11 Jul 2018 9:19:17 PM|65|159|40.88|Uncommon|Bronze
7804|For Science|Complete POTaDOS' Request|15910|11 Jul 2018 9:07:29 PM|68|159|42.77|Uncommon|Bronze
7804|I Put On My Sword And Special Belt|Complete Kamen Tater's Request|15909|11 Jul 2018 9:02:43 PM|46|159|28.93|Uncommon|Bronze
7804|Fallen Petals|Complete Claude Strife's Request|15908|11 Jul 2018 8:13:56 PM|92|159|57.86|Common|Bronze
7804|Et Tu, Brute?|Forge 25 Daggers|15907|11 Jul 2018 7:45:14 PM|92|159|57.86|Common|Bronze
5885|The wheel turns|Approach the Abyss edge.|15906|10 Jul 2018 9:22:37 PM|2168|2505|86.55|Common|Silver
5885|Quick one|Nail a Hidden-Object Puzzle in under a minute.|15905|10 Jul 2018 9:04:09 PM|2153|2505|85.95|Common|Silver
5885|I thee wed|Reveal the true nature of your enemy.|15904|10 Jul 2018 9:01:07 PM|2173|2505|86.75|Common|Silver
5885|Dungeoner|Pass the underground labyrinth.|15903|8 Jul 2018 9:37:53 PM|2189|2505|87.39|Common|Silver
5885|Cheating death|Make a salve.|15902|8 Jul 2018 7:55:23 PM|2215|2505|88.42|Common|Bronze
5885|Marksman|Finish a Hidden-Object Puzzle with barely any mistakes!|15901|8 Jul 2018 7:45:44 PM|2151|2505|85.87|Common|Bronze
5885|Piercing gaze|Finish 3 Hidden-Object Puzzles in a row with no hints!|15900|7 Jul 2018 10:32:56 PM|2182|2505|87.11|Common|Silver
5885|Master hunter|Track your prey to its lair.|15899|7 Jul 2018 10:05:57 PM|2247|2505|89.7|Common|Silver
5885|Don't skip|Solve 3 Puzzles in a row without skipping.|15898|7 Jul 2018 10:03:38 PM|2256|2505|90.06|Common|Silver
5885|3-IN-3|Find 3 Hidden Objects in just 3 seconds!|15897|7 Jul 2018 9:30:03 PM|2247|2505|89.7|Common|Bronze
5885|Strike!|Topple the trunk over the ravine.|15896|7 Jul 2018 9:26:43 PM|2328|2505|92.93|Common|Bronze
5885|Gossip queen|Chat with all the villagers.|15895|7 Jul 2018 9:16:05 PM|2290|2505|91.42|Common|Bronze
5885|Fuzzy lil' fellow|Gain the little helper.|15894|7 Jul 2018 9:10:40 PM|2381|2505|95.05|Common|Bronze
7504|Platinum-explosion|Complete all the trophies|15893|5 Jul 2018 9:01:46 PM|1334|1558|85.62|Common|Platinum
7504|Brave|Kill your first enemy in hard mode|15892|5 Jul 2018 9:01:46 PM|1345|1558|86.33|Common|Gold
7504|Kill them all|Kill 100 enemies in Arena Mode|15891|5 Jul 2018 9:01:22 PM|1340|1558|86.01|Common|Gold
7504|Without any mercy|Kill 75 enemies in Arena Mode|15890|5 Jul 2018 9:00:35 PM|1352|1558|86.78|Common|Gold
7504|Getting used|Kill 50 enemies in Arena Mode|15889|5 Jul 2018 8:59:49 PM|1358|1558|87.16|Common|Gold
7504|Kill or get killed|Kill 25 enemies in Arena Mode|15888|5 Jul 2018 8:58:57 PM|1362|1558|87.42|Common|Gold
7504|Overpowered|Die for the first time|15887|5 Jul 2018 8:56:18 PM|1552|1558|99.61|Common|Silver
7504|Unlock the Arena Mode|Reach 100,000 points in Classic Mode|15886|5 Jul 2018 8:55:52 PM|1362|1558|87.42|Common|Gold
7504|Show them who's boss|Reach 75,000 points in Classic Mode|15885|5 Jul 2018 8:55:35 PM|1382|1558|88.7|Common|Gold
7504|Go get them|Reach 50,000 points in Classic Mode|15884|5 Jul 2018 8:55:16 PM|1406|1558|90.24|Common|Gold
7504|Getting better|Reach level 10 in Classic Mode|15883|5 Jul 2018 8:55:08 PM|1408|1558|90.37|Common|Gold
7504|Little by little|Reach 25,000 points in Classic Mode|15882|5 Jul 2018 8:54:27 PM|1450|1558|93.07|Common|Gold
7504|Leveling up|Reach level 5 in Classic Mode|15881|5 Jul 2018 8:54:03 PM|1471|1558|94.42|Common|Gold
7504|Getting Started|Kill your first enemy|15880|5 Jul 2018 8:53:16 PM|1550|1558|99.49|Common|Silver
6015|I am the glorious Mr. Massagy!|Unlock all the trophies!|15879|5 Jul 2018 8:34:09 PM|10744|11109|96.71|Common|Platinum
6015|Bytes all over you!|Get a massagy with S.O.N.I.A.|15878|5 Jul 2018 8:34:09 PM|10771|11109|96.96|Common|Gold
6015|Hackerbruh!|Get three stars with S.O.N.I.A|15877|5 Jul 2018 8:33:33 PM|10771|11109|96.96|Common|Gold
6015|How does this even work?|Get a massagy with Papu-Aiye|15876|5 Jul 2018 8:30:18 PM|10820|11109|97.4|Common|Bronze
6015|Expert Datemeister|Date all dates!|15875|5 Jul 2018 8:30:17 PM|10816|11109|97.36|Common|Bronze
6015|Smooth Criminal|Get three stars with all dates!|15874|5 Jul 2018 8:30:11 PM|10774|11109|96.98|Common|Gold
6015|Real people are overrated|Get three stars with Papu-Aiye|15873|5 Jul 2018 8:30:11 PM|10803|11109|97.25|Common|Silver
6015|Who you gonna massage?|Get a massagy with Anne|15872|5 Jul 2018 8:28:09 PM|10826|11109|97.45|Common|Bronze
6015|I hope that's ectoplasm|Get three stars with Anne|15871|5 Jul 2018 8:28:06 PM|10808|11109|97.29|Common|Silver
6015|What a dairy experience|Get a massagy with Dorothy|15870|5 Jul 2018 8:26:23 PM|10842|11109|97.6|Common|Bronze
6015|Moooossagy!|Get three stars with Dorothy|15869|5 Jul 2018 8:26:16 PM|10827|11109|97.46|Common|Silver
6015|That's… a lot of toys|Get a massagy with Sarah|15868|5 Jul 2018 8:23:48 PM|10843|11109|97.61|Common|Bronze
6015|Sugar daddy time!|Get three stars with Sarah|15867|5 Jul 2018 8:23:42 PM|10848|11109|97.65|Common|Silver
6015|You'll be alone forever...|Fail 20 dates.|15866|5 Jul 2018 8:22:53 PM|10780|11109|97.04|Common|Gold
6015|Yo, where's your mojo?|Fail 10 dates.|15865|5 Jul 2018 8:21:15 PM|10811|11109|97.32|Common|Bronze
6015|You win some, you lose some!|Fail 5 dates.|15864|5 Jul 2018 8:20:27 PM|10882|11109|97.96|Common|Bronze
6015|Proud of your job!|Discover Johnny's true job in Sarah's date.|15863|5 Jul 2018 8:19:45 PM|10765|11109|96.9|Common|Silver
6015|Slippery everywhere|Get a massagy with Mayo|15862|5 Jul 2018 8:16:01 PM|10864|11109|97.79|Common|Bronze
6015|Watch the cholesterol|Get three stars with Mayo|15861|5 Jul 2018 8:15:53 PM|10872|11109|97.87|Common|Silver
6015|Poking around|Tap the Mayonnaise|15860|5 Jul 2018 8:14:40 PM|10836|11109|97.54|Common|Bronze
6015|It hurts so gooood...|Get a massagy with Janein|15859|5 Jul 2018 8:13:50 PM|10890|11109|98.03|Common|Bronze
6015|Don't put your massage in crazy, man|Get three stars with Janein|15858|5 Jul 2018 8:13:44 PM|10819|11109|97.39|Common|Silver
6015|Average Joe|Finish with a two-star date 5 times with any character.|15857|5 Jul 2018 8:11:37 PM|10873|11109|97.88|Common|Bronze
6015|It's something...|Get two stars in any date.|15856|5 Jul 2018 8:10:52 PM|11005|11109|99.06|Common|Silver
6015|Gotta love these app features|Get a massagy with Martha|15855|5 Jul 2018 8:10:10 PM|10867|11109|97.82|Common|Bronze
6015|Mother trucker!|Get three stars with Martha|15854|5 Jul 2018 8:10:05 PM|10819|11109|97.39|Common|Silver
6015|Careful with the claws|Get a massagy with Nicole|15853|5 Jul 2018 8:08:11 PM|10954|11109|98.6|Common|Bronze
6015|Awoo!|Get three stars with Nicole|15852|5 Jul 2018 8:08:00 PM|10840|11109|97.58|Common|Silver
6015|You blew it!|Fail any date|15851|5 Jul 2018 8:07:00 PM|11025|11109|99.24|Common|Bronze
6015|Duck killed!|Get killed by Nicole|15850|5 Jul 2018 8:06:53 PM|10895|11109|98.07|Common|Silver
6015|Tutorial with a happy ending|Get a massagy with Rial|15849|5 Jul 2018 8:04:11 PM|11021|11109|99.21|Common|Bronze
6015|You beat the Tuto-Rial!|Get three stars with Rial|15848|5 Jul 2018 8:04:00 PM|10938|11109|98.46|Common|Silver
6015|Moooom! Somebody likes me!|Match a date on Linger|15847|5 Jul 2018 8:02:51 PM|11059|11109|99.55|Common|Gold
6015|Nope!|Reject a date on Linger!|15846|5 Jul 2018 8:02:29 PM|11055|11109|99.51|Common|Bronze
7497|Platinum Hero|Get all trophies|15845|5 Jul 2018 7:53:10 PM|613|688|89.1|Common|Platinum
7497|Legendary Hero|Complete the game!|15844|5 Jul 2018 7:53:10 PM|614|688|89.24|Common|Gold
7497|Fus-Ro-Dragonslayer|Defeat the Dragon Boss.|15843|5 Jul 2018 7:53:08 PM|614|688|89.24|Common|Gold
7497|Determined!|Resurrect more than 25 times.|15842|5 Jul 2018 6:55:53 PM|625|688|90.84|Common|Gold
7503|Platinum-explosion|Complete all the trophies|15841|5 Jul 2018 6:43:59 PM|2806|3292|85.24|Common|Platinum
7503|Brave|Kill your first enemy in hard mode|15840|5 Jul 2018 6:43:59 PM|2830|3292|85.97|Common|Gold
7503|Kill them all|Kill 100 enemies in Arena Mode|15839|5 Jul 2018 6:42:58 PM|2813|3292|85.45|Common|Gold
7503|Without any mercy|Kill 75 enemies in Arena Mode|15838|5 Jul 2018 6:33:42 PM|2829|3292|85.94|Common|Gold
7503|Getting used|Kill 50 enemies in Arena Mode|15837|5 Jul 2018 6:32:47 PM|2849|3292|86.54|Common|Gold
7503|Kill or get killed|Kill 25 enemies in Arena Mode|15836|5 Jul 2018 6:31:49 PM|2858|3292|86.82|Common|Gold
7503|Unlock the Arena Mode|Reach 100,000 points in Classic Mode|15835|5 Jul 2018 6:29:40 PM|2858|3292|86.82|Common|Gold
7503|Show them who's boss|Reach 75,000 points in Classic Mode|15834|5 Jul 2018 6:28:51 PM|2895|3292|87.94|Common|Gold
7503|Go get them|Reach 50,000 points in Classic Mode|15833|5 Jul 2018 6:28:02 PM|2955|3292|89.76|Common|Gold
7503|Getting better|Reach level 10 in Classic Mode|15832|5 Jul 2018 6:27:52 PM|2964|3292|90.04|Common|Gold
7503|Little by little|Reach 25,000 points in Classic Mode|15831|5 Jul 2018 6:27:35 PM|3069|3292|93.23|Common|Gold
7503|Leveling up|Reach level 5 in Classic Mode|15830|5 Jul 2018 6:27:01 PM|3121|3292|94.81|Common|Gold
7503|Overpowered|Die for the first time|15829|5 Jul 2018 6:25:42 PM|3281|3292|99.67|Common|Silver
7503|Getting Started|Kill your first enemy|15828|5 Jul 2018 6:25:02 PM|3278|3292|99.57|Common|Silver
7497|Pebbled|Defeat the Stone Golem Boss.|15827|4 Jul 2018 10:24:56 PM|616|688|89.53|Common|Silver
7497|Key Master|Collect 100 keys.|15826|4 Jul 2018 10:17:00 PM|616|688|89.53|Common|Silver
7497|Slaughtered|Defeat the Butcher Boss.|15825|4 Jul 2018 9:45:46 PM|626|688|90.99|Common|Silver
7497|Eye of the Beholder|Defeat the Ancient Beholder Boss.|15824|4 Jul 2018 8:59:36 PM|642|688|93.31|Common|Silver
7497|Battle Tested|Play over 100 levels!|15823|4 Jul 2018 8:53:57 PM|630|688|91.57|Common|Gold
7497|Crate Smasher!|Destroy 500 crates.|15822|4 Jul 2018 8:40:20 PM|625|688|90.84|Common|Gold
7497|Slayer!|Kill more than 500 enemies.|15821|3 Jul 2018 10:17:21 PM|632|688|91.86|Common|Gold
7497|Armored!|Bought some armor.|15820|3 Jul 2018 9:54:54 PM|676|688|98.26|Common|Bronze
7497|Blessed|Receive a blessing from the Priest.|15819|3 Jul 2018 9:46:28 PM|673|688|97.82|Common|Silver
7497|Horde No More|Defeat the Orc Chief Boss.|15818|3 Jul 2018 9:46:10 PM|664|688|96.51|Common|Bronze
7497|I'm Not Lost!|Checked the map screen.|15817|3 Jul 2018 9:32:52 PM|678|688|98.55|Common|Bronze
5937|CONGA MASTER|Unlock all trophies|15816|3 Jul 2018 9:05:05 PM|91|379|24.01|Uncommon|Platinum
5937|Real Conga Party!|Unlock all characters|15815|3 Jul 2018 9:05:05 PM|91|379|24.01|Uncommon|Silver
5937|"Did IQs just drop sharply while I was away?"|Unlock Elvira|15814|3 Jul 2018 9:05:04 PM|134|379|35.36|Uncommon|Bronze
7492|Platinum Hero|Get all trophies|15813|3 Jul 2018 8:57:53 PM|842|977|86.18|Common|Platinum
7492|Fus-Ro-Dragonslayer|Defeat the Dragon Boss.|15812|3 Jul 2018 8:57:53 PM|845|977|86.49|Common|Gold
7492|Legendary Hero|Complete the game!|15811|3 Jul 2018 8:57:53 PM|845|977|86.49|Common|Gold
7492|Determined!|Resurrect more than 25 times.|15810|3 Jul 2018 8:49:19 PM|862|977|88.23|Common|Gold
7492|Pebbled|Defeat the Stone Golem Boss.|15809|3 Jul 2018 7:53:24 PM|851|977|87.1|Common|Silver
7492|Key Master|Collect 100 keys.|15808|3 Jul 2018 7:45:17 PM|852|977|87.21|Common|Silver
7492|Slaughtered|Defeat the Butcher Boss.|15807|3 Jul 2018 7:15:52 PM|859|977|87.92|Common|Silver
7492|Eye of the Beholder|Defeat the Ancient Beholder Boss.|15806|3 Jul 2018 6:33:49 PM|878|977|89.87|Common|Silver
7492|Battle Tested|Play over 100 levels!|15805|3 Jul 2018 6:06:09 PM|876|977|89.66|Common|Gold
7492|Crate Smasher!|Destroy 500 crates.|15804|3 Jul 2018 6:04:52 PM|869|977|88.95|Common|Gold
7497|Magic Brew|Bought a potion.|15803|2 Jul 2018 10:38:37 PM|676|688|98.26|Common|Bronze
7497|King of Bling|Bought an amulet.|15802|2 Jul 2018 10:29:17 PM|675|688|98.11|Common|Bronze
7497|Shop-a-holic|Spend more than 1500 coins.|15801|2 Jul 2018 10:29:05 PM|672|688|97.67|Common|Gold
7497|Til Death Do Us Part|Bought a ring.|15800|2 Jul 2018 10:23:24 PM|677|688|98.4|Common|Bronze
7497|Sharpened Blade|Bought a new weapon.|15799|2 Jul 2018 10:18:59 PM|680|688|98.84|Common|Bronze
7497|Sick Reﬂexes|Destroy an arrow in mid-air.|15798|2 Jul 2018 10:13:57 PM|676|688|98.26|Common|Gold
7497|Knowledge Is Power!|Read your ﬁrst tome.|15797|2 Jul 2018 10:13:22 PM|677|688|98.4|Common|Silver
7497|Level Up!|Leveled up for the ﬁrst time!|15796|2 Jul 2018 10:13:20 PM|682|688|99.13|Common|Silver
7497|Quest Has Begun|Completed the training level.|15795|2 Jul 2018 10:12:27 PM|683|688|99.27|Common|Bronze
7492|Slayer!|Kill more than 500 enemies.|15794|2 Jul 2018 9:56:23 PM|883|977|90.38|Common|Gold
7492|Horde No More|Defeat the Orc Chief Boss.|15793|2 Jul 2018 9:22:11 PM|919|977|94.06|Common|Bronze
7492|Shop-a-holic|Spend more than 1500 coins.|15792|2 Jul 2018 8:54:10 PM|933|977|95.5|Common|Gold
7492|Magic Brew|Bought a potion.|15791|2 Jul 2018 8:50:48 PM|945|977|96.72|Common|Bronze
7492|King of Bling|Bought an amulet.|15790|2 Jul 2018 8:48:05 PM|948|977|97.03|Common|Bronze
7492|Sharpened Blade|Bought a new weapon.|15789|2 Jul 2018 8:47:52 PM|951|977|97.34|Common|Bronze
7492|Til Death Do Us Part|Bought a ring.|15788|2 Jul 2018 8:38:28 PM|952|977|97.44|Common|Bronze
7492|Armored!|Bought some armor.|15787|2 Jul 2018 8:38:10 PM|954|977|97.65|Common|Bronze
7492|Blessed|Receive a blessing from the Priest.|15786|2 Jul 2018 8:38:02 PM|931|977|95.29|Common|Silver
7492|Level Up!|Leveled up for the ﬁrst time!|15785|2 Jul 2018 8:33:37 PM|963|977|98.57|Common|Silver
7492|Knowledge Is Power!|Read your ﬁrst tome.|15784|2 Jul 2018 8:33:37 PM|948|977|97.03|Common|Silver
7492|Sick Reﬂexes|Destroy an arrow in mid-air.|15783|2 Jul 2018 8:33:17 PM|945|977|96.72|Common|Gold
7492|Quest Has Begun|Completed the training level.|15782|2 Jul 2018 8:32:40 PM|966|977|98.87|Common|Bronze
7492|I'm Not Lost!|Checked the map screen.|15781|2 Jul 2018 8:32:24 PM|961|977|98.36|Common|Bronze
