1291|I Am A Ghost|Upload your first personal ghost|13672|31 Jul 2018 4:07:07 AM|47631|101334|47.0|Uncommon|Bronze
1291|Tree Hugger|Survive Trees Deadly Descent without equipping armor (in World Tour)|13671|31 Jul 2018 1:19:53 AM|14483|101334|14.29|Rare|Silver
3045|Limbo time!|Complete "Duke Caribbean: Life's A Beach" on any difficulty or in co-op.|13670|31 Jul 2018 12:02:08 AM|2292|62817|3.65|Ultra Rare|Bronze
3045|I've Got Balls of Snow|Complete "Duke: Nuclear Winter" on any difficulty or in co-op.|13669|30 Jul 2018 12:03:19 AM|2460|62817|3.92|Ultra Rare|Bronze
3045|The Patriot Act|Complete "Duke It Out In D.C." on any difficulty or in co-op.|13668|29 Jul 2018 10:16:33 PM|2578|62817|4.1|Ultra Rare|Bronze
6141|Staked Out|Unlock all Spike Guns.|13667|29 Jul 2018 4:03:03 AM|42|238|2.06|Ultra Rare|Bronze
6141|Chicken Dinner|Win 10 matches of any Versus game type.|13666|29 Jul 2018 3:16:49 AM|93|238|4.57|Ultra Rare|Bronze
6141|Kill 'Em All|Complete 5 matches of Deathmatch.|13665|29 Jul 2018 2:38:50 AM|167|238|8.21|Very Rare|Bronze
7754|Paint 'n Elbow Grease|Collect all Fragments of a Theme Recipe|13664|29 Jul 2018 1:55:25 AM|7551|27934|27.03|Uncommon|Bronze
7754|Big Pharma|Collect 100 Stimpaks and 100 RadAway on Quests|13663|29 Jul 2018 1:44:17 AM|7029|27934|25.16|Uncommon|Bronze
7754|Smooth Talker|Make 25 Dialogue Choices on Quests|13662|29 Jul 2018 1:16:33 AM|7666|27934|27.44|Uncommon|Bronze
2717|Scuba Diver|Mice spend a total of 600 seconds underwater.|13661|28 Jul 2018 7:13:52 PM|11161|59193|18.86|Rare|Bronze
2717|Crispy|Exterminate 10 Ratoids by using Electric Bricks.|13660|28 Jul 2018 7:12:03 PM|10026|59193|16.94|Rare|Bronze
2717|Chemist|Exterminate 10 Ratoids by leading them into Acid Obstacles.|13659|28 Jul 2018 7:11:02 PM|10051|59193|16.98|Rare|Bronze
2717|Pyrotechnic|Exterminate 10 Ratoids by using Explosive Bricks.|13658|28 Jul 2018 7:10:22 PM|10404|59193|17.58|Rare|Bronze
2717|Gold Digger Expert|Earn 80 golden cogs by completing all 80 levels with a Perfect score.|13657|28 Jul 2018 7:07:48 PM|9975|59193|16.85|Rare|Gold
2717|Collector|Collect all Anima Shards.|13656|28 Jul 2018 7:07:47 PM|9977|59193|16.86|Rare|Silver
2717|Completionist|Complete all 80 levels.|13655|28 Jul 2018 7:05:08 PM|10191|59193|17.22|Rare|Silver
2717|Wrecker|Destroy 100 Tetromino Bricks with Bombs.|13654|28 Jul 2018 5:27:58 PM|13588|59193|22.96|Uncommon|Bronze
2717|Gold Digger Enthusiast|Earn 40 golden cogs by completing 40 levels with a Perfect score.|13653|28 Jul 2018 5:01:47 PM|11634|59193|19.65|Rare|Bronze
2717|Anarchist|Exterminate 50 Ratoids.|13652|28 Jul 2018 4:49:48 PM|14008|59193|23.66|Uncommon|Silver
2717|Smasher|Exterminate 10 Ratoids by smashing them with Tetromino Bricks.|13651|28 Jul 2018 4:22:01 PM|24680|59193|41.69|Uncommon|Bronze
2717|Designer|Design one level in the Level Editor.|13650|28 Jul 2018 3:45:23 PM|16711|59193|28.23|Uncommon|Bronze
1291|I'm Flying!|Deploy your wingsuit for the first time (not achievable in Tutorial)|13649|28 Jul 2018 4:32:05 AM|55675|101334|54.94|Common|Bronze
1291|Gear Up!|Make your first Gear Purchase|13648|28 Jul 2018 4:30:23 AM|68541|101334|67.64|Common|Bronze
1291|Pass The Board Wax|Make your first Board Purchase|13647|28 Jul 2018 4:20:36 AM|68204|101334|67.31|Common|Bronze
6246|Hang In There, Maybe!|Unlocked the Secret Exit in Hangin' Out.|13646|27 Jul 2018 9:48:52 PM|37825|145722|25.96|Uncommon|Silver
6246|99 Percent Perspiration|Earn 99 lives.|13645|27 Jul 2018 9:16:19 PM|25232|145722|17.32|Rare|Gold
6246|Buzz Off!|Die as Crash.|13644|27 Jul 2018 8:51:53 PM|51440|145722|35.3|Uncommon|Bronze
6246|One Man's Trash|Earn 21 Gems.|13643|27 Jul 2018 8:50:05 PM|30589|145722|20.99|Uncommon|Gold
6246|Crash Cubed|Fly, then die.|13642|27 Jul 2018 8:29:58 PM|52662|145722|36.14|Uncommon|Silver
6246|No Bear Left Behind|Unlocked the Secret Exit in Unbearable.|13641|27 Jul 2018 8:16:33 PM|31036|145722|21.3|Uncommon|Silver
6246|Tiny Tricked|Defeat Tiny Tiger.|13640|27 Jul 2018 8:12:24 PM|54562|145722|37.44|Uncommon|Silver
6246|Island Hopping|Unlocked the Secret Exit in Bear Down.|13639|27 Jul 2018 8:03:43 PM|42576|145722|29.22|Uncommon|Silver
6053|Full Throttle|Unlock all trophies|13638|27 Jul 2018 5:30:21 PM|5081|6986|72.73|Common|Platinum
6053|Thank No Cats|Watch the bunnies overtake the credits|13637|27 Jul 2018 5:30:21 PM|5415|6986|77.51|Common|Bronze
6053|Can't Beat a Corley|Send up a gorge-ous death for Ripburger|13636|27 Jul 2018 5:15:21 PM|5685|6986|81.38|Common|Gold
6053|Burger Well Done|Defeat Ripburger without dying|13635|27 Jul 2018 5:15:21 PM|5169|6986|73.99|Common|Gold
6053|LOOMing Seagull|Kill the LOOM Seagull|13634|27 Jul 2018 5:14:53 PM|5385|6986|77.08|Common|Bronze
6053|Now Boarding|Get Ripburger into the plane|13633|27 Jul 2018 5:12:29 PM|5694|6986|81.51|Common|Silver
6053|Rabbit Ragu|Dice a rabbit in the engine fan|13632|27 Jul 2018 5:10:38 PM|5417|6986|77.54|Common|Silver
6053|Burger Melt|Melt Ripburger's vision of the future|13631|27 Jul 2018 5:05:14 PM|5708|6986|81.71|Common|Bronze
6053|Wisecrack|Kick the crack to open the secret passage|13630|27 Jul 2018 5:00:23 PM|5718|6986|81.85|Common|Bronze
6053|What A Pain Threshold!|Make the Boom Boom Bros go boom|13629|27 Jul 2018 4:54:34 PM|5724|6986|81.94|Common|Silver
6053|Taut a Lesson|Talk your way out of getting quartered|13628|27 Jul 2018 4:37:48 PM|5748|6986|82.28|Common|Bronze
6053|Hare Trigger|Sacrifice bunnies to get through the minefield|13627|27 Jul 2018 4:36:23 PM|5748|6986|82.28|Common|Silver
6053|Invasion of the Bunny Snatcher|Snatch the bunny|13626|27 Jul 2018 4:29:20 PM|5772|6986|82.62|Common|Bronze
6053|Pull a Fast One|Get the battery from the minefield|13625|27 Jul 2018 4:27:50 PM|5774|6986|82.65|Common|Bronze
6053|Pure Evel|Launch over Poyahoga Gorge|13624|27 Jul 2018 4:23:10 PM|5836|6986|83.54|Common|Silver
6053|The Spirit of Ricky Myran|Escape with Ricky's ramp|13623|27 Jul 2018 4:22:16 PM|5858|6986|83.85|Common|Bronze
6053|Gogglor|Use the Cavefish goggles to locate their lair|13622|27 Jul 2018 4:20:02 PM|5885|6986|84.24|Common|Bronze
6053|A Fistful of Fertilizer|Get the chainsaw with the fertilizer|13621|27 Jul 2018 3:53:29 PM|5775|6986|82.67|Common|Silver
6053|Torque Talk|Consume Father Torque's wisdom|13620|27 Jul 2018 3:41:05 PM|5979|6986|85.59|Common|Silver
6053|Burn-In Rubber|Save your screen from burn-in with 3D animated vehicles|13619|27 Jul 2018 3:35:19 PM|5820|6986|83.31|Common|Bronze
6053|Fertilized|Use the fertilizer to spin out Nestor and Bolus|13618|27 Jul 2018 3:29:51 PM|5941|6986|85.04|Common|Bronze
6053|Hosed|Get a hose to fix your bike|13617|27 Jul 2018 3:19:58 PM|6081|6986|87.05|Common|Bronze
6053|Hard Tale|Look at the pic of Maureen and Malcom fixing hard tail|13616|27 Jul 2018 3:19:25 PM|5360|6986|76.72|Common|Silver
6053|I Can Do That|Play a game of five finger fillet|13615|27 Jul 2018 3:15:16 PM|5405|6986|77.37|Common|Silver
6053|News to Me|Watch the entire news broadcast|13614|27 Jul 2018 3:13:47 PM|5349|6986|76.57|Common|Bronze
6053|A New Hope|Grab the Fake ID from Miranda|13613|27 Jul 2018 3:06:39 PM|6123|6986|87.65|Common|Bronze
6053|Unnatural Causes|Listen to Malcolm's last words|13612|27 Jul 2018 3:02:12 PM|6169|6986|88.31|Common|Silver
6053|Right in the Junk|Recover the forks from the junkyard|13611|27 Jul 2018 2:55:57 PM|6228|6986|89.15|Common|Bronze
6053|OK, I'll Put My Lips on That|Siphon gas from Floyd|13610|27 Jul 2018 2:50:36 PM|6272|6986|89.78|Common|Bronze
6053|Annoyed Floyd|Hide from Floyd|13609|27 Jul 2018 2:49:35 PM|6301|6986|90.19|Common|Bronze
6053|Not So Tough After All|Pick the lock to the tower|13608|27 Jul 2018 2:47:28 PM|6368|6986|91.15|Common|Silver
6053|Carry the Torch|Retrieve Mo's welding torch|13607|27 Jul 2018 2:46:40 PM|6341|6986|90.77|Common|Bronze
6053|Trailer Trashed|Kick in the trailer door|13606|27 Jul 2018 2:45:20 PM|6435|6986|92.11|Common|Bronze
6053|Angels with Dirty Faces|Keep talking to Todd|13605|27 Jul 2018 2:45:04 PM|5311|6986|76.02|Common|Bronze
6053|Minking Memories|Check out the photo of Uncle Pete|13604|27 Jul 2018 2:40:57 PM|6470|6986|92.61|Common|Silver
6053|Know Mo|Finish all of Mo's initial dialog|13603|27 Jul 2018 2:40:27 PM|6145|6986|87.96|Common|Silver
6053|A-Number One Polecat Honcho|Take out the first Rottwheeler|13602|27 Jul 2018 2:35:15 PM|6600|6986|94.47|Common|Bronze
6053|Ring Pull|Get your keys from the bartender|13601|27 Jul 2018 2:33:33 PM|6636|6986|94.99|Common|Silver
6053|Not Puttin' My Lips on That|Keep Your Lips Off of 10 Objects|13600|27 Jul 2018 2:32:33 PM|6032|6986|86.34|Common|Silver
6053|One Final Offer...|Accept Ripburger's Final Offer|13599|27 Jul 2018 2:29:06 PM|6695|6986|95.83|Common|Bronze
1291|I'm Alive!|Rewind out of Death for the First Time (not achievable in Tutorial)|13598|27 Jul 2018 5:29:31 AM|66737|101334|65.86|Common|Bronze
1291|I Need A Boost|Make your first Mod Purchase|13597|27 Jul 2018 5:14:02 AM|41729|101334|41.18|Uncommon|Bronze
1291|Grindage|Grind your first rail (not achievable in Tutorial)|13596|27 Jul 2018 5:00:57 AM|90729|101334|89.53|Common|Bronze
1291|That Was Easy|Unlock all Game Modes|13595|27 Jul 2018 4:56:03 AM|95260|101334|94.01|Common|Bronze
3045|Game Over|Complete "The Birth" on any difficulty or in co-op.|13594|27 Jul 2018 3:53:05 AM|3663|62817|5.83|Very Rare|Gold
5316|Virginia|I never made decisions. Things always came up and made them for me.|13593|27 Jul 2018 1:24:15 AM|10085|15564|64.8|Common|Platinum
5316|Doam|Bis!|13592|27 Jul 2018 1:24:15 AM|10188|15564|65.46|Common|Gold
7754|Urban Ranger|Complete 30 Quests|13591|26 Jul 2018 12:43:31 AM|7867|27934|28.16|Uncommon|Bronze
5316|Ariadne|Thank you|13590|26 Jul 2018 12:34:10 AM|13477|15564|86.59|Common|Silver
5316|Red Night|There are no passengers on spaceship earth. We are all crew.|13589|26 Jul 2018 12:34:09 AM|13291|15564|85.4|Common|Silver
5316|Toet|Ms. Paul didn't get to be PA to the AD by making a spectacle of herself|13588|26 Jul 2018 12:19:31 AM|10355|15564|66.53|Common|Gold
5316|Benway|The true ship is the ship-builder|13587|26 Jul 2018 12:16:46 AM|10984|15564|70.57|Common|Gold
5316|Dead Road|Along comes the driver, Pulls the little lever. Puff, puff! Chuff, chuff! Off we go!|13586|26 Jul 2018 12:04:33 AM|10530|15564|67.66|Common|Gold
5316|Paris|A bird of the air shall carry the voice, and that which hath wings shall tell the matter|13585|26 Jul 2018 12:04:04 AM|10252|15564|65.87|Common|Gold
5316|Beatrice|Strictly for the birds|13584|26 Jul 2018 12:04:02 AM|12507|15564|80.36|Common|Silver
5316|Fever|To me the meanest flower that blows can give, thoughts that do often lie too deep for tears|13583|26 Jul 2018 12:03:50 AM|10294|15564|66.14|Common|Gold
5316|Lemon|Susan's checked between the booths and under the counter, but where she left it is anyone's guess|13582|25 Jul 2018 11:48:13 PM|10502|15564|67.48|Common|Gold
5316|Ganesha|Orbed is the moon and bright, and the stars they glisten, glisten|13581|25 Jul 2018 11:40:30 PM|10418|15564|66.94|Common|Gold
5316|Iris|Do what you can for Edith Fairfax. A little kindness goes a long way.|13580|25 Jul 2018 11:31:00 PM|10918|15564|70.15|Common|Gold
5316|Mausoleum|Durch die Blume gesprochen|13579|25 Jul 2018 1:38:12 AM|11472|15564|73.71|Common|Silver
5316|Meda|Beta vulgaris|13578|25 Jul 2018 1:37:48 AM|11758|15564|75.55|Common|Silver
5316|Madam|For closers only|13577|25 Jul 2018 1:32:20 AM|14414|15564|92.61|Common|Bronze
5316|Flea|Victories in space and time|13576|25 Jul 2018 1:16:23 AM|11709|15564|75.23|Common|Silver
5316|Aleph|Get your foot off my neck|13575|25 Jul 2018 1:10:33 AM|12267|15564|78.82|Common|Bronze
6333|Save the Ninja Clan Platinum|Good job! Completed all tasks!|13574|24 Jul 2018 3:27:02 AM|375|670|55.97|Common|Platinum
6333|New Perspective|Level 29, play as a scroll.|13573|24 Jul 2018 3:27:02 AM|391|670|58.36|Common|Silver
6333|For Debugging Only!|Find and complete the secret ending.|13572|24 Jul 2018 3:23:41 AM|383|670|57.16|Common|Gold
6333|Stop breaking the game.|Complete 10 secrets.|13571|24 Jul 2018 3:23:33 AM|400|670|59.7|Common|Silver
6333|Play Pong!|Play Pong in the game.|13570|24 Jul 2018 3:03:59 AM|386|670|57.61|Common|Bronze
6333|Who's Laughing Now|Beat the third boss.|13569|24 Jul 2018 2:55:15 AM|389|670|58.06|Common|Gold
6333|Completely Completed|Complete all the levels.|13568|24 Jul 2018 2:55:07 AM|389|670|58.06|Common|Gold
6333|Cloud Nine|Level 25, ride a cloud.|13567|24 Jul 2018 2:25:33 AM|390|670|58.21|Common|Bronze
6333|I Am > Than Mechs|Beat the second boss.|13566|24 Jul 2018 2:00:01 AM|417|670|62.24|Common|Gold
6333|Oops! Yea that's a bug.|Level 19, crash the game.|13565|24 Jul 2018 1:50:22 AM|412|670|61.49|Common|Silver
6333|2 Stones 1 Bird|Attempt a level 25 times.|13564|24 Jul 2018 1:41:29 AM|549|670|81.94|Common|Silver
6333|Upgraded!|Get a knife modification.|13563|24 Jul 2018 1:36:20 AM|430|670|64.18|Common|Silver
6333|The Collector|Collect 15 Collectables.|13562|24 Jul 2018 1:33:31 AM|409|670|61.04|Common|Silver
6333|Living On a Prayer|Beat half the levels.|13561|24 Jul 2018 1:33:30 AM|434|670|64.78|Common|Bronze
6333|You're good at dying.|Die 100 times.|13560|24 Jul 2018 1:26:22 AM|522|670|77.91|Common|Bronze
6333|Spontaneous Combustion|Explode 50 times|13559|24 Jul 2018 1:23:14 AM|513|670|76.57|Common|Silver
6333|Controls Reversed|Beat level 4 with controls reversed.|13558|24 Jul 2018 1:15:19 AM|434|670|64.78|Common|Silver
6333|You fell for it!|Fall for it on level two.|13557|24 Jul 2018 1:13:54 AM|561|670|83.73|Common|Bronze
6333|Smiley|Level 9, see a smiley face.|13556|24 Jul 2018 1:12:59 AM|439|670|65.52|Common|Bronze
6333|The Legend|Beat 10 levels without dying.|13555|24 Jul 2018 1:12:19 AM|380|670|56.72|Common|Gold
6333|God Like|Kill 50 enemies.|13554|24 Jul 2018 12:53:33 AM|487|670|72.69|Common|Silver
6333|Battle Hardened|Beat 5 levels without dying.|13553|24 Jul 2018 12:48:09 AM|398|670|59.4|Common|Silver
6333|Killing Spree|Kill 25 enemies.|13552|23 Jul 2018 12:28:24 AM|537|670|80.15|Common|Bronze
6333|Teachers Pet|Beat a level with an A+ time.|13551|23 Jul 2018 12:28:10 AM|501|670|74.78|Common|Bronze
6333|Off to the Slammer|Level 11, go to "prison".|13550|23 Jul 2018 12:26:34 AM|451|670|67.31|Common|Bronze
6333|Death is my friend!|Die 50 times.|13549|23 Jul 2018 12:20:19 AM|562|670|83.88|Common|Bronze
6333|Eat My Dust|Beat the first boss.|13548|23 Jul 2018 12:16:27 AM|507|670|75.67|Common|Gold
6333|Never Surrender!|Attempt a level 10 times.|13547|23 Jul 2018 12:13:54 AM|605|670|90.3|Common|Bronze
6333|You have found a bug.|Complete one secret.|13546|23 Jul 2018 12:08:27 AM|530|670|79.1|Common|Bronze
6333|Seppuku|Kill yourself with your own weapon.|13545|23 Jul 2018 12:07:45 AM|447|670|66.72|Common|Bronze
6333|Beat Level One|Beat the first level|13544|22 Jul 2018 11:58:47 PM|644|670|96.12|Common|Bronze
7610|Theme Master|Finish the game by choosing 10 different background themes.|13543|22 Jul 2018 11:48:07 PM|776|1347|57.61|Common|Silver
7610|Win streak|Finish the game third times in a row.|13542|22 Jul 2018 11:43:30 PM|781|1347|57.98|Common|Silver
6246|Komodo No Mo|Defeat the Komodo Brothers.|13541|22 Jul 2018 11:09:04 PM|61590|145722|42.27|Uncommon|Bronze
6246|Boom Shakalaka!|Defeat 5 enemies with Coco's Double Leg Drop.|13540|22 Jul 2018 10:52:42 PM|30270|145722|20.77|Uncommon|Gold
6246|A Helping Paw|Don't feel guilty about jumping on him.|13539|22 Jul 2018 10:25:48 PM|41195|145722|28.27|Uncommon|Bronze
6246|Cheated Death (For the Time Being)|Discover a Death Route.|13538|22 Jul 2018 9:51:48 PM|57775|145722|39.65|Uncommon|Silver
6246|Jumping the Jetboard|Unlocked the Secret Exit in Air Crash.|13537|22 Jul 2018 9:27:04 PM|37155|145722|25.5|Uncommon|Silver
6246|Professor Pulverized|Defeat Ripper Roo.|13536|22 Jul 2018 9:09:29 PM|76161|145722|52.26|Common|Bronze
6246|A Diamond in the Rough|Discover a Gem Path after earning a Color Gem.|13535|22 Jul 2018 8:11:24 PM|44364|145722|30.44|Uncommon|Silver
6246|Cortex N. Furiated|Just "forget" it. Repeatedly.|13534|22 Jul 2018 7:49:50 PM|26502|145722|18.19|Rare|Bronze
6246|A Road Less Traveled|Discover a "?" Bonus Path.|13533|22 Jul 2018 7:34:38 PM|92356|145722|63.38|Common|Bronze
7610|Select Theme|Finish the game by choosing 5 different background themes.|13532|22 Jul 2018 6:56:09 AM|835|1347|61.99|Common|Bronze
7610|Grand Master|Finish the game in hard and huge mode!|13531|22 Jul 2018 6:56:09 AM|696|1347|51.67|Common|Gold
7610|Gigantic|Finish the game in the huge map.|13530|22 Jul 2018 6:56:08 AM|813|1347|60.36|Common|Silver
7610|Rocky Mode|Finish the game in hard mode.|13529|22 Jul 2018 6:56:07 AM|801|1347|59.47|Common|Silver
7610|Normal Size|Finish the game in normal size.|13528|22 Jul 2018 12:32:54 AM|889|1347|66.0|Common|Bronze
7610|Normal Diffuculty|Finish the game in normal mode.|13527|22 Jul 2018 12:32:53 AM|890|1347|66.07|Common|Bronze
7610|Hurry Up!|Finish the game under 10 seconds.|13526|22 Jul 2018 12:26:32 AM|885|1347|65.7|Common|Silver
7610|Tiny Size|Finish the game in small size.|13525|22 Jul 2018 12:24:56 AM|1161|1347|86.19|Common|Bronze
7610|Take it Easy|Finish the game in easy mode.|13524|22 Jul 2018 12:24:53 AM|1162|1347|86.27|Common|Bronze
7609|Theme Master|Finish the game by choosing 10 different background themes.|13523|21 Jul 2018 11:36:02 PM|477|700|68.14|Common|Silver
7609|Win streak|Finish the game third times in a row.|13522|21 Jul 2018 11:29:30 PM|479|700|68.43|Common|Silver
7609|Select Theme|Finish the game by choosing 5 different background themes.|13521|21 Jul 2018 11:27:08 PM|502|700|71.71|Common|Bronze
7609|Gigantic|Finish the game in the huge map.|13520|21 Jul 2018 4:51:26 PM|483|700|69.0|Common|Silver
7609|Grand Master|Finish the game in hard and huge mode!|13519|21 Jul 2018 4:51:26 PM|435|700|62.14|Common|Gold
7609|Rocky Mode|Finish the game in hard mode.|13518|21 Jul 2018 4:51:24 PM|478|700|68.29|Common|Silver
6141|Winner Winner|Win a match of any Versus game type on all 3 maps.|13517|21 Jul 2018 7:28:52 AM|149|238|7.32|Very Rare|Bronze
6141|Data Transfer|Complete 5 matches of Uplink.|13516|21 Jul 2018 7:06:41 AM|96|238|4.72|Ultra Rare|Bronze
7609|Normal Diffuculty|Finish the game in normal mode.|13515|21 Jul 2018 5:52:41 AM|518|700|74.0|Common|Bronze
7609|Normal Size|Finish the game in normal size.|13514|21 Jul 2018 5:52:41 AM|499|700|71.29|Common|Bronze
7609|Hurry Up!|Finish the game under 10 seconds.|13513|21 Jul 2018 5:11:22 AM|524|700|74.86|Common|Silver
7609|Tiny Size|Finish the game in small size.|13512|21 Jul 2018 5:11:21 AM|628|700|89.71|Common|Bronze
7609|Take it Easy|Finish the game in easy mode.|13511|21 Jul 2018 5:11:19 AM|629|700|89.86|Common|Bronze
5181|The Great AdVenture!|Unlock the 626th Achievement on Earth|13510|21 Jul 2018 4:54:44 AM|6186|34581|17.89|Rare|Gold
5181|Lucky Ducky|Buy 777 or more of each Moon investment. Jackpot!|13509|20 Jul 2018 9:21:35 PM|6691|34581|19.35|Rare|Silver
6470|Tortured Soul|Find every trophy.|13508|20 Jul 2018 6:36:25 PM|188|1091|17.23|Rare|Platinum
6470|Survivor|Complete the game without dying.|13507|20 Jul 2018 6:36:25 PM|225|1091|20.62|Uncommon|Gold
6470|Hell Yeah|You finished the game in hardcode mode.|13506|20 Jul 2018 6:36:20 PM|202|1091|18.52|Rare|Gold
6470|She Crazy|Finished the game with the normal ending.|13505|20 Jul 2018 6:36:19 PM|362|1091|33.18|Uncommon|Gold
6470|All Juiced Up|Found every battery|13504|20 Jul 2018 6:25:19 PM|197|1091|18.06|Rare|Gold
6470|Word smith|Read every letter.|13503|20 Jul 2018 5:49:59 PM|235|1091|21.54|Uncommon|Gold
6470|Big Brother|Finish the game with the alternate ending.|13502|20 Jul 2018 5:16:01 PM|197|1091|18.06|Rare|Gold
6470|Head Games|You dropped dad's head through the basketball hoop!|13501|20 Jul 2018 3:48:43 PM|285|1091|26.12|Uncommon|Gold
6470|Lock Smith|Use every key.|13500|20 Jul 2018 3:43:11 PM|243|1091|22.27|Uncommon|Gold
6470|You are so vain|Trigger the mirror scare.|13499|20 Jul 2018 3:36:06 PM|326|1091|29.88|Uncommon|Gold
6470|House Hunter|Enter the house.|13498|20 Jul 2018 2:32:00 PM|982|1091|90.01|Common|Gold
6470|Whimp|Throw the football.|13497|20 Jul 2018 2:28:53 PM|392|1091|35.93|Uncommon|Gold
5025|Our Journey ends|Climb to the top.|13496|20 Jul 2018 6:14:04 AM|4269|5980|71.39|Common|Platinum
5025|Completion Serenity|No puzzle left undone.|13495|20 Jul 2018 6:14:04 AM|4292|5980|71.77|Common|Gold
5025|Perfect memory|The pictures are complete.|13494|20 Jul 2018 5:57:12 AM|4360|5980|72.91|Common|Gold
5025|Treasure hunter|A completed memento in the desert.|13493|20 Jul 2018 5:57:10 AM|4439|5980|74.23|Common|Gold
5025|Solaris Master|All the grids are blue now.|13492|20 Jul 2018 5:48:03 AM|4340|5980|72.58|Common|Silver
5025|Acceptance|Follow the light.|13491|20 Jul 2018 5:48:02 AM|4585|5980|76.67|Common|Silver
5025|Bringing everything together|Six fragments of a memory.|13490|20 Jul 2018 5:43:27 AM|4523|5980|75.64|Common|Silver
5025|Depression|Exit the basement.|13489|20 Jul 2018 5:33:34 AM|4606|5980|77.02|Common|Silver
5025|Vivid recollection|A completed memento in the hospital.|13488|20 Jul 2018 5:27:37 AM|4416|5980|73.85|Common|Gold
5025|Opening the gates|Gain access to the large staircase.|13487|20 Jul 2018 5:24:51 AM|4621|5980|77.27|Common|Bronze
5025|Cherish the past|Six fragments of a memory.|13486|20 Jul 2018 4:51:28 AM|4545|5980|76.0|Common|Silver
5025|Gnocchi Thursday|Lunch is served on Thursday.|13485|20 Jul 2018 4:25:44 AM|4416|5980|73.85|Common|Gold
5025|Bargain|Exit the forest.|13484|20 Jul 2018 4:19:34 AM|4715|5980|78.85|Common|Silver
5025|It's all coming back to me|A completed memento in the forest.|13483|20 Jul 2018 4:16:08 AM|4425|5980|74.0|Common|Gold
5025|Timber!|Find a way to cross the canyon.|13482|20 Jul 2018 4:08:38 AM|4732|5980|79.13|Common|Bronze
5025|I had forgotten so much|Six fragments of memory.|13481|20 Jul 2018 3:48:24 AM|4546|5980|76.02|Common|Silver
5025|Anger|Exit the caves.|13480|20 Jul 2018 3:28:41 AM|5128|5980|85.75|Common|Silver
5025|These are precious to me|A completed memento in the caves.|13479|20 Jul 2018 3:25:17 AM|4502|5980|75.28|Common|Gold
5025|Together again|Go on sweetie, run to your father.|13478|20 Jul 2018 3:12:09 AM|5248|5980|87.76|Common|Bronze
5025|Denial|See no evil, hear no evil, speak no evil.|13477|19 Jul 2018 11:53:17 PM|5338|5980|89.26|Common|Bronze
5025|Do you remember these?|Six fragments of a memory.|13476|19 Jul 2018 11:46:53 PM|4917|5980|82.22|Common|Silver
5025|Sphere of Light|Become a light unto yourself|13475|19 Jul 2018 11:39:57 PM|5551|5980|92.83|Common|Bronze
5025|Journey Begins|Solve the first puzzle.|13474|19 Jul 2018 11:34:04 PM|5725|5980|95.74|Common|Bronze
5025|My First Memento|A fragment of a memory.|13473|19 Jul 2018 11:31:00 PM|5609|5980|93.8|Common|Bronze
6379|Happy Camper|Listen to all friendly conversations at the end of a level, don’t skip videos|13472|19 Jul 2018 1:03:06 AM|107|745|14.36|Rare|Gold
6637|Eye of the Storm|Collect all other trophies.|13471|19 Jul 2018 12:18:21 AM|3215|3398|94.61|Common|Platinum
6637|The End|Fin.|13470|19 Jul 2018 12:18:21 AM|3231|3398|95.09|Common|Gold
6637|Energy Room|Have a rest. Now carry on.|13469|19 Jul 2018 12:12:56 AM|3232|3398|95.11|Common|Gold
6637|Lava Forever|Heatwave.|13468|18 Jul 2018 11:53:31 PM|3242|3398|95.41|Common|Silver
6637|Secret Pipe|Oldest trick in the book.|13467|18 Jul 2018 11:45:14 PM|3228|3398|95.0|Common|Gold
6637|End of the Tunnel|Explore the dead end.|13466|18 Jul 2018 11:42:48 PM|3259|3398|95.91|Common|Gold
6637|Laser Survivor|Making light of the situation.|13465|18 Jul 2018 11:38:21 PM|3257|3398|95.85|Common|Silver
6637|Running into Walls|Sometimes, a hidden passage opens up.|13464|18 Jul 2018 11:35:53 PM|3241|3398|95.38|Common|Gold
6637|Death From Above|Should’ve kept an eye out.|13463|18 Jul 2018 11:31:10 PM|3267|3398|96.14|Common|Silver
6637|Bottom of the Pool|Darkest depths.|13462|18 Jul 2018 11:24:58 PM|3256|3398|95.82|Common|Gold
6637|Jump for Fun|Raindrops keep fallin’ on my head.|13461|18 Jul 2018 11:18:39 PM|3291|3398|96.85|Common|Gold
6637|Shock Therapy|It’ll learn.|13460|18 Jul 2018 11:07:22 PM|3313|3398|97.5|Common|Gold
6637|Spiderbot|Spider-bot, spider-bot…|13459|18 Jul 2018 10:58:36 PM|3278|3398|96.47|Common|Gold
6637|Boogie Time|Just dance.|13458|18 Jul 2018 10:50:45 PM|3347|3398|98.5|Common|Silver
6637|Wreckage|No way back.|13457|18 Jul 2018 10:50:28 PM|3291|3398|96.85|Common|Silver
7048|ATROPHY|You are so good. You are so special.|13456|17 Jul 2018 1:25:58 AM|1635|3580|45.67|Uncommon|Platinum
7048|THE REGGIE WATTS ACHIEVEMENT AWARD|Find the end of the end of the end of the game.|13455|17 Jul 2018 1:25:58 AM|1809|3580|50.53|Common|Gold
7048|THE JOE FINEGOLD ACHIEVEMENT AWARD|Throw the brick at exactly the right moment.|13454|17 Jul 2018 1:04:04 AM|1721|3580|48.07|Uncommon|Gold
7048|PLAY ACCOUNTING+|Get very deep into the numbers.|13453|17 Jul 2018 12:56:45 AM|2599|3580|72.6|Common|Gold
7048|BEAKING NEWS|Keep up to date with Jeremy Eagle.|13452|17 Jul 2018 12:52:03 AM|2067|3580|57.74|Common|Gold
7048|TROPHY FM|Tune into our show!|13451|17 Jul 2018 12:51:06 AM|2682|3580|74.92|Common|Gold
7048|SO HOW WE DOING THERE?!|Defeat The Final Boss.|13450|17 Jul 2018 12:50:24 AM|3355|3580|93.72|Common|Gold
7048|MANDVCARE STERCORE|Do what has to be done to summon Our Dark Lord Satan.|13449|17 Jul 2018 12:35:51 AM|2863|3580|79.97|Common|Gold
7048|GATE JOB|Earn the friendship of the gatekeeper.|13448|17 Jul 2018 12:28:58 AM|1732|3580|48.38|Uncommon|Gold
7048|GRATE JOB|Kill Flute Guy once and for all.|13447|17 Jul 2018 12:14:16 AM|2114|3580|59.05|Common|Gold
7048|A NEW DIRECTION|Learn to see the world from different angles.|13446|17 Jul 2018 12:00:27 AM|3547|3580|99.08|Common|Gold
7048|COME ON AND SLAM|Hit a three-pointer using Clovis' basketball.|13445|16 Jul 2018 11:59:14 PM|2602|3580|72.68|Common|Gold
4126|Breaking New Ground|Use a Limit Break|13444|16 Jul 2018 12:47:44 AM|56296|60095|93.68|Common|Bronze
4126|First Blood|Emerge victorious from your first battle|13443|16 Jul 2018 12:42:22 AM|57864|60095|96.29|Common|Bronze
4126|Failure IS an Option|Have your whole party fall in battle|13442|16 Jul 2018 12:39:29 AM|37069|60095|61.68|Common|Bronze
5889|The Reincarnation of a Sinner|Acquired all trophies.|13441|16 Jul 2018 12:12:20 AM|2959|3531|83.8|Common|Platinum
5889|Let You Suffer as Much as I Suffered|Completed Section 6.|13440|16 Jul 2018 12:12:20 AM|3066|3531|86.83|Common|Gold
5889|Now, do you know everything?|Acquired all memos.|13439|16 Jul 2018 12:09:22 AM|2961|3531|83.86|Common|Gold
5889|Mathew, what on earth have you done?|Used the mechanism to pierce her in Section 6.|13438|16 Jul 2018 12:08:10 AM|3069|3531|86.92|Common|Silver
5889|Remember my word, recall your FAULT.|Watched all of the TVs.|13437|16 Jul 2018 12:07:25 AM|3069|3531|86.92|Common|Gold
5889|It is Time to Face Your Mistakes|Completed Section 5.|13436|15 Jul 2018 11:53:17 PM|3073|3531|87.03|Common|Gold
5889|Mathew, a true Detective.|Unlocked all of the password puzzles.|13435|15 Jul 2018 11:50:05 PM|3073|3531|87.03|Common|Gold
5889|Maybe I Should Give You a Trophy?|Recovered the broken trophy in Section 5.|13434|15 Jul 2018 11:48:46 PM|3068|3531|86.89|Common|Silver
5889|I Will Always Remember This Day|Completed Section 4.|13433|15 Jul 2018 11:40:45 PM|3086|3531|87.4|Common|Gold
5889|Very Good, You Opened It|Opened the kitchen coffer in Section 4.|13432|15 Jul 2018 11:33:10 PM|3089|3531|87.48|Common|Silver
5889|Because This is Not Mathew's Fault|Completed Section 3.|13431|15 Jul 2018 11:24:10 PM|3102|3531|87.85|Common|Gold
5889|Do Not Hesitate to Eat|Opened the bar refrigerator in Section 3.|13430|15 Jul 2018 11:13:31 PM|3104|3531|87.91|Common|Silver
5889|But You Never Helped Her|Completed Section 2.|13429|15 Jul 2018 11:04:43 PM|3148|3531|89.15|Common|Gold
5889|Like my little puzzle?|Opened all the lockers at the front desk in Section 2.|13428|15 Jul 2018 11:02:04 PM|3102|3531|87.85|Common|Silver
5889|I've Always Been Near You|Watched a man and a woman on the TV.|13427|15 Jul 2018 10:46:48 PM|3213|3531|90.99|Common|Bronze
5889|I Want to Play a Game with You|Completed Section 1.|13426|15 Jul 2018 10:39:39 PM|3273|3531|92.69|Common|Gold
5889|Mathew, You're Smart|Successfully combined items for the first time.|13425|15 Jul 2018 10:32:47 PM|3332|3531|94.36|Common|Bronze
5889|Mother's Favorite Melody|Used the piano to play the correct melody in Section 1.|13424|15 Jul 2018 10:26:19 PM|3295|3531|93.32|Common|Silver
5889|This was Prepared Especially for You|Acquired a memo for the first time.|13423|15 Jul 2018 10:25:15 PM|3387|3531|95.92|Common|Bronze
5889|Welcome to Harbour Town|Game launched.|13422|15 Jul 2018 10:23:10 PM|3457|3531|97.9|Common|Bronze
5181|Frankly Ridiculous!|Buy 3000 of Everything on Earth|13421|15 Jul 2018 9:39:41 PM|10451|34581|30.22|Uncommon|Silver
3045|Come Get Some|Complete "Shrapnel City" on any difficulty or in co-op.|13420|15 Jul 2018 5:49:31 PM|4560|62817|7.26|Very Rare|Silver
3045|Oomph, Uugh, Where is it?|Find 70 secret areas.|13419|15 Jul 2018 4:35:17 PM|3437|62817|5.47|Very Rare|Bronze
5221|Transcendent|Survive 15 minutes in Survival OP Mission|13418|15 Jul 2018 2:45:15 AM|1104|2461|44.86|Uncommon|Gold
5221|Indestructible|Survive 10 minutes in Survival OP Mission|13417|15 Jul 2018 2:40:15 AM|1134|2461|46.08|Uncommon|Silver
5221|Unbreakable|Survive 5 minutes in Survival OP Mission|13416|15 Jul 2018 2:35:14 AM|1179|2461|47.91|Uncommon|Bronze
5221|Breaking the Cycle|Complete ACT 03|13415|15 Jul 2018 2:16:29 AM|1225|2461|49.78|Uncommon|Bronze
5221|Few's Company|Complete a COOP Mission with 3 players using Hex, Catalyst and Vanguard|13414|15 Jul 2018 1:41:51 AM|1079|2461|43.84|Uncommon|Bronze
3810|Moves to Spare|Complete an advanced level in less than a quarter of the moves given.|13413|15 Jul 2018 1:24:36 AM|841|1672|50.3|Common|Silver
3810|Speed Demon|Beat an advanced level in less than a third of the time given.|13412|15 Jul 2018 1:08:38 AM|857|1672|51.26|Common|Silver
3810|All Aboard!|Make the locomotive toy!|13411|15 Jul 2018 12:41:26 AM|854|1672|51.08|Common|Bronze
3810|Toy Smasher|Use the hammer to break an opponents toy in multiplayer.|13410|15 Jul 2018 12:26:33 AM|831|1672|49.7|Uncommon|Silver
3810|Double Smash|Smash two lines of crates by combining two powerups.|13409|15 Jul 2018 12:17:16 AM|1249|1672|74.7|Common|Bronze
3810|Shake, Rattle, and Boom|Cause an opponets board to shake in multiplayer.|13408|14 Jul 2018 11:39:31 PM|908|1672|54.31|Common|Bronze
3810|Crates Be Gone|Combine the hammer with a powerup.|13407|14 Jul 2018 10:43:02 PM|1166|1672|69.74|Common|Bronze
3810|No Help Needed|Complete an advanced level without the use of any tools.|13406|14 Jul 2018 10:31:43 PM|1187|1672|70.99|Common|Bronze
3810|Hammer Power|Use the hammer on a toy piece.|13405|14 Jul 2018 10:19:02 PM|1060|1672|63.4|Common|Gold
3810|Twice the Fun|Make two toys in the same level.|13404|14 Jul 2018 2:55:33 PM|1383|1672|82.72|Common|Bronze
3810|First Toy|Make a toy by assembling all the pieces.|13403|14 Jul 2018 2:45:49 PM|1510|1672|90.31|Common|Bronze
3810|Four in a Row|Make a row or column powerup.|13402|14 Jul 2018 2:41:26 PM|1615|1672|96.59|Common|Bronze
5221|Fully Kitted|Have a Helmet, Cape and Alloy equipped at the same time|13401|14 Jul 2018 2:35:36 PM|1698|2461|69.0|Common|Bronze
5221|Fashion Killer|Equip first Cape|13400|14 Jul 2018 2:35:34 PM|1808|2461|73.47|Common|Bronze
5221|Ice Cream Paint Job|Equip first Alloy|13399|14 Jul 2018 2:27:55 PM|1783|2461|72.45|Common|Bronze
5221|Hard Hat Area|Equip first Helmet|13398|14 Jul 2018 2:27:49 PM|1795|2461|72.94|Common|Bronze
5221|A Few of the Same|Complete a COOP Mission with 3 players using 3 of the same class|13397|14 Jul 2018 2:15:33 PM|936|2461|38.03|Uncommon|Bronze
5221|Spark|Reach Level 10 with Catalyst|13396|14 Jul 2018 1:52:51 PM|1075|2461|43.68|Uncommon|Bronze
5221|Scrap Yard|Destroy 1000 enemies|13395|14 Jul 2018 1:45:14 PM|1771|2461|71.96|Common|Bronze
5221|R2-D20|20 Destruction streak|13394|14 Jul 2018 1:36:26 PM|2116|2461|85.98|Common|Bronze
5221|Carbon Connoisseur|Collect 500 Carbon|13393|14 Jul 2018 5:21:39 AM|2016|2461|81.92|Common|Bronze
5221|1337 h4x0r|Decrypt a Master Data Card|13392|14 Jul 2018 5:21:05 AM|1920|2461|78.02|Common|Bronze
5221|The Few, the Proud|Complete a COOP Mission on Singular Difficulty without Reprinting|13391|14 Jul 2018 5:13:04 AM|1176|2461|47.79|Uncommon|Bronze
5221|Disassembled|Destroy 10 Upgraded enemies|13390|14 Jul 2018 5:10:05 AM|1948|2461|79.15|Common|Bronze
5221|Johnny 5|5 Destruction streak|13389|14 Jul 2018 4:17:27 AM|2350|2461|95.49|Common|Bronze
5221|Just the Few of Us|Complete a COOP Mission with 3 players.|13388|14 Jul 2018 4:06:03 AM|1251|2461|50.83|Common|Bronze
5221|Scrapped|Destroy 1 Upgraded enemy|13387|14 Jul 2018 3:43:09 AM|2336|2461|94.92|Common|Bronze
5221|Scrap Heap|Destroy 100 enemies|13386|14 Jul 2018 3:42:10 AM|2242|2461|91.1|Common|Bronze
5221|Carbon Collector|Collect 100 Carbon|13385|14 Jul 2018 3:41:16 AM|2232|2461|90.69|Common|Bronze
5221|Re-charted|Collect an Audiolog|13384|14 Jul 2018 3:38:20 AM|2348|2461|95.41|Common|Bronze
5221|Script Kiddie|Decrypt a Data Card|13383|14 Jul 2018 3:38:15 AM|2385|2461|96.91|Common|Bronze
6050|Lend Me 50,000 Yen?|Completed all Silver Case trophies.|13382|14 Jul 2018 12:23:01 AM|467|1471|31.75|Uncommon|Platinum
6050|White Out prologue|Survived the White Out prologue case.|13381|14 Jul 2018 12:23:01 AM|539|1471|36.64|Uncommon|Gold
6050|A 25th Ward?|Learned about the attempt to build a 25th ward.|13380|14 Jul 2018 12:19:30 AM|537|1471|36.51|Uncommon|Silver
6050|Darkness|Completed the YAMI investigation.|13379|14 Jul 2018 12:05:12 AM|540|1471|36.71|Uncommon|Gold
6050|Light|Completed the HIKARI investigation.|13378|13 Jul 2018 11:57:34 PM|539|1471|36.64|Uncommon|Gold
6050|Love|Completed the AI investigation.|13377|13 Jul 2018 10:42:10 PM|543|1471|36.91|Uncommon|Silver
6050|Turtle Lover|Talked to Red 50 times.|13376|13 Jul 2018 10:13:58 PM|518|1471|35.21|Uncommon|Silver
6050|Moon|Completed the TSUKI investigation.|13375|13 Jul 2018 9:28:46 PM|551|1471|37.46|Uncommon|Silver
6050|Flower|Completed the HANA investigation.|13374|13 Jul 2018 8:17:29 PM|566|1471|38.48|Uncommon|Silver
6050|Dream|Completed the YUME investigation.|13373|13 Jul 2018 7:30:04 PM|614|1471|41.74|Uncommon|Bronze
6050|Resolution?|Survived the Danwa case.|13372|13 Jul 2018 5:47:26 PM|578|1471|39.29|Uncommon|Gold
6050|A New Birth?|Survived the Lifecut case.|13371|13 Jul 2018 5:34:35 PM|583|1471|39.63|Uncommon|Gold
6050|Dancer in the Dark|Collected both volumes of Kurayami Dance.|13370|13 Jul 2018 5:12:12 PM|513|1471|34.87|Uncommon|Silver
6050|Behind the Net|Survived the Kamuidrome case.|13369|13 Jul 2018 4:07:13 PM|596|1471|40.52|Uncommon|Silver
6050|Grand Marshal|Survived the Parade case.|13368|13 Jul 2018 3:05:07 PM|612|1471|41.6|Uncommon|Silver
6050|Investigate Orderly|Read the Mikumo village documents in order.|13367|13 Jul 2018 2:56:39 PM|501|1471|34.06|Uncommon|Bronze
6050|Many Shades|Survived the Spectrum case.|13366|13 Jul 2018 1:55:47 PM|646|1471|43.92|Uncommon|Silver
6050|Your score is in your heart.|Correctly answered all trivia questions.|13365|13 Jul 2018 1:23:32 AM|513|1471|34.87|Uncommon|Gold
6050|My other job is property manager.|Explored the entirety of the Typhoon apartment complex.|13364|13 Jul 2018 1:13:21 AM|526|1471|35.76|Uncommon|Silver
6050|Met Kamui|Survived the Decoyman case.|13363|12 Jul 2018 11:43:10 PM|739|1471|50.24|Common|Bronze
6050|All Green|Completed HIT & BLOW in 5 or fewer attempts.|13362|12 Jul 2018 12:36:29 AM|542|1471|36.85|Uncommon|Silver
6050|It must be important...|Let a phone ring for a long time.|13361|12 Jul 2018 12:00:11 AM|597|1471|40.58|Uncommon|Silver
6050|Follows Orders|Completed the Forest exactly as ordered.|13360|11 Jul 2018 11:41:13 PM|631|1471|42.9|Uncommon|Bronze
6050|Lunatic|Survived the Lunatic case.|13359|11 Jul 2018 11:25:12 PM|992|1471|67.44|Common|Bronze
6050|Living in the Past|Tried to travel into the past.|13358|11 Jul 2018 11:25:12 PM|550|1471|37.39|Uncommon|Silver
6050|Avid Reader|Collected the 2nd Comic Beam.|13357|11 Jul 2018 11:18:12 PM|916|1471|62.27|Common|Bronze
5392|Escape|Complete the story|13356|11 Jul 2018 2:57:52 AM|1008|1720|58.6|Common|Gold
5392|Be Careful|Open the diner door after complete punishment room|13355|11 Jul 2018 2:50:27 AM|981|1720|57.03|Common|Silver
5392|Bathroom Secret|Open the first floor bathroom door after complete master bedroom|13354|11 Jul 2018 2:39:55 AM|1103|1720|64.13|Common|Bronze
5392|Lost and Found|Find the master's lost old hammer|13353|11 Jul 2018 2:37:30 AM|1011|1720|58.78|Common|Bronze
5392|Diner Secret|Try to open the diner door after complete master bedroom|13352|11 Jul 2018 2:32:55 AM|889|1720|51.69|Common|Silver
5392|Anniversary|Pick up the wedding picture in master bedroom|13351|11 Jul 2018 2:30:00 AM|1164|1720|67.67|Common|Bronze
5392|Poem Linger|Play gramophone|13350|11 Jul 2018 2:26:06 AM|1185|1720|68.9|Common|Bronze
5392|Lost Hammer|Find the master's new hammer|13349|11 Jul 2018 2:21:13 AM|1034|1720|60.12|Common|Bronze
5392|Disconnect|Try to dial|13348|11 Jul 2018 2:17:40 AM|1063|1720|61.8|Common|Bronze
5392|Midnight Fairy Tale|Turn on the radio|13347|11 Jul 2018 2:13:14 AM|1205|1720|70.06|Common|Bronze
5392|Three Meals|Find Ayasa's tray|13346|11 Jul 2018 2:11:24 AM|1192|1720|69.3|Common|Bronze
5392|Family of Four|Find the family picture|13345|11 Jul 2018 2:10:13 AM|1390|1720|80.81|Common|Bronze
5392|Ayasa's Room|Try to open Ayasa's door|13344|11 Jul 2018 2:09:15 AM|1413|1720|82.15|Common|Bronze
5392|Uninvited Guest|Put ATong's hat hung on a coat rack|13343|11 Jul 2018 2:08:12 AM|1508|1720|87.67|Common|Bronze
6421|Wheel of Fate|Defeat the ghost captain Kristic.|13342|11 Jul 2018 2:00:46 AM|52|173|30.06|Uncommon|Gold
6421|Freedom|Clear the Prison scene.|13341|11 Jul 2018 1:49:20 AM|59|173|34.1|Uncommon|Bronze
6421|Revenge to Magellan|Defeat all enemies in Prison scene.|13340|11 Jul 2018 1:38:11 AM|57|173|32.95|Uncommon|Silver
6421|The Legendary Weapon|Equip the mermaid Bow gun.|13339|11 Jul 2018 1:24:43 AM|65|173|37.57|Uncommon|Bronze
6421|Hunt the Navy|Defeat all enemies in navy post.|13338|10 Jul 2018 11:53:06 PM|76|173|43.93|Uncommon|Silver
6421|Watch out for Tornado|Killed by the tornado.|13337|10 Jul 2018 11:45:59 PM|59|173|34.1|Uncommon|Bronze
6421|Hello Makasi|Save Makas on the sea.|13336|10 Jul 2018 11:42:01 PM|68|173|39.31|Uncommon|Bronze
6421|Rampage|Defeat all enemies on the way to the bar.|13335|10 Jul 2018 11:41:39 PM|55|173|31.79|Uncommon|Silver
6421|To the Black Market|Defeat all enemies on the way to black market.|13334|10 Jul 2018 11:28:29 PM|110|173|63.58|Common|Silver
6421|Hello Daidai|Save Daidai on the sea.|13333|10 Jul 2018 11:22:14 PM|147|173|84.97|Common|Bronze
7754|A Better Future, Underground|Upgrade 20 Rooms to Level 3|13332|9 Jul 2018 11:54:08 PM|7790|27934|27.89|Uncommon|Silver
2383|The Sacrifice|Complete "The Sacrifice" quest|13331|9 Jul 2018 12:31:08 AM|2362|2362|8.0|Very Rare|Gold
5548|Hobble Bobble|Collect all the items (D.A.R. Bobbleheads) on DieSector|13330|8 Jul 2018 10:39:02 PM|5043|75348|4.34|Ultra Rare|Bronze
5548|Power Out!|Collect all the items (Batteries) on Power Core|13329|8 Jul 2018 10:13:18 PM|5377|75348|4.63|Ultra Rare|Bronze
5548|Shocking Discovery!|Collect all the items (Batteries) on Lockdown|13328|8 Jul 2018 9:55:51 PM|4022|75348|3.46|Ultra Rare|Bronze
5548|Powered by Steam|Collect all the items (Steam Cells) on Airship|13327|8 Jul 2018 9:39:51 PM|4303|75348|3.71|Ultra Rare|Bronze
7754|Overseer|Level up a Dweller from Level 1 to 50|13326|8 Jul 2018 3:17:48 PM|6914|27934|24.75|Uncommon|Silver
7531|Centenial Slugger|Hit 100 Home Runs|13325|7 Jul 2018 10:09:15 PM|32|68|47.06|Uncommon|Gold
5884|Where is Shirley?|Completed Section 3.|13324|7 Jul 2018 9:15:28 PM|825|1702|48.47|Uncommon|Gold
5884|And Yet Another Safe|Opened the safe in the kitchen in Section 3.|13323|7 Jul 2018 9:06:47 PM|833|1702|48.94|Uncommon|Silver
5884|I hate the darkness!|Turned off the light in the kitchen in Section 3.|13322|7 Jul 2018 9:06:05 PM|837|1702|49.18|Uncommon|Bronze
5884|Shirley, I Will Find You No Matter What|Completed Section 2.|13321|7 Jul 2018 9:03:56 PM|887|1702|52.12|Common|Silver
5884|How many doors are there?|Opened all the lockers at the front desk in Section 2.|13320|7 Jul 2018 9:01:29 PM|886|1702|52.06|Common|Silver
5884|A Strangely Familiar Radio|Listened to the radio broadcast in Section 2.|13319|7 Jul 2018 8:48:12 PM|925|1702|54.35|Common|Bronze
5884|Who are they?|Watched both the man and the woman on the TV.|13318|7 Jul 2018 8:34:03 PM|1034|1702|60.75|Common|Bronze
5884|What the heck is going on?|Completed Section 1.|13317|7 Jul 2018 8:29:52 PM|1152|1702|67.69|Common|Silver
5884|Twinkle, Twinkle, Little Star|Played the correct tune on the piano in Section 1.|13316|7 Jul 2018 8:20:22 PM|1239|1702|72.8|Common|Silver
5884|Now This Will Come in Handy|Combined items successfully for the first time.|13315|7 Jul 2018 8:19:29 PM|1329|1702|78.08|Common|Bronze
5884|A Letter from Harbour Town|Game launched.|13314|7 Jul 2018 8:15:03 PM|1656|1702|97.3|Common|Bronze
6494|Difficult|Finish the game in 60 minutes.|13313|7 Jul 2018 8:04:40 PM|489|637|76.77|Common|Bronze
6494|Unbelievable|Finish the game in 15 minutes.|13312|7 Jul 2018 8:04:39 PM|245|637|38.46|Uncommon|Gold
6494|Experienced|Finish the game in 30 minutes.|13311|7 Jul 2018 8:04:39 PM|458|637|71.9|Common|Silver
6494|True horror|Meet Daisy on the drawbridge.|13310|7 Jul 2018 8:01:49 PM|493|637|77.39|Common|Bronze
6494|Complete memory|Get 4 pieces of photos.|13309|7 Jul 2018 8:01:27 PM|493|637|77.39|Common|Silver
6494|Sealed memory|Get 3 pieces of photos.|13308|7 Jul 2018 8:01:04 PM|495|637|77.71|Common|Bronze
6494|Wise man|Open the safe.|13307|7 Jul 2018 8:01:03 PM|495|637|77.71|Common|Silver
6494|Faith|Get the Bible.|13306|7 Jul 2018 7:59:33 PM|432|637|67.82|Common|Bronze
6494|Room Escape|Escape from the maze.|13305|7 Jul 2018 7:58:51 PM|502|637|78.81|Common|Bronze
6494|Broken memory|Get 2 pieces of photos.|13304|7 Jul 2018 7:57:00 PM|510|637|80.06|Common|Bronze
6494|First touched|Get 1 pieces of photos.|13303|7 Jul 2018 7:56:08 PM|528|637|82.89|Common|Bronze
6494|Masterwork|Complete the bookshelf puzzle.|13302|7 Jul 2018 7:55:53 PM|540|637|84.77|Common|Bronze
6494|Reunion|Meet Daisy in the living room.|13301|7 Jul 2018 7:55:29 PM|562|637|88.23|Common|Bronze
3045|Let's Rock|Complete "Lunar Apocalypse" on any difficulty or in co-op.|13300|7 Jul 2018 1:36:05 AM|5296|62817|8.43|Very Rare|Bronze
3045|Duke's Mighty Foot|Step on 40 enemies after using the Shrinker on them.|13299|6 Jul 2018 5:23:36 PM|5255|62817|8.37|Very Rare|Bronze
3045|Piece of Cake|Complete "L.A. Meltdown" on any difficulty or in co-op.|13298|6 Jul 2018 4:21:49 AM|9518|62817|15.15|Rare|Bronze
6772|SQUAREBOY VS BULLIES|DEFEAT ALL THE BULLIES|13297|5 Jul 2018 9:49:35 PM|788|914|86.21|Common|Platinum
6772|BULLYING IS UNCOOL|FINISH THE GAME|13296|5 Jul 2018 9:49:35 PM|790|914|86.43|Common|Gold
6772|BIGGER THEY ARE, HARDER THEY FALL|DEFEAT BIG BOSS BULLY|13295|5 Jul 2018 9:49:12 PM|790|914|86.43|Common|Gold
6772|A BLACK ROBE ALONE MAKETH NOT THE NINJA|DEFEAT NINJA BULLY ON THE SHIP DECK|13294|5 Jul 2018 9:19:51 PM|816|914|89.28|Common|Gold
6772|GOTCHA SLIPPERY NINJA|THROW A CRATE ON THE NINJA BULLY ON THE SHIP DECK|13293|5 Jul 2018 9:19:27 PM|812|914|88.84|Common|Gold
6772|STAND UP FOR EVERYONE|DEFEAT 300 BULLIES|13292|5 Jul 2018 8:58:55 PM|827|914|90.48|Common|Gold
6772|EARLY DELIVERY|HIT AN ENEMY WITH A CRATE|13291|5 Jul 2018 8:47:06 PM|820|914|89.72|Common|Silver
6772|WEAPONS MASTER|HIT ENEMIES BEHIND AND IN FRONT OF YOU WITH A SINGLE SWING OF A WEAPON|13290|5 Jul 2018 8:33:40 PM|838|914|91.68|Common|Gold
6772|UNLEASHED|HIT AN ENEMY WITH A CHAIN|13289|5 Jul 2018 8:29:28 PM|857|914|93.76|Common|Silver
6772|BANDANAS ARE SILLY|DEFEAT BANDANA BULLY ON THE HIDEOUT ROOFTOP|13288|5 Jul 2018 8:29:28 PM|857|914|93.76|Common|Gold
6772|HOMERUN|HIT AN ENEMY WITH A BASEBALL BAT|13287|5 Jul 2018 8:29:15 PM|854|914|93.44|Common|Silver
6772|STAND UP FOR YOUR FRIENDS|DEFEAT 100 BULLIES|13286|5 Jul 2018 8:26:44 PM|869|914|95.08|Common|Silver
6772|TAKING OUT THE TRASH|HIT AN ENEMY WITH A TRASH CAN|13285|5 Jul 2018 8:26:36 PM|863|914|94.42|Common|Silver
6772|BOXING CHAMP|HIT AN ENEMY WITH A BOX|13284|5 Jul 2018 8:23:52 PM|873|914|95.51|Common|Silver
6772|TIRE OR TYRE?|HIT AN ENEMY WITH A TIRE|13283|5 Jul 2018 8:19:40 PM|889|914|97.26|Common|Silver
6772|STAND UP FOR YOURSELF|DEFEAT 10 BULLIES|13282|5 Jul 2018 8:16:10 PM|904|914|98.91|Common|Bronze
6772|HAYEAHH|THROW AN ENEMY|13281|5 Jul 2018 8:15:56 PM|892|914|97.59|Common|Bronze
6772|EYES AT THE BACK|HIT AN ENEMY WITH A BACK PUNCH|13280|5 Jul 2018 8:15:38 PM|902|914|98.69|Common|Silver
6772|TRAINING|DESTROY ALL THE DUMMIES IN THE DOJO|13279|5 Jul 2018 8:13:29 PM|907|914|99.23|Common|Bronze
6772|STRIKER|HIT AN ENEMY WITH A STRIKE COMBO|13278|5 Jul 2018 8:13:20 PM|908|914|99.34|Common|Bronze
6772|WHAT A KICK|HIT AN ENEMY WITH A JUMP KICK|13277|5 Jul 2018 8:13:14 PM|908|914|99.34|Common|Bronze
6772|UPPERCUT HERO|HIT AN ENEMY WITH A JUMP PUNCH|13276|5 Jul 2018 8:13:11 PM|907|914|99.23|Common|Bronze
6772|A CLEAN SWEEP|HIT AN ENEMY WITH A SPIN KICK|13275|5 Jul 2018 8:12:51 PM|887|914|97.05|Common|Silver
6772|LIKE A TORNADO|HIT AN ENEMY WITH A SPIN PUNCH|13274|5 Jul 2018 8:12:48 PM|890|914|97.37|Common|Bronze
6772|GOTCHA|GRAB AN ENEMY|13273|5 Jul 2018 8:12:40 PM|908|914|99.34|Common|Bronze
6772|SO FAST|HIT AN ENEMY WITH A DASH ATTACK|13272|5 Jul 2018 8:12:38 PM|898|914|98.25|Common|Bronze
6772|KNOWLEDGE IS KEY|OPEN THE MOVES LIST IN THE PAUSED MENU|13271|5 Jul 2018 8:12:30 PM|897|914|98.14|Common|Bronze
6158|Showdown Completion|Complete all Puzzle Showdown 4K Trophies|13270|5 Jul 2018 3:43:20 AM|4323|5271|82.01|Common|Platinum
6158|Puzzle Champion|Complete 50 Puzzles|13269|5 Jul 2018 3:43:20 AM|4385|5271|83.19|Common|Gold
6158|Relaxation Station|Complete a puzzle with scoring disabled|13268|5 Jul 2018 2:52:05 AM|5113|5271|97.0|Common|Bronze
6158|Line of Five|Complete a Line Bonus of 5 pieces or more|13267|5 Jul 2018 2:49:36 AM|4589|5271|87.06|Common|Gold
6158|Showdown Champion|10 Competitive Wins|13266|5 Jul 2018 2:46:32 AM|4475|5271|84.9|Common|Gold
6158|Showdown Underdog|Come back from a 1000 point deficit in showdown|13265|5 Jul 2018 2:34:35 AM|4483|5271|85.05|Common|Gold
6158|Triple Jig|Complete 3rd Puzzle|13264|5 Jul 2018 2:34:33 AM|4956|5271|94.02|Common|Silver
6158|Showdown Winner|1 Competitive Win|13263|5 Jul 2018 2:30:01 AM|4645|5271|88.12|Common|Gold
6158|First Showdown|Compete against another player|13262|5 Jul 2018 2:30:00 AM|4658|5271|88.37|Common|Silver
6158|Another's Treasure|Complete an Another's Treasure Bonus twice in one Showdown|13261|5 Jul 2018 2:29:55 AM|4455|5271|84.52|Common|Gold
6158|Puzzle Connoisseur|Complete a 510-piece Puzzle|13260|5 Jul 2018 2:20:55 AM|4652|5271|88.26|Common|Gold
6158|Puzzle Master|Complete a 510-piece Puzzle in under 2 hours|13259|5 Jul 2018 2:20:50 AM|4555|5271|86.42|Common|Gold
6158|Do a Jig|Complete 1st Puzzle|13258|5 Jul 2018 2:20:49 AM|5180|5271|98.27|Common|Bronze
6158|Ithsmus Be Difficult|Complete an Isthmus Bonus of 15 or more pieces|13257|5 Jul 2018 1:50:00 AM|4871|5271|92.41|Common|Gold
6158|Triple Speed Streak|Complete 3 Speed Streak Bonuses in a row|13256|5 Jul 2018 1:24:03 AM|4901|5271|92.98|Common|Silver
6158|Accuracy Streak|Complete 5 Accuracy Bonuses in a row|13255|5 Jul 2018 12:01:05 AM|4925|5271|93.44|Common|Silver
6158|Showdown Boon|Complete two 30-point or higher Bonus Points in one Showdown|13254|5 Jul 2018 12:01:00 AM|4941|5271|93.74|Common|Silver
7020|SQUAREBOY VS BULLIES|DEFEAT ALL THE BULLIES|13253|4 Jul 2018 11:48:17 PM|1689|1899|88.94|Common|Platinum
7020|BULLYING IS UNCOOL|FINISH THE GAME|13252|4 Jul 2018 11:48:17 PM|1691|1899|89.05|Common|Gold
7020|BIGGER THEY ARE, HARDER THEY FALL|DEFEAT BIG BOSS BULLY|13251|4 Jul 2018 11:47:00 PM|1691|1899|89.05|Common|Gold
7020|A BLACK ROBE ALONE MAKETH NOT THE NINJA|DEFEAT NINJA BULLY ON THE SHIP DECK|13250|4 Jul 2018 11:03:44 PM|1744|1899|91.84|Common|Gold
7020|GOTCHA SLIPPERY NINJA|THROW A CRATE ON THE NINJA BULLY ON THE SHIP DECK|13249|4 Jul 2018 11:03:00 PM|1736|1899|91.42|Common|Gold
7020|STAND UP FOR EVERYONE|DEFEAT 300 BULLIES|13248|4 Jul 2018 10:46:34 PM|1759|1899|92.63|Common|Gold
7020|EARLY DELIVERY|HIT AN ENEMY WITH A CRATE|13247|4 Jul 2018 10:46:10 PM|1751|1899|92.21|Common|Silver
3045|Hail to the King, Baby|Earn respect and get 500 total kills in ranked Dukematch games (Online).|13246|4 Jul 2018 9:44:42 PM|1748|62817|2.78|Ultra Rare|Bronze
3045|See You in Hell|Get 250 total kills in ranked Dukematch games (Online).|13245|4 Jul 2018 8:52:42 PM|1830|62817|2.91|Ultra Rare|Bronze
3045|Gonna Rip Em' a New One|Get 100 total kills in ranked Dukematch games (Online).|13244|4 Jul 2018 5:00:43 PM|2054|62817|3.27|Ultra Rare|Bronze
3045|Looks Like Cleanup on Aisle 4|Step in a pile of excrement.|13243|4 Jul 2018 4:27:32 PM|9672|62817|15.4|Rare|Bronze
7020|BANDANAS ARE SILLY|DEFEAT BANDANA BULLY ON THE HIDEOUT ROOFTOP|13242|4 Jul 2018 6:33:34 AM|1797|1899|94.63|Common|Gold
7020|WEAPONS MASTER|HIT ENEMIES BEHIND AND IN FRONT OF YOU WITH A SINGLE SWING OF A WEAPON|13241|4 Jul 2018 6:33:33 AM|1783|1899|93.89|Common|Gold
7020|UNLEASHED|HIT AN ENEMY WITH A CHAIN|13240|4 Jul 2018 6:33:27 AM|1799|1899|94.73|Common|Silver
7020|HOMERUN|HIT AN ENEMY WITH A BASEBALL BAT|13239|4 Jul 2018 6:33:20 AM|1798|1899|94.68|Common|Silver
7020|STAND UP FOR YOUR FRIENDS|DEFEAT 100 BULLIES|13238|4 Jul 2018 6:30:32 AM|1817|1899|95.68|Common|Silver
7020|TAKING OUT THE TRASH|HIT AN ENEMY WITH A TRASH CAN|13237|4 Jul 2018 6:30:25 AM|1807|1899|95.16|Common|Silver
7020|BOXING CHAMP|HIT AN ENEMY WITH A BOX|13236|4 Jul 2018 6:26:57 AM|1821|1899|95.89|Common|Silver
7020|TIRE OR TYRE?|HIT AN ENEMY WITH A TIRE|13235|4 Jul 2018 6:22:19 AM|1843|1899|97.05|Common|Silver
7020|STAND UP FOR YOURSELF|DEFEAT 10 BULLIES|13234|4 Jul 2018 6:18:20 AM|1880|1899|99.0|Common|Bronze
7020|SO FAST|HIT AN ENEMY WITH A DASH ATTACK|13233|4 Jul 2018 6:17:57 AM|1863|1899|98.1|Common|Bronze
7020|EYES AT THE BACK|HIT AN ENEMY WITH A BACK PUNCH|13232|4 Jul 2018 6:16:40 AM|1883|1899|99.16|Common|Silver
7020|TRAINING|DESTROY ALL THE DUMMIES IN THE DOJO|13231|4 Jul 2018 6:15:46 AM|1885|1899|99.26|Common|Bronze
7020|HAYEAHH|THROW AN ENEMY|13230|4 Jul 2018 6:15:44 AM|1874|1899|98.68|Common|Bronze
7020|GOTCHA|GRAB AN ENEMY|13229|4 Jul 2018 6:15:38 AM|1887|1899|99.37|Common|Bronze
7020|STRIKER|HIT AN ENEMY WITH A STRIKE COMBO|13228|4 Jul 2018 6:15:32 AM|1883|1899|99.16|Common|Bronze
7020|A CLEAN SWEEP|HIT AN ENEMY WITH A SPIN KICK|13227|4 Jul 2018 6:15:10 AM|1840|1899|96.89|Common|Silver
7020|WHAT A KICK|HIT AN ENEMY WITH A JUMP KICK|13226|4 Jul 2018 6:14:44 AM|1886|1899|99.32|Common|Bronze
7020|UPPERCUT HERO|HIT AN ENEMY WITH A JUMP PUNCH|13225|4 Jul 2018 6:14:42 AM|1886|1899|99.32|Common|Bronze
7020|LIKE A TORNADO|HIT AN ENEMY WITH A SPIN PUNCH|13224|4 Jul 2018 6:14:38 AM|1848|1899|97.31|Common|Bronze
7020|KNOWLEDGE IS KEY|OPEN THE MOVES LIST IN THE PAUSED MENU|13223|4 Jul 2018 6:13:12 AM|1866|1899|98.26|Common|Bronze
7523|Father and Son|Obtain all other trophies|13222|4 Jul 2018 5:58:37 AM|39639|120443|32.91|Uncommon|Platinum
7523|Chooser of the Slain|Defeat the nine Valkyries|13221|4 Jul 2018 5:58:37 AM|48995|120443|40.68|Uncommon|Gold
7523|Curator|Collect all of the Artifacts|13220|4 Jul 2018 5:41:33 AM|42957|120443|35.67|Uncommon|Silver
7523|Allfather Blinded|Kill all of Odin’s Ravens|13219|4 Jul 2018 5:33:32 AM|41891|120443|34.78|Uncommon|Silver
7523|The Truth|Read all of the Jötnar shrines|13218|4 Jul 2018 5:12:34 AM|52255|120443|43.39|Uncommon|Silver
7523|Unfinished Business|Assist all of the wayward spirits|13217|4 Jul 2018 5:07:11 AM|66703|120443|55.38|Common|Silver
7523|Treasure Hunter|Use treasure maps to find all of the dig spots|13216|4 Jul 2018 5:02:29 AM|43396|120443|36.03|Uncommon|Silver
7523|Death Happened Here|Fully explore Veithurgard|13215|4 Jul 2018 3:59:44 AM|75593|120443|62.76|Common|Bronze
7523|Dangerous Skies|Free all of the Dragons|13214|4 Jul 2018 3:53:59 AM|65735|120443|54.58|Common|Silver
7523|Beneath the Surface|Explore all the Lake of Nine has to offer|13213|4 Jul 2018 3:06:10 AM|67593|120443|56.12|Common|Bronze
7523|Like Oil and Water|Complete all of Brok and Sindri’s Favors|13212|4 Jul 2018 2:20:31 AM|70297|120443|58.37|Common|Gold
7523|Quick Tempered|Fully upgrade your rage|13211|4 Jul 2018 12:38:44 AM|63696|120443|52.88|Common|Silver
7531|Commander-In-Chief|Hit 25 home runs in Nationals Park|13210|3 Jul 2018 9:10:33 PM|39|68|57.35|Common|Silver
7531|Rock and Roller|Hit 25 home runs in Progressive Field|13209|3 Jul 2018 8:52:33 PM|35|68|51.47|Common|Silver
7531|50k? No problem|Earn 50,000 points|13208|3 Jul 2018 8:49:05 PM|30|68|44.12|Uncommon|Silver
7531|Back To Back To Back|hit 3 HR in a row|13207|3 Jul 2018 8:47:17 PM|55|68|80.88|Common|Silver
7531|South Beach Swatter|Hit 25 home runs in Marlins Park|13206|3 Jul 2018 8:41:17 PM|35|68|51.47|Common|Silver
7232|Platinum Midnight|Unlock all the trophies.|13205|3 Jul 2018 8:33:36 PM|3233|3311|97.64|Common|Platinum
7232|Expert|Complete 40 levels.|13204|3 Jul 2018 8:33:36 PM|3236|3311|97.73|Common|Gold
7232|Stunned|Die by a laser.|13203|3 Jul 2018 8:24:01 PM|3244|3311|97.98|Common|Gold
7232|Stabbed|Die by a spike.|13202|3 Jul 2018 8:10:06 PM|3280|3311|99.06|Common|Gold
7232|Professional|Complete 20 levels.|13201|3 Jul 2018 8:10:00 PM|3254|3311|98.28|Common|Gold
7232|Not squared anymore|Die by a saw.|13200|3 Jul 2018 8:07:33 PM|3274|3311|98.88|Common|Gold
7232|Improving|Complete 10 levels.|13199|3 Jul 2018 8:01:32 PM|3278|3311|99.0|Common|Gold
7232|Engineer|Pull a lever.|13198|3 Jul 2018 7:59:47 PM|3287|3311|99.28|Common|Gold
7232|Starter|Complete 5 levels.|13197|3 Jul 2018 7:59:31 PM|3289|3311|99.34|Common|Gold
7232|Went to explore|Die by getting out of a level.|13196|3 Jul 2018 7:59:16 PM|3295|3311|99.52|Common|Gold
7232|You made it|Complete level 4 making Midnight's friend smile.|13195|3 Jul 2018 7:59:01 PM|3267|3311|98.67|Common|Gold
7232|Making friends|Bump into one of Midnight's friends.|13194|3 Jul 2018 7:58:56 PM|3292|3311|99.43|Common|Silver
7232|Not overworking|Get 3 stars in one level.|13193|3 Jul 2018 7:57:58 PM|3299|3311|99.64|Common|Gold
7232|Go into the light|Complete level 1.|13192|3 Jul 2018 7:57:57 PM|3305|3311|99.82|Common|Silver
7112|Energy Invasion Platinum|Good job! Completed all tasks!|13191|3 Jul 2018 7:56:28 PM|2053|2623|78.27|Common|Platinum
7112|Persistence|Linear mode complete!|13190|3 Jul 2018 7:56:28 PM|2062|2623|78.61|Common|Gold
7112|Strip|Passed level 20 in Linear mode|13189|3 Jul 2018 7:32:14 PM|2150|2623|81.97|Common|Gold
7112|Direction|Passed level 15 in Linear mode|13188|3 Jul 2018 7:18:25 PM|2265|2623|86.35|Common|Silver
7112|Linearity|Passed level 10 in Linear mode|13187|3 Jul 2018 7:12:09 PM|2278|2623|86.85|Common|Silver
7112|Parallelism|Passed level 5 in Linear mode|13186|3 Jul 2018 7:07:51 PM|2302|2623|87.76|Common|Bronze
7523|Iðunn’s Orchard|Fully upgrade your Health|13185|3 Jul 2018 12:20:49 AM|66047|120443|54.84|Common|Silver
7531|I Got 5 On It|hit 5 bonus targets|13184|2 Jul 2018 11:15:11 PM|40|68|58.82|Common|Bronze
7531|The Sweet Spot|Hit 10 home runs with launch angle between 25-35 degrees|13183|2 Jul 2018 10:59:36 PM|49|68|72.06|Common|Silver
7531|Right Hander|Play a round as a right handed batter|13182|2 Jul 2018 10:48:49 PM|66|68|97.06|Common|Bronze
7531|That still only counts as one!|Hit a home run further than 520 feet|13181|2 Jul 2018 10:48:11 PM|57|68|83.82|Common|Gold
7531|Going, Going, Gone|Hit a home run further than 460 feet|13180|2 Jul 2018 10:48:10 PM|65|68|95.59|Common|Silver
7531|Welcome to the Big Leagues!|Hit your first Home Run|13179|2 Jul 2018 10:48:09 PM|68|68|100.0|Common|Bronze
7531|Left Hander|Play a round as a left handed batter|13178|2 Jul 2018 10:43:06 PM|51|68|75.0|Common|Bronze
7531|He's on fire!|hit a ball with 105 MPH exit velocity|13177|2 Jul 2018 10:41:54 PM|68|68|100.0|Common|Silver
7531|It's Outta Here!|Hit a ball with 125 MPH exit velocity|13176|2 Jul 2018 10:41:54 PM|50|68|73.53|Common|Gold
7523|Darkness and Fog|Retrieve all treasure from the Workshop’s center chamber|13175|2 Jul 2018 12:27:36 AM|48189|120443|40.01|Uncommon|Gold
7523|Worthy|Fully upgrade the Leviathan Axe|13174|1 Jul 2018 9:51:59 PM|54649|120443|45.37|Uncommon|Bronze
2434|Legendary|Win all trophies in the game!|13173|1 Jul 2018 7:23:10 PM|4728|115985|4.08|Ultra Rare|Platinum
2434|On the way to the top!|Win a Silver cup at the end of a Challenge|13172|1 Jul 2018 7:23:10 PM|39327|115985|33.91|Uncommon|Bronze
2434|First steps|Win a Bronze cup at the end of a Challenge|13171|1 Jul 2018 7:23:08 PM|50495|115985|43.54|Uncommon|Bronze
7523|Why Fight It?|Fully upgrade the Blades of Chaos|13170|1 Jul 2018 5:49:04 PM|57292|120443|47.57|Uncommon|Bronze
7523|Fire and Brimstone|Complete all of the Trials of Muspelheim|13169|1 Jul 2018 5:45:10 PM|49415|120443|41.03|Uncommon|Gold
7523|All Will Fall|Kill 2,000 Enemies|13168|1 Jul 2018 2:57:37 PM|74868|120443|62.16|Common|Silver
7233|Platinum Midnight|Unlock all the trophies.|13167|1 Jul 2018 5:40:09 AM|1198|1244|96.3|Common|Platinum
7233|You made it|Complete level 4 making Midnight's friend smile.|13166|1 Jul 2018 5:40:09 AM|1225|1244|98.47|Common|Gold
7233|Expert|Complete 40 levels.|13165|1 Jul 2018 5:38:09 AM|1202|1244|96.62|Common|Gold
7233|Stunned|Die by a laser.|13164|1 Jul 2018 5:32:09 AM|1206|1244|96.95|Common|Gold
7233|Professional|Complete 20 levels.|13163|1 Jul 2018 5:18:09 AM|1215|1244|97.67|Common|Gold
7233|Not squared anymore|Die by a saw.|13162|1 Jul 2018 5:09:37 AM|1228|1244|98.71|Common|Gold
7233|Improving|Complete 10 levels.|13161|1 Jul 2018 5:03:17 AM|1233|1244|99.12|Common|Gold
7233|Stabbed|Die by a spike.|13160|1 Jul 2018 5:00:45 AM|1232|1244|99.04|Common|Gold
7233|Engineer|Pull a lever.|13159|1 Jul 2018 4:58:54 AM|1236|1244|99.36|Common|Gold
7233|Starter|Complete 5 levels.|13158|1 Jul 2018 4:58:04 AM|1237|1244|99.44|Common|Gold
7233|Went to explore|Die by getting out of a level.|13157|1 Jul 2018 4:57:37 AM|1239|1244|99.6|Common|Gold
7233|Making friends|Bump into one of Midnight's friends.|13156|1 Jul 2018 4:57:03 AM|1238|1244|99.52|Common|Silver
7233|Not overworking|Get 3 stars in one level.|13155|1 Jul 2018 4:53:22 AM|1239|1244|99.6|Common|Gold
7233|Go into the light|Complete level 1.|13154|1 Jul 2018 4:53:20 AM|1242|1244|99.84|Common|Silver
3045|Shake It Baby|Tip an exotic dancer.|13153|1 Jul 2018 4:07:04 AM|28708|62817|45.7|Uncommon|Bronze
3045|Alien Maggots are Gonna Pay|Finish the "Hollywood Holocaust" level in under 3 minutes.|13152|1 Jul 2018 3:53:47 AM|5964|62817|9.49|Very Rare|Bronze
7523|Last Wish|Spread the ashes|13151|1 Jul 2018 1:45:23 AM|86150|120443|71.53|Common|Gold
7523|Twilight Beckons|Defeat Baldur|13150|1 Jul 2018 1:24:22 AM|86790|120443|72.06|Common|Bronze
7523|Primordial|Obtain Ancient armor set|13149|1 Jul 2018 12:29:28 AM|52594|120443|43.67|Uncommon|Bronze
7523|Path of the Zealot|Obtain Traveler armor set|13148|1 Jul 2018 12:28:44 AM|56724|120443|47.1|Uncommon|Bronze
2434|Just kick it!|Win one Kung Foot game|13147|1 Jul 2018 12:24:44 AM|41701|115985|35.95|Uncommon|Bronze
2434|The chosen one|Rescue all the kidnapped Teensies|13146|1 Jul 2018 12:16:49 AM|12996|115985|11.2|Rare|Gold
2434|Truly awesome!|Reach the final level of Awesomeness|13145|1 Jul 2018 12:16:48 AM|4904|115985|4.23|Ultra Rare|Silver
2434|Silver Addict|Win all the Silver Cups from the paintings|13144|1 Jul 2018 12:16:20 AM|13205|115985|11.39|Rare|Bronze
2434|Bronze Addict|Win all the Bronze Cups from the paintings|13143|1 Jul 2018 12:16:19 AM|13574|115985|11.7|Rare|Bronze
2434|Gold Addict|Win all the Gold Cups from the paintings|13142|1 Jul 2018 12:16:15 AM|11068|115985|9.54|Very Rare|Bronze
2434|Diamond Addict|Win all the Diamond Cups from the World paintings|13141|1 Jul 2018 12:16:13 AM|13005|115985|11.21|Rare|Silver
2434|I just love them!|Win all the creatures|13140|1 Jul 2018 12:10:53 AM|14353|115985|12.37|Rare|Silver
2434|Scratch me!|Win and scratch all the lucky tickets|13139|1 Jul 2018 12:10:41 AM|13671|115985|11.79|Rare|Silver
