3043|Cookie Monstah|Defeat Cobos and collect his key part.|13624|31 Jul 2018 5:48:22 PM|244|527|46.3|Uncommon|Bronze
7943|Egypt Tourist|Reveal any photo of Egypt|13623|30 Jul 2018 10:54:15 AM|27|69|39.13|Uncommon|Bronze
7943|Mexico Tourist|Reveal any photo of Mexico|13622|30 Jul 2018 10:25:42 AM|29|69|42.03|Uncommon|Bronze
7943|Las Vegas Tourist|Reveal any photo of Las Vegas|13621|30 Jul 2018 10:17:14 AM|29|69|42.03|Uncommon|Bronze
7943|Australia Tourist|Reveal any photo of Australia|13620|30 Jul 2018 9:04:02 AM|32|69|46.38|Uncommon|Bronze
3278|Souvenir form the third kind|Get an Mr.Researcher doll.|13619|29 Jul 2018 9:05:10 PM|306|634|48.26|Uncommon|Bronze
3278|Watch Out for This Guy|Clear Stage 2|13618|29 Jul 2018 8:50:39 PM|401|634|63.25|Common|Bronze
3278|Deep in Thought|Get 40000 score in Survive Mode.|13617|29 Jul 2018 8:36:48 PM|357|634|56.31|Common|Bronze
7943|Italy Tourist|Reveal any photo of Italy|13616|29 Jul 2018 8:29:20 AM|33|69|47.83|Uncommon|Bronze
2340|The Deep End|Defeat an Elder Guardian.|13615|28 Jul 2018 9:02:35 PM|1549|6263|3.46|Ultra Rare|Silver
7943|Russia Tourist|Reveal any photo of Russia|13614|28 Jul 2018 5:09:08 PM|35|69|50.72|Common|Bronze
7943|France Tourist|Reveal any photo of France|13613|28 Jul 2018 4:51:25 PM|48|69|69.57|Common|Bronze
7943|Japan Sightseer|Complete the album page for Japan|13612|28 Jul 2018 4:25:11 PM|30|69|43.48|Uncommon|Silver
2863|Taste of Your Own Medicine|Poison a Witch with a Splash Potion.|13611|27 Jul 2018 7:12:40 PM|5889|44707|4.8|Ultra Rare|Silver
7943|Black and White|Solve a puzzle without seeing any red|13610|26 Jul 2018 9:13:25 PM|40|69|57.97|Common|Gold
7943|The Beaten Path|Reveal 1000 different moves using Show Next Move|13609|26 Jul 2018 6:20:48 PM|32|69|46.38|Uncommon|Gold
7943|The Scenic Route|Solve a puzzle without using the Smart Cursor once|13608|26 Jul 2018 5:24:30 PM|49|69|71.01|Common|Gold
7943|Retrace Your Steps|Restart any puzzle|13607|26 Jul 2018 12:25:13 PM|44|69|63.77|Common|Silver
7943|Just Follow Your Nose|Solve a puzzle without using Show Next Move|13606|26 Jul 2018 12:22:55 PM|51|69|73.91|Common|Gold
7943|Phrase Book|Read the tutorial in every in-game language|13605|26 Jul 2018 9:19:28 AM|46|69|66.67|Common|Silver
7943|Japan Tourist|Reveal any photo of Japan|13604|25 Jul 2018 9:33:20 PM|58|69|84.06|Common|Bronze
7943|Comfort Stop|Resume a partially completed puzzle|13603|25 Jul 2018 9:09:01 PM|60|69|86.96|Common|Silver
7943|Venture Forth!|Complete the tutorial|13602|25 Jul 2018 9:05:05 PM|66|69|95.65|Common|Bronze
2863|Dry Spell|Dry a Sponge in a Furnace.|13601|24 Jul 2018 8:55:50 PM|9139|12285|14.21|Rare|Bronze
2863|Super Sonic|Use an Elytra to fly through a 1 by 1 gap while moving faster than 40 m/s.|13600|24 Jul 2018 8:36:14 PM|5357|12285|8.33|Very Rare|Gold
3690|Square tapper|Tap 500 blue squares|13599|24 Jul 2018 8:30:48 PM|1338|2526|52.97|Common|Bronze
3690|On your last legs|Finish a level in the last tenth of a second|13598|24 Jul 2018 8:27:54 PM|1413|2526|55.94|Common|Bronze
3690|Winning with style|Get 3 Squariness in a level|13597|24 Jul 2018 8:18:29 PM|2398|2526|94.93|Common|Bronze
6115|Blasting Agent|Be a Blasting Agent and unlock everything|13596|24 Jul 2018 6:30:44 PM|232|403|57.57|Common|Platinum
6115|Level 6 - Hard|Clear Level 6 on Hard Difficulty|13595|24 Jul 2018 6:30:44 PM|234|403|58.06|Common|Silver
6115|Polychromatic Suit|Unlock the Polychromatic Suit Costume|13594|24 Jul 2018 6:30:26 PM|234|403|58.06|Common|Gold
6115|Level 5 - Hard|Clear Level 5 on Hard Difficulty|13593|24 Jul 2018 5:58:28 PM|234|403|58.06|Common|Silver
6115|Batty Guy|Unlock the Batty Guy Costume|13592|24 Jul 2018 5:58:04 PM|234|403|58.06|Common|Gold
7541|Pic-of-the-Bunch|Collect all the trophies|13591|24 Jul 2018 7:55:14 AM|398|566|70.32|Common|Platinum
7541|Complete Perfectionist|Earn a medal for every puzzle|13590|24 Jul 2018 7:55:14 AM|399|566|70.49|Common|Gold
7541|Perfect Completionist|Solve every puzzle|13589|24 Jul 2018 7:55:12 AM|404|566|71.38|Common|Gold
7541|Expert Perfectionist|Earn a medal for every 20x20 puzzle|13588|24 Jul 2018 7:55:11 AM|417|566|73.67|Common|Silver
7541|Expert Completionist|Solve all the 20x20 puzzles|13587|24 Jul 2018 7:55:09 AM|420|566|74.2|Common|Silver
7541|Talented Perfectionist|Earn a medal for every 20x15 puzzle|13586|24 Jul 2018 7:33:29 AM|403|566|71.2|Common|Silver
7541|Talented Completionist|Solve all the 20x15 puzzles|13585|24 Jul 2018 7:33:27 AM|407|566|71.91|Common|Silver
2863|Free Diver|Stay underwater for 2 minutes.|13584|23 Jul 2018 9:13:37 PM|11370|44707|9.26|Very Rare|Silver
2340|The Haggler|Mine or purchase 30 Emeralds.|13583|23 Jul 2018 6:26:17 PM|13793|46948|11.26|Rare|Silver
2340|Beam Me Up|Teleport over 100 meters from a single throw of an Ender Pearl.|13582|23 Jul 2018 6:05:57 PM|2334|10122|4.1|Ultra Rare|Silver
2340|The Beginning.|Kill the Wither.|13581|23 Jul 2018 5:57:48 PM|4615|10846|7.84|Very Rare|Silver
2340|Overkill|Deal nine hearts of damage in a single hit.|13580|23 Jul 2018 5:57:13 PM|12354|71098|8.2|Very Rare|Bronze
2340|The Beginning?|Spawn the Wither.|13579|23 Jul 2018 5:51:55 PM|5046|10846|8.57|Very Rare|Bronze
7541|Adept Perfectionist|Earn a medal for every 15x15 puzzle|13578|23 Jul 2018 5:44:36 PM|412|566|72.79|Common|Silver
7541|Adept Completionist|Solve all the 15x15 puzzles|13577|23 Jul 2018 5:44:34 PM|417|566|73.67|Common|Silver
2340|Free Diver|Stay underwater for 2 minutes.|13576|23 Jul 2018 5:43:07 PM|3237|10122|5.69|Very Rare|Silver
2340|Awarded all trophies|All trophies have been awarded.|13575|23 Jul 2018 5:31:28 PM|44640|319398|13.98|Rare|Platinum
2340|The End.|Kill the Enderdragon.|13574|23 Jul 2018 5:31:27 PM|60714|319398|19.01|Rare|Gold
2340|You Need a Mint|Collect Dragon's Breath in a Glass Bottle.|13573|23 Jul 2018 5:25:09 PM|2128|3054|6.81|Very Rare|Silver
2340|The End?|Enter an End Portal.|13572|23 Jul 2018 5:05:58 PM|63674|319398|19.94|Rare|Gold
7541|Expert Smarty Pants|Solve a 20x20 puzzle without using an X|13571|23 Jul 2018 9:34:26 AM|456|566|80.57|Common|Gold
7541|Expert Speed Demon|Solve a 20x20 puzzle in under 10 minutes|13570|23 Jul 2018 9:34:24 AM|449|566|79.33|Common|Silver
7541|Expert Puzzler|Solve a 20x20 puzzle|13569|23 Jul 2018 9:34:22 AM|462|566|81.63|Common|Bronze
7541|Talented Smarty Pants|Solve a 20x15 puzzle without using an X|13568|23 Jul 2018 9:25:07 AM|461|566|81.45|Common|Gold
7541|Talented Speed Demon|Solve a 20x15 puzzle in under 5 minutes|13567|23 Jul 2018 9:25:05 AM|454|566|80.21|Common|Silver
7541|Talented Puzzler|Solve a 20x15 puzzle|13566|23 Jul 2018 9:25:03 AM|463|566|81.8|Common|Bronze
2340|Body Guard|Create an Iron Golem.|13565|22 Jul 2018 10:09:44 PM|18344|57816|13.5|Rare|Bronze
2340|Leader Of The Pack|Befriend five wolves.|13564|22 Jul 2018 10:06:35 PM|105941|319398|33.17|Uncommon|Silver
2340|Tie Dye Outfit|Dye all 4 unique pieces of Leather Armor.|13563|22 Jul 2018 10:03:48 PM|6559|10846|11.14|Rare|Bronze
7541|Casual Speed Demon|Solve a 10x10 puzzle in under 1 minute|13562|22 Jul 2018 9:15:46 PM|513|566|90.64|Common|Silver
2340|On A Rail|Travel by minecart to a point at least 500m in a single direction from where you started.|13561|22 Jul 2018 8:37:21 PM|64728|319398|20.27|Uncommon|Gold
2340|Chestful of Cobblestone|Mine 1,728 Cobblestone and place it in a chest.|13560|22 Jul 2018 8:04:24 PM|15041|57816|11.07|Rare|Bronze
7541|Adept Smarty Pants|Solve a 15x15 puzzle without using an X|13559|22 Jul 2018 7:46:06 PM|497|566|87.81|Common|Gold
7541|Adept Speed Demon|Solve a 15x15 puzzle in under 3 minutes|13558|22 Jul 2018 7:46:04 PM|485|566|85.69|Common|Silver
7541|Adept Puzzler|Solve a 15x15 puzzle|13557|22 Jul 2018 7:46:02 PM|500|566|88.34|Common|Bronze
7541|Casual Perfectionist|Earn a medal for every 10x10 puzzle|13556|22 Jul 2018 7:43:08 PM|465|566|82.16|Common|Silver
7541|Casual Completionist|Solve all the 10x10 puzzles|13555|22 Jul 2018 7:43:06 PM|470|566|83.04|Common|Silver
2340|Enchanter|Construct an Enchantment Table.|13554|22 Jul 2018 7:15:23 PM|113449|319398|35.52|Uncommon|Silver
2340|Sniper Duel|Kill a skeleton with an arrow from more than 50 meters.|13553|22 Jul 2018 7:13:56 PM|56520|319398|17.7|Rare|Silver
2340|Into Fire|Relieve a Blaze of its rod.|13552|22 Jul 2018 6:27:49 PM|110998|319398|34.75|Uncommon|Silver
2340|Return to Sender|Destroy a Ghast with a fireball.|13551|22 Jul 2018 5:50:02 PM|95132|319398|29.78|Uncommon|Gold
2340|Into The Nether|Construct a Nether Portal.|13550|22 Jul 2018 5:44:49 PM|126602|319398|39.64|Uncommon|Silver
2340|Archer|Kill a creeper with Arrows.|13549|22 Jul 2018 5:29:08 PM|23188|71098|15.39|Rare|Bronze
7541|Casual Smarty Pants|Solve a 10x10 puzzle without using an X|13548|22 Jul 2018 5:21:40 PM|538|566|95.05|Common|Gold
7541|Casual Puzzler|Solve a 10x10 puzzle|13547|22 Jul 2018 5:21:38 PM|543|566|95.94|Common|Bronze
2340|Map Room|Place a fully explored Map into an Item Frame.|13546|22 Jul 2018 5:14:20 PM|3378|10122|5.94|Very Rare|Silver
7541|Tiny Speed Demon|Solve a 5x5 puzzle in under 15 seconds|13545|22 Jul 2018 4:59:28 PM|532|566|93.99|Common|Silver
7541|Tiny Puzzler|Solve a 5x5 puzzle|13544|22 Jul 2018 4:57:36 PM|561|566|99.12|Common|Bronze
2340|Adventuring Time|Discover 17 of 40 biomes.|13543|22 Jul 2018 10:20:22 AM|25874|71098|17.17|Rare|Silver
6115|Level 4 - Hard|Clear Level 4 on Hard Difficulty|13542|22 Jul 2018 8:18:27 AM|235|403|58.31|Common|Silver
6115|Space Captain|Unlock the Space Captain Costume|13541|22 Jul 2018 8:18:08 AM|234|403|58.06|Common|Gold
6115|Level 3 - Hard|Clear Level 3 on Hard Difficulty|13540|21 Jul 2018 9:42:00 PM|239|403|59.31|Common|Silver
6115|Bearded Brother|Unlock the Bearded Brother Costume|13539|21 Jul 2018 9:41:41 PM|237|403|58.81|Common|Gold
6115|Level 2 - Hard|Clear Level 2 on Hard Difficulty|13538|21 Jul 2018 8:52:42 PM|245|403|60.79|Common|Silver
6115|Ninja|Unlock the Ninja Costume|13537|21 Jul 2018 8:52:29 PM|244|403|60.55|Common|Gold
6115|Level 1 - Hard|Clear Level 1 on Hard Difficulty|13536|21 Jul 2018 8:40:22 PM|253|403|62.78|Common|Silver
6115|Yeti|Unlock the Yeti Costume|13535|21 Jul 2018 8:39:59 PM|250|403|62.03|Common|Gold
2340|Trampoline|Bounce 30 blocks upward off a Slime Block.|13534|21 Jul 2018 7:37:35 PM|7295|10846|12.39|Rare|Bronze
2340|The Lie|Bake a cake using wheat, sugar, milk and eggs!|13533|21 Jul 2018 7:31:41 PM|107677|319398|33.71|Uncommon|Silver
2340|Cow Tipper|Harvest some leather.|13532|21 Jul 2018 10:04:16 AM|262034|319398|82.04|Common|Bronze
2340|DIAMONDS!|Acquire diamonds with your iron tools.|13531|21 Jul 2018 9:44:20 AM|190368|319398|59.6|Common|Gold
2340|Pot Planter|Craft and place a Flower Pot.|13530|21 Jul 2018 9:32:58 AM|18602|46948|15.19|Rare|Bronze
2340|Librarian|Build some bookshelves to improve your enchantment table.|13529|21 Jul 2018 9:32:08 AM|24819|71098|16.47|Rare|Bronze
2340|Iron Belly|Stop starvation using Rotten Flesh.|13528|21 Jul 2018 8:47:01 AM|17600|46948|14.37|Rare|Bronze
2340|Acquire Hardware|Smelt an iron ingot.|13527|20 Jul 2018 8:56:29 PM|227593|319398|71.26|Common|Silver
2340|It's a Sign!|Craft and place a Sign.|13526|20 Jul 2018 8:29:08 PM|33649|46948|27.48|Uncommon|Bronze
2340|When Pigs Fly|Use a saddle to ride a pig, then have the pig get hurt from fall damage while riding it.|13525|20 Jul 2018 8:17:58 PM|67563|319398|21.15|Uncommon|Gold
2340|Overpowered|Eat a Notch Apple.|13524|20 Jul 2018 8:11:39 PM|7652|10846|13.0|Rare|Silver
2340|Dispense With This|Construct a Dispenser.|13523|20 Jul 2018 8:11:11 PM|91215|319398|28.56|Uncommon|Silver
2340|Saddle Up|Tame a Horse.|13522|20 Jul 2018 6:59:49 PM|8644|10122|15.2|Rare|Bronze
2340|Camouflage|Kill a Mob while wearing the same type of Mob Head.|13521|20 Jul 2018 6:49:53 PM|2731|10122|4.8|Ultra Rare|Bronze
2340|Bake Bread|Turn wheat into bread.|13520|20 Jul 2018 1:51:38 PM|187696|319398|58.77|Common|Silver
2340|Monster Hunter|Attack and destroy a monster.|13519|20 Jul 2018 1:41:43 PM|262303|319398|82.12|Common|Bronze
2340|Local Brewery|Brew a potion.|13518|20 Jul 2018 1:08:37 PM|122347|319398|38.31|Uncommon|Silver
2340|Pork Chop|Cook and eat a pork chop.|13517|20 Jul 2018 1:03:12 PM|53459|71098|35.48|Uncommon|Bronze
2340|Rainbow Collection|Gather all 16 colours of Wool.|13516|20 Jul 2018 12:51:07 PM|10630|46948|8.68|Very Rare|Silver
2340|Change of Sheets|Dye your bed a different color.|13515|20 Jul 2018 12:30:23 PM|3848|6263|8.6|Very Rare|Bronze
2340|Music to my Ears|Play a music disc in a Jukebox.|13514|20 Jul 2018 12:27:13 PM|30616|57816|22.53|Uncommon|Bronze
5989|Contributor to the Encyclopaedia Asposia|Unlock all trophies to officially earn the prestigious title "Contributor to the Encyclopaedia Asposia". With this title you'll be able to contribute to the next edition of said encyclopedia as you proofed your deep knowledge of the asposian world and its inhabitants.|13513|19 Jul 2018 10:24:54 PM|1250|1474|84.8|Common|Platinum
5989|Casual-Gamer|Until now, you’ve been using the help system quite often. You’re a casual-gamer for sure! But hey, the main point is, you’re having fun! And you get one point for being casual. Congrats!|13512|19 Jul 2018 10:24:54 PM|1280|1474|86.84|Common|Bronze
5989|Mr Wise-Guy|Complete the game without taking hints from the help system. In other words: don’t press L2.|13511|19 Jul 2018 10:20:23 PM|1259|1474|85.41|Common|Gold
5989|Blabbermouth|Talk to every possible character in Asposia.|13510|19 Jul 2018 10:20:21 PM|1270|1474|86.16|Common|Gold
5989|Chapter 5 - Asposia's Last Hope|Complete the fifth chapter!|13509|19 Jul 2018 10:20:20 PM|1276|1474|86.57|Common|Gold
5989|Just a scratch|You just shot a healing-laser in the back of Asposia’s greatest despot. A really disputable achievement. Nevertheless: 20 points, just for you!|13508|19 Jul 2018 10:11:22 PM|1260|1474|85.48|Common|Silver
5989|Chapter 4 - The Secret of the Basylians|Complete the fourth chapter!|13507|19 Jul 2018 9:53:18 PM|1276|1474|86.57|Common|Gold
5989|Hedgehog- Anesthesia|You tried to put Fonk to sleep using K.O.-drops. That’s understandable, for he’s the nightmare of your youth.|13506|19 Jul 2018 9:37:25 PM|1265|1474|85.82|Common|Silver
5989|Chief of BBQ|Congratulations! You made sure Dr. Reminepo was getting so many electric shocks that his brain’s probably toast now.|13505|19 Jul 2018 9:34:32 PM|1261|1474|85.55|Common|Silver
5989|Chapter 3 - The Abandoned Dynasty|Complete the third chapter!|13504|19 Jul 2018 9:17:56 PM|1279|1474|86.77|Common|Gold
5989|The Royal Toilet|Hand over brown guest passes to Steve!|13503|19 Jul 2018 8:56:40 PM|1259|1474|85.41|Common|Silver
5989|Casanova Casonostri|Gift flowers to Gorfelina!|13502|19 Jul 2018 8:50:05 PM|1272|1474|86.3|Common|Silver
5989|Chapter 2 - The Secret Place in the Root Forest|Complete the second chapter!|13501|19 Jul 2018 8:29:55 PM|1287|1474|87.31|Common|Gold
3771|Whale Song|You practised singing.|13500|19 Jul 2018 6:50:45 PM|4974|10018|49.65|Uncommon|Silver
3771|Turtle Soup|You helped the turtles to the sea.|13499|19 Jul 2018 6:47:50 PM|5443|10018|54.33|Common|Silver
3771|Behind the Curtain|You found a secret.|13498|19 Jul 2018 6:40:42 PM|4860|10018|48.51|Uncommon|Silver
3771|Call of the giants|You sounded a giant horn.|13497|19 Jul 2018 12:48:17 PM|6106|10018|60.95|Common|Bronze
3771|Windpipe|You made the inventor dance.|13496|19 Jul 2018 12:09:41 PM|5291|10018|52.81|Common|Bronze
3771|Love Birds|You re-united the two love birds.|13495|19 Jul 2018 12:05:23 PM|4596|10018|45.88|Uncommon|Gold
3771|A sad tune|You made someone feel better.|13494|19 Jul 2018 11:50:32 AM|5237|10018|52.28|Common|Bronze
2340|Iron Man|Wear a full suit of Iron Armour.|13493|19 Jul 2018 8:57:05 AM|49668|57816|36.55|Uncommon|Bronze
2340|Lion Tamer|Tame an Ocelot.|13492|19 Jul 2018 8:48:59 AM|12336|57816|9.08|Very Rare|Bronze
2340|Have a Shearful Day|Use Shears to obtain wool from a Sheep.|13491|19 Jul 2018 8:46:37 AM|32097|46948|26.21|Uncommon|Bronze
2340|Repopulation|Breed two cows with wheat.|13490|19 Jul 2018 8:43:34 AM|31748|71098|21.07|Uncommon|Bronze
2340|Delicious Fish|Catch and cook a fish!|13489|19 Jul 2018 8:42:31 AM|135545|319398|42.44|Uncommon|Silver
2340|Getting an Upgrade|Construct a better pickaxe.|13488|19 Jul 2018 8:39:14 AM|248643|319398|77.85|Common|Bronze
2340|Diamonds to you!|Throw diamonds at another player.|13487|19 Jul 2018 8:36:34 AM|25678|71098|17.04|Rare|Bronze
2340|Super Fuel|Power a Furnace with Lava.|13486|19 Jul 2018 8:32:46 AM|5088|10122|8.95|Very Rare|Bronze
3771|Falling star|Make a wish.|13485|19 Jul 2018 7:59:10 AM|4791|10018|47.82|Uncommon|Bronze
5989|Suicide|It’s not the best idea to return an old, trigger-happy wind monk’s glasses, who, even though he’s blind, is able to aim surprisingly good at you.|13484|18 Jul 2018 9:18:17 PM|1275|1474|86.5|Common|Silver
5989|Master of Stirring|Stir the swamp!|13483|18 Jul 2018 9:16:36 PM|1283|1474|87.04|Common|Bronze
5989|Gorf-Scratcher|Scratch the Gorf’s head!|13482|18 Jul 2018 9:15:54 PM|1290|1474|87.52|Common|Bronze
5989|Windfall|A fruit from the tree fell down on the ground. Great work.|13481|18 Jul 2018 9:04:28 PM|1289|1474|87.45|Common|Bronze
5989|Brainteaser|You smashed a fruit from the tree with your funnel helmet!|13480|18 Jul 2018 9:01:20 PM|1294|1474|87.79|Common|Bronze
5989|Chapter 1 - The quest for the Silver Fosfos|Complete the first chapter!|13479|18 Jul 2018 8:54:31 PM|1311|1474|88.94|Common|Gold
5989|Trial and Error|You solved the Mechatre-Puzzle just by trying out things randomly… or by ingenious intuition!|13478|18 Jul 2018 8:45:33 PM|1284|1474|87.11|Common|Bronze
5989|King of Sins|You thoroughly talked to Ottilie about sins. Your pure soul is a just a tiny bit more corrupted now.|13477|18 Jul 2018 5:45:43 PM|1333|1474|90.43|Common|Silver
5989|Fresh Breath|Eat a mint!|13476|18 Jul 2018 5:37:28 PM|1308|1474|88.74|Common|Bronze
5989|Pigeon-Tunnel|You put the pigeon through your special windsock-pigeon-tunnel. Although you couldn’t catch it this way… nice try!|13475|18 Jul 2018 5:25:29 PM|1347|1474|91.38|Common|Bronze
5989|Schnapps-Dealer|Find some alcohol in the garbage and try to palm it off on the garbage dealer.|13474|18 Jul 2018 5:18:04 PM|1340|1474|90.91|Common|Silver
869|Confidence Building|Complete all test chambers in the Mass and Velocity co-op course|13473|18 Jul 2018 8:53:13 AM|91099|204889|44.46|Uncommon|Bronze
2863|Awarded all trophies|All trophies have been awarded.|13472|18 Jul 2018 7:41:04 AM|34498|336926|10.24|Rare|Platinum
2863|Sniper Duel|Kill a skeleton with an arrow from more than 50 meters.|13471|18 Jul 2018 7:41:04 AM|52787|336926|15.67|Rare|Bronze
3815|Ultimate Adventurer|Tracked down all trophies|13470|18 Jul 2018 7:26:18 AM|4579|9012|50.81|Common|Platinum
3815|What Just Happened There?|Saved the world!|13469|18 Jul 2018 7:26:18 AM|6024|9012|66.84|Common|Gold
3815|Cry Havoc!|Let slip the goats of war|13468|17 Jul 2018 11:10:42 PM|6031|9012|66.92|Common|Bronze
3815|Balance|Have a dream|13467|17 Jul 2018 10:55:09 PM|6110|9012|67.8|Common|Bronze
3815|Philosophy 101|Persuaded Shears to help you|13466|17 Jul 2018 10:50:11 PM|6112|9012|67.82|Common|Bronze
3815|Gravity Depravity|Got rid of the guards blocking your path|13465|17 Jul 2018 10:41:15 PM|6112|9012|67.82|Common|Bronze
3815|The Truth to the Grave|Found the Tablet of Truth|13464|17 Jul 2018 10:20:58 PM|6208|9012|68.89|Common|Silver
3815|I Call It The Dreamatorium|Won a battle in your own mind|13463|17 Jul 2018 10:18:13 PM|4768|9012|52.91|Common|Bronze
3815|Super-Charged Potpourri|Nearly made Pearl faint with heavenly delight|13462|17 Jul 2018 10:01:35 PM|4812|9012|53.4|Common|Silver
3815|Hot Wire|Got the cable car working|13461|17 Jul 2018 9:50:37 PM|6262|9012|69.49|Common|Bronze
3815|X Marks the Spot|Discovered the hiding place of Tabula Veritatis|13460|17 Jul 2018 9:31:41 PM|6337|9012|70.32|Common|Bronze
2863|Beaconator|Create and fully power a Beacon.|13459|17 Jul 2018 8:12:38 PM|13343|35992|12.12|Rare|Gold
2340|Renewable Energy|Smelt Wood Trunks using Charcoal to make more Charcoal.|13458|17 Jul 2018 4:49:35 PM|24014|57816|17.67|Rare|Bronze
2340|Hot Topic|Construct a furnace out of eight cobblestone blocks.|13457|17 Jul 2018 4:47:30 PM|250379|319398|78.39|Common|Bronze
2340|Taking Inventory|Open your inventory.|13456|17 Jul 2018 4:46:47 PM|293329|319398|91.84|Common|Bronze
2340|Time to Strike!|Use planks and sticks to make a sword.|13455|17 Jul 2018 4:46:17 PM|231699|319398|72.54|Common|Bronze
2340|MOAR Tools|Construct one type of each tool (one pickaxe, one spade, one axe and one hoe).|13454|17 Jul 2018 4:46:05 PM|215439|319398|67.45|Common|Bronze
2340|Time to Farm!|Use planks and sticks to make a hoe.|13453|17 Jul 2018 4:45:55 PM|195322|319398|61.15|Common|Bronze
2340|Time to Mine!|Use planks and sticks to make a pickaxe.|13452|17 Jul 2018 4:45:44 PM|261877|319398|81.99|Common|Bronze
2340|Benchmarking|Craft a workbench with four blocks of wooden planks.|13451|17 Jul 2018 4:45:31 PM|275594|319398|86.29|Common|Bronze
2340|Getting Wood|Punch a tree until the block of wood pops out.|13450|17 Jul 2018 4:44:46 PM|287138|319398|89.9|Common|Bronze
3815|Bons Hommes|Found the route the fleeing Cathars took|13449|17 Jul 2018 8:59:44 AM|6390|9012|70.91|Common|Bronze
3815|Local Call|Chilled out to Radio Yorkshire|13448|17 Jul 2018 8:48:26 AM|4923|9012|54.63|Common|Gold
3815|Best buddies|Chatted to the goat|13447|17 Jul 2018 8:46:55 AM|4769|9012|52.92|Common|Gold
3815|Order of the Goat|Outwitted the goat|13446|17 Jul 2018 8:29:06 AM|6527|9012|72.43|Common|Gold
3815|The Mystery Deepens|Completed part 1|13445|17 Jul 2018 8:21:07 AM|6584|9012|73.06|Common|Gold
3815|No Parlo el Catala|Decrypted Hobbs' map|13444|17 Jul 2018 8:04:10 AM|6586|9012|73.08|Common|Bronze
3815|Fountain of Youth|Presented the Manneken Pis to Moue|13443|17 Jul 2018 7:41:44 AM|6640|9012|73.68|Common|Bronze
3815|Notorious P.U.G|Found all the hidden pugs in the neighbour's apartment|13442|16 Jul 2018 9:32:50 PM|5250|9012|58.26|Common|Gold
3815|Diamond Geezer|Cut your way out of the office|13441|16 Jul 2018 9:24:58 PM|6590|9012|73.12|Common|Bronze
3815|Joey|Found all hidden Joeys|13440|16 Jul 2018 9:19:55 PM|4686|9012|52.0|Common|Silver
3815|Boogie Nights|Danced with Bijou|13439|16 Jul 2018 9:15:11 PM|6724|9012|74.61|Common|Bronze
3815|CSI: Deluded|Fixed the forensic machine|13438|16 Jul 2018 8:47:59 PM|6841|9012|75.91|Common|Bronze
3815|Water of Life|Got Hobbs drunk|13437|16 Jul 2018 8:27:20 PM|6942|9012|77.03|Common|Bronze
3815|Count Leo has the Answer|Opened Medovsky's secret drawer|13436|16 Jul 2018 8:07:32 PM|7059|9012|78.33|Common|Bronze
3815|Russian Evolution|Discovered Medovsky's address|13435|16 Jul 2018 7:50:39 PM|7169|9012|79.55|Common|Bronze
3815|Suited and Fluted|Spilt champagne on Laine|13434|16 Jul 2018 7:41:51 PM|7206|9012|79.96|Common|Bronze
3815|Ink Trail|Spotted the murderer's tattoo|13433|15 Jul 2018 10:22:57 PM|7261|9012|80.57|Common|Bronze
3815|Roll 'em Up|Opened the shutter to Vera Security|13432|15 Jul 2018 10:05:38 PM|7365|9012|81.72|Common|Bronze
3815|Brand is Everything|Helped Bassam to name his business|13431|15 Jul 2018 9:39:02 PM|7567|9012|83.97|Common|Bronze
3815|Chasing your Tail|Discovered the Ouroboros|13430|15 Jul 2018 9:21:32 PM|7829|9012|86.87|Common|Bronze
3815|Hidden Goat|Found the hidden goat|13429|15 Jul 2018 9:17:47 PM|5254|9012|58.3|Common|Silver
3815|Breaking the Seal|Sent Moue to the bathroom|13428|15 Jul 2018 9:05:51 PM|8060|9012|89.44|Common|Bronze
3815|Oh my God it's a Mirage!|Found evidence of sabotage|13427|15 Jul 2018 8:32:49 PM|8590|9012|95.32|Common|Bronze
2863|The End... Again...|Respawn the Enderdragon.|13426|15 Jul 2018 12:13:47 PM|6253|12285|9.72|Very Rare|Silver
4456|OCD|Get all other trophies in the game|13425|14 Jul 2018 11:16:02 PM|30301|76236|39.75|Uncommon|Platinum
4456|...Take on the Words!|Sit through the end credits|13424|14 Jul 2018 11:16:02 PM|34328|76236|45.03|Uncommon|Bronze
4456|Mental Patience|Play the whole game without skipping a cutscene|13423|14 Jul 2018 11:13:49 PM|33344|76236|43.74|Uncommon|Bronze
4456|Yesterday's News|Defeat Purple Tentacle yesterday|13422|14 Jul 2018 11:11:53 PM|35568|76236|46.66|Uncommon|Gold
4456|Music Appreciation Award|Reach yesterday without turning the stereo off|13421|14 Jul 2018 11:02:02 PM|31045|76236|40.72|Uncommon|Bronze
4456|Flush|Acquire a diamond|13420|14 Jul 2018 11:01:20 PM|35778|76236|46.93|Uncommon|Silver
4456|Master Plumber|Flush 50 objects through time|13419|14 Jul 2018 11:00:05 PM|31790|76236|41.7|Uncommon|Bronze
4456|Number One|Power Hoagie's Chron-o-John|13418|14 Jul 2018 10:57:04 PM|35906|76236|47.1|Uncommon|Silver
4456|That Should Have Worked|Hoagie uses battery with Chron-o-John instead of plug|13417|14 Jul 2018 10:56:42 PM|31956|76236|41.92|Uncommon|Bronze
4456|Rap Sheet: Adventure Gamer|Pick up 45 things that don't belong to you|13416|14 Jul 2018 10:53:06 PM|35840|76236|47.01|Uncommon|Bronze
4456|Behind Every Great Man Is a Quality Roadie|Red makes a super battery with only a little help from Hoagie|13415|14 Jul 2018 10:52:43 PM|36114|76236|47.37|Uncommon|Bronze
4456|Obvious, Really...|Make it rain|13414|14 Jul 2018 10:47:38 PM|37832|76236|49.62|Uncommon|Bronze
4456|Number Two|Power Laverne's Chron-o-John|13413|14 Jul 2018 10:47:06 PM|35749|76236|46.89|Uncommon|Silver
4456|You Suck|Vacuum up a hamster|13412|14 Jul 2018 10:45:49 PM|35759|76236|46.91|Uncommon|Bronze
4456|ESRB Violation|Laverne thinks about eating the cat|13411|14 Jul 2018 10:41:27 PM|31288|76236|41.04|Uncommon|Bronze
4456|Oh Right, I'm Playing a Cartoon!|Make a skunk|13410|14 Jul 2018 10:40:38 PM|36117|76236|47.38|Uncommon|Bronze
4456|Chateau Eau Neaux|Make vinegar|13409|14 Jul 2018 10:39:38 PM|36468|76236|47.84|Uncommon|Bronze
4456|Dialog Puzzles Are Hard|Get Fred to sign the contract|13408|14 Jul 2018 10:35:08 PM|35929|76236|47.13|Uncommon|Bronze
4456|Coffee Achiever|Wake up Dr. Fred|13407|14 Jul 2018 10:33:41 PM|36101|76236|47.35|Uncommon|Bronze
4456|Rap Sheet: Fraud|Try to alter the contract with Booboo-B-Gone|13406|14 Jul 2018 10:32:51 PM|32333|76236|42.41|Uncommon|Bronze
4456|Rap Sheet: Forger|Try to sign the contract yourself with the quill pen|13405|14 Jul 2018 10:32:40 PM|31575|76236|41.42|Uncommon|Bronze
4456|Alas, Our Lazy Speechwriters Didn't Cover This|Talk to Washington, Jefferson, or Hancock while they're outside|13404|14 Jul 2018 10:31:20 PM|31262|76236|41.01|Uncommon|Bronze
4456|It's an Honor Just to Compete But Winning Is Better|Win the human contest|13403|14 Jul 2018 10:25:47 PM|35988|76236|47.21|Uncommon|Bronze
4456|Rap Sheet: Cheat|Disqualify Harold|13402|14 Jul 2018 10:21:27 PM|36088|76236|47.34|Uncommon|Bronze
4456|Can't Win and Chew Gum at the Same Time|Laverne tries the chattering teeth on her human during the human show|13401|14 Jul 2018 10:20:31 PM|31623|76236|41.48|Uncommon|Bronze
4456|It's an Honor Just to Compete|Enter the human contest|13400|14 Jul 2018 10:19:10 PM|36283|76236|47.59|Uncommon|Bronze
4456|Are You My Mummy?|Talk to Dead Cousin Ted with all three kids|13399|14 Jul 2018 10:17:25 PM|34071|76236|44.69|Uncommon|Bronze
4456|That Only Works with Alligators|Try to flush the hamster|13398|14 Jul 2018 10:12:54 PM|34763|76236|45.6|Uncommon|Bronze
4456|Now You're Pushing It|Try to microwave the hamster again after he's thawed out|13397|14 Jul 2018 10:12:15 PM|32605|76236|42.77|Uncommon|Bronze
4456|Don't Try This at Home|Microwave the frozen hamster|13396|14 Jul 2018 10:11:21 PM|36277|76236|47.59|Uncommon|Bronze
4456|Voiding the Warranty|Try to put something metal in the microwave|13395|14 Jul 2018 10:11:03 PM|34177|76236|44.83|Uncommon|Bronze
4456|Of Course It Would Still Weigh the Same|Get a tiny sweater|13394|14 Jul 2018 10:10:38 PM|36084|76236|47.33|Uncommon|Bronze
4456|Costume Quest|Clothe Laverne in the costume|13393|14 Jul 2018 10:08:33 PM|36909|76236|48.41|Uncommon|Bronze
4456|WWSCD?|Climb through the chimney with all three kids|13392|14 Jul 2018 10:07:49 PM|36781|76236|48.25|Uncommon|Bronze
4456|Rap Sheet: Yegg|Open the safe|13391|14 Jul 2018 10:02:08 PM|38324|76236|50.27|Common|Bronze
4456|We're All Brothers|Ask the IRS agents if they're related|13390|14 Jul 2018 9:58:38 PM|34100|76236|44.73|Uncommon|Bronze
4456|Rap Sheet: Vandal|Deflate Oozo|13389|14 Jul 2018 9:51:35 PM|36644|76236|48.07|Uncommon|Bronze
4456|Windsock it to Me|Change the flag|13388|14 Jul 2018 9:50:27 PM|37186|76236|48.78|Uncommon|Bronze
4456|Only George Can Destroy a Tree|Destroy a cherry tree|13387|14 Jul 2018 9:43:35 PM|38903|76236|51.03|Common|Bronze
4456|Only Hoagie Can Make a Tree|Create a cherry tree|13386|14 Jul 2018 9:40:51 PM|39009|76236|51.17|Common|Bronze
4456|Missing Pink|Try to mix the red paint and the Booboo-B-Gone|13385|14 Jul 2018 9:39:53 PM|32696|76236|42.89|Uncommon|Bronze
4456|Rap Sheet: Kleptomaniac|Pick up 30 things that don't belong to you|13384|14 Jul 2018 9:35:05 PM|37478|76236|49.16|Uncommon|Bronze
4456|Moronic Drone|Get a job|13383|14 Jul 2018 9:32:19 PM|37288|76236|48.91|Uncommon|Bronze
4456|You Call That a Hint?|Try to wash the dirty car with the brush|13382|14 Jul 2018 9:30:01 PM|33129|76236|43.46|Uncommon|Bronze
4456|That Joke Never Gets Old|Squirt five different people with disappearing ink|13381|14 Jul 2018 9:25:59 PM|33402|76236|43.81|Uncommon|Bronze
4456|Novelty Enthusiast|Get all six novelty items|13380|14 Jul 2018 9:23:54 PM|36995|76236|48.53|Uncommon|Bronze
4456|And Then the Universe Explodes|Try to mix the decaf and caffeinated coffees|13379|14 Jul 2018 9:17:23 PM|35426|76236|46.47|Uncommon|Bronze
4456|Rap Sheet: Thief|Pick up 15 things that don't belong to you|13378|14 Jul 2018 9:16:58 PM|41554|76236|54.51|Common|Bronze
4456|Chef|Cook the hamster in Maniac Mansion (Don't try this at home, kids!)|13377|14 Jul 2018 9:06:43 PM|31453|76236|41.26|Uncommon|Bronze
4456|Games History Major|Play Maniac Mansion|13376|14 Jul 2018 8:53:25 PM|43317|76236|56.82|Common|Bronze
4456|I'm Sure He'd Never Notice|Try to swap the textbook with the stamp album|13375|14 Jul 2018 8:52:17 PM|34109|76236|44.74|Uncommon|Bronze
4456|Olive Branch|Return the stamp album to Weird Ed|13374|14 Jul 2018 8:51:45 PM|37253|76236|48.87|Uncommon|Bronze
4456|And Then the Universe Implodes|Try to mix the disappearing ink with Booboo-B-Gone|13373|14 Jul 2018 8:47:18 PM|34761|76236|45.6|Uncommon|Bronze
4456|Energy Conscious|Turn off the television|13372|14 Jul 2018 8:45:47 PM|37537|76236|49.24|Uncommon|Bronze
4456|Dude, It's Like, Cannibalism|Hoagie eats a Hoagie|13371|14 Jul 2018 8:41:15 PM|39807|76236|52.22|Common|Bronze
4456|Rap Sheet: Trespasser|Find Fred's basement workshop|13370|14 Jul 2018 8:32:09 PM|62587|76236|82.1|Common|Bronze
4456|Not Raised in a Barn|Close a door|13369|14 Jul 2018 8:31:28 PM|45516|76236|59.7|Common|Bronze
4456|Most Annoying Guest Ever|Ring the front desk bell 100 times|13368|14 Jul 2018 8:30:26 PM|34447|76236|45.18|Uncommon|Bronze
2863|Overpowered|Eat a Notch Apple.|13367|14 Jul 2018 8:03:49 PM|24359|35992|22.12|Uncommon|Silver
2863|Zombie Doctor|Cure a zombie villager.|13366|14 Jul 2018 6:53:38 PM|50342|336926|14.94|Rare|Gold
2863|Iron Belly|Stop starvation using Rotten Flesh.|13365|14 Jul 2018 6:34:20 PM|93034|336926|27.61|Uncommon|Bronze
2863|Beam Me Up|Teleport over 100 meters from a single throw of an Ender Pearl.|13364|14 Jul 2018 4:57:39 PM|7423|44707|6.05|Very Rare|Silver
6987|Done Done Done|For excellent and dedicated field work in the field of battle for completion|13363|14 Jul 2018 1:56:23 PM|5838|10035|58.18|Common|Platinum
6987|Pedal to the Metal|Destroy Metal Kor at Nest|13362|14 Jul 2018 1:56:23 PM|6690|10035|66.67|Common|Gold
6987|Head Master|Collect 510 Metal Head Skull Gems|13361|14 Jul 2018 1:55:21 PM|6483|10035|64.6|Common|Gold
6987|Head Cheese|Collect 250 Metal Head Skull Gems|13360|14 Jul 2018 1:55:19 PM|7433|10035|74.07|Common|Silver
6987|Head Over Heels|Collect 50 Metal Head Skull Gems|13359|14 Jul 2018 1:55:17 PM|7928|10035|79.0|Common|Bronze
6987|The Collectationator!|Collect 286 Precursor Orbs|13358|14 Jul 2018 1:55:16 PM|5878|10035|58.57|Common|Gold
6987|The Collectivist|Collect 125 Precursor Orbs|13357|14 Jul 2018 1:55:15 PM|6074|10035|60.53|Common|Silver
6987|The Collector|Collect 25 Precursor Orbs|13356|14 Jul 2018 1:55:14 PM|7432|10035|74.06|Common|Bronze
6987|Finders Keepers|Find Sig in Underport|13355|14 Jul 2018 1:51:46 PM|6754|10035|67.3|Common|Bronze
6987|Heavy Distortion|Attack the Metal Head Nest|13354|14 Jul 2018 1:51:46 PM|6738|10035|67.14|Common|Bronze
6987|Speed Speedily|Win Class 1 Race in Stadium|13353|14 Jul 2018 1:51:39 PM|6780|10035|67.56|Common|Gold
6987|I Heart Heart|Get Heart of Mar in Weapons Lab|13352|14 Jul 2018 1:51:39 PM|6766|10035|67.42|Common|Bronze
6987|Who Knew Krew Blew?|Beat Krew in Weapons Lab|13351|14 Jul 2018 1:51:39 PM|6766|10035|67.42|Common|Silver
6987|Timber!|Destroy Drill Platform Tower|13350|14 Jul 2018 1:51:38 PM|6791|10035|67.67|Common|Bronze
6987|Bot Bot Boom Boom|Protect Hideout from Bomb Bots|13349|14 Jul 2018 1:51:37 PM|6886|10035|68.62|Common|Bronze
6987|Speed Quicker|Win Class 2 Race at Stadium|13348|14 Jul 2018 1:51:37 PM|6901|10035|68.77|Common|Silver
6987|What's That Smell?|Escort Men Through Sewers|13347|14 Jul 2018 1:51:27 PM|6888|10035|68.64|Common|Bronze
6987|Grin and Baron It|Defeat Baron in Mar's Tomb|13346|14 Jul 2018 1:51:26 PM|6972|10035|69.48|Common|Silver
6987|We're All Friends Here|Rescue Friends at Fortress|13345|14 Jul 2018 1:51:26 PM|6941|10035|69.17|Common|Bronze
6987|Testosterone|Pass the Tests of Manhood|13344|14 Jul 2018 1:51:25 PM|6981|10035|69.57|Common|Silver
6987|Speeding Slowly|Win Class 3 Race at Stadium|13343|14 Jul 2018 1:51:24 PM|7176|10035|71.51|Common|Bronze
6987|No Man is a Canyon|Use Items in No Man's Canyon|13342|14 Jul 2018 1:51:24 PM|7004|10035|69.8|Common|Bronze
6987|Doggin' the Hellcats|Destroy 5 Hellcat Cruisers|13341|14 Jul 2018 1:51:18 PM|7054|10035|70.29|Common|Bronze
6987|Clap Hands|Get Seal Piece at Dig|13340|14 Jul 2018 1:51:11 PM|7119|10035|70.94|Common|Silver
6987|Sunken Ship|Destroy Ship at Drill Platform|13339|14 Jul 2018 1:51:10 PM|7190|10035|71.65|Common|Bronze
6987|Strip Mine, Not Yours|Blow up Strip Mine in Eco Wells|13338|14 Jul 2018 1:51:00 PM|7249|10035|72.24|Common|Bronze
6987|Kersplash!|Destroy Equipment at Dig|13337|14 Jul 2018 1:50:59 PM|7294|10035|72.69|Common|Bronze
6987|Scout's Honor|Catch Scouts in Haven Forest|13336|14 Jul 2018 1:50:58 PM|7442|10035|74.16|Common|Bronze
6987|Cha-ching|Collect Money for Krew|13335|14 Jul 2018 1:50:57 PM|7770|10035|77.43|Common|Bronze
6987|Don't Let Him Get Away|Defeat Baron at Palace|13334|14 Jul 2018 1:50:56 PM|7581|10035|75.55|Common|Silver
6987|More Power to You|Turn on 5 Power Switches|13333|14 Jul 2018 1:50:55 PM|7626|10035|75.99|Common|Bronze
6987|Skip the Stairs|Ride Elevator up to Palace|13332|14 Jul 2018 1:50:55 PM|7595|10035|75.69|Common|Bronze
6987|Over Easy|Destroy Eggs at Drill Platform|13331|14 Jul 2018 1:50:54 PM|7800|10035|77.73|Common|Silver
6987|Lost and Found|Find Pumping Station Patrol|13330|14 Jul 2018 1:50:53 PM|7784|10035|77.57|Common|Silver
6987|Just the Artifacts Ma'am|Find 3 Artifacts in Mountain Temple|13329|14 Jul 2018 1:50:53 PM|7602|10035|75.75|Common|Bronze
6987|Turrets Syndrome|Destroy Turrets in Sewers|13328|14 Jul 2018 1:50:51 PM|8208|10035|81.79|Common|Bronze
6987|Stripped Down|Rescue Vin at Strip Mine|13327|14 Jul 2018 1:50:51 PM|7938|10035|79.1|Common|Bronze
6987|Signature Moves|Protect Sig at Pumping Station|13326|14 Jul 2018 1:50:50 PM|8337|10035|83.08|Common|Bronze
6987|Kaboom!|Blow up Ammo at Fortress|13325|14 Jul 2018 1:50:47 PM|8748|10035|87.17|Common|Bronze
6987|Dead and Gone|Retrieve Banner from Dead Town|13324|14 Jul 2018 1:50:45 PM|9249|10035|92.17|Common|Bronze
6987|Poor Kid|Protect Kor and Kid|13323|14 Jul 2018 1:50:43 PM|9499|10035|94.66|Common|Bronze
2863|The Beginning.|Kill the Wither.|13322|14 Jul 2018 12:46:15 PM|15235|35992|13.83|Rare|Silver
2863|The Beginning?|Spawn the Wither.|13321|14 Jul 2018 12:37:01 PM|16797|35992|15.25|Rare|Bronze
6456|Energy Cycle Platinum|Good job! Completed all tasks!|13320|13 Jul 2018 11:33:10 PM|2326|2389|97.36|Common|Platinum
6456|Game Completed|Energy Cycle is complete|13319|13 Jul 2018 11:33:10 PM|2333|2389|97.66|Common|Gold
6456|Level 27 Completed|Part of the cycle is complete|13318|13 Jul 2018 11:29:45 PM|2338|2389|97.87|Common|Gold
6456|Level 24 Completed|Part of the cycle is complete|13317|13 Jul 2018 11:27:37 PM|2340|2389|97.95|Common|Gold
6456|Level 21 Completed|Part of the cycle is complete|13316|13 Jul 2018 11:25:01 PM|2340|2389|97.95|Common|Gold
6456|Level 18 Completed|Part of the cycle is complete|13315|13 Jul 2018 11:22:55 PM|2342|2389|98.03|Common|Silver
6456|Level 15 Completed|Part of the cycle is complete|13314|13 Jul 2018 11:20:49 PM|2342|2389|98.03|Common|Silver
6456|Level 12 Completed|Part of the cycle is complete|13313|13 Jul 2018 11:19:18 PM|2343|2389|98.07|Common|Silver
6456|Level 9 Completed|Part of the cycle is complete|13312|13 Jul 2018 11:17:20 PM|2349|2389|98.33|Common|Bronze
6456|Level 6 Completed|Part of the cycle is complete|13311|13 Jul 2018 11:14:28 PM|2356|2389|98.62|Common|Bronze
6456|Level 3 Completed|Part of the cycle is complete|13310|13 Jul 2018 11:13:05 PM|2373|2389|99.33|Common|Bronze
6456|Infinity Layer #50|Passed through layer #50 in Infinite Play mode|13309|13 Jul 2018 11:10:26 PM|2340|2389|97.95|Common|Gold
6456|Infinity Layer #40|Passed through layer #40 in Infinite Play mode|13308|13 Jul 2018 11:10:21 PM|2340|2389|97.95|Common|Gold
6456|Infinity Layer #30|Passed through layer #30 in Infinite Play mode|13307|13 Jul 2018 11:10:15 PM|2340|2389|97.95|Common|Silver
6456|Infinity Layer #20|Passed through layer #20 in Infinite Play mode|13306|13 Jul 2018 11:10:10 PM|2344|2389|98.12|Common|Silver
6456|Infinity Layer #10|Passed through layer #10 in Infinite Play mode|13305|13 Jul 2018 11:10:05 PM|2347|2389|98.24|Common|Bronze
6456|Time Attack Layer #30|Passed through layer #30 in Time Attack mode|13304|13 Jul 2018 11:09:06 PM|2340|2389|97.95|Common|Gold
6456|Time Attack Layer #20|Passed through layer #20 in Time Attack mode|13303|13 Jul 2018 11:09:01 PM|2340|2389|97.95|Common|Gold
6456|Time Attack Layer #10|Passed through layer #10 in Time Attack mode|13302|13 Jul 2018 11:08:55 PM|2346|2389|98.2|Common|Silver
2863|Tie Dye Outfit|Dye all 4 unique pieces of Leather Armor.|13301|13 Jul 2018 10:34:39 PM|19342|35992|17.56|Rare|Bronze
2863|Pot Planter|Craft and place a Flower Pot.|13300|13 Jul 2018 8:55:54 PM|81892|336926|24.31|Uncommon|Bronze
2863|Camouflage|Kill a Mob while wearing the same type of Mob Head.|13299|13 Jul 2018 8:08:48 AM|7679|44707|6.26|Very Rare|Bronze
2863|Super Fuel|Power a Furnace with Lava.|13298|13 Jul 2018 7:50:37 AM|19209|44707|15.65|Rare|Bronze
6971|Burned out at work|He did not do the job|13297|12 Jul 2018 3:15:34 PM|176|180|97.78|Common|Bronze
6971|Job description|He learned about his new job|13296|12 Jul 2018 3:13:13 PM|176|180|97.78|Common|Bronze
6971|Listener|Listened to the radio|13295|12 Jul 2018 3:11:53 PM|176|180|97.78|Common|Bronze
2863|Trampoline|Bounce 30 blocks upward off a Slime Block.|13294|12 Jul 2018 11:47:43 AM|21605|35992|19.62|Rare|Bronze
2863|Saddle Up|Tame a Horse.|13293|12 Jul 2018 11:35:35 AM|38809|44707|31.62|Uncommon|Bronze
2863|Change of Sheets|Dye your bed a different color.|13292|12 Jul 2018 11:33:36 AM|14765|25497|15.93|Rare|Bronze
2863|The End.|Kill the Enderdragon.|13291|12 Jul 2018 11:14:07 AM|55516|336926|16.48|Rare|Bronze
2863|You Need a Mint|Collect Dragon's Breath in a Glass Bottle.|13290|12 Jul 2018 11:09:20 AM|7309|12285|11.36|Rare|Silver
2863|The End?|Enter an End Portal.|13289|12 Jul 2018 10:39:59 AM|58297|336926|17.3|Rare|Gold
6915|Purr of the Arcane|Obtained 4 skills|13288|12 Jul 2018 10:04:16 AM|3430|3816|89.88|Common|Silver
6915|Felingard Loremaker|Located half the monuments|13287|12 Jul 2018 9:49:06 AM|3458|3816|90.62|Common|Silver
7364|Burnout Paradise Elite|Awarded for successfully collecting all trophies from Burnout Paradise|13286|11 Jul 2018 10:22:43 PM|3815|11647|32.76|Uncommon|Platinum
7364|Earn your 'Burnout' Driving License|Awarded when you receive your 'Burnout' Driving License|13285|11 Jul 2018 10:22:43 PM|4743|11647|40.72|Uncommon|Gold
7364|Complete a Massive Party|Awarded when 8 players have completed an 8 Round Party.|13284|11 Jul 2018 10:14:22 PM|1935|2797|33.9|Uncommon|Bronze
851|Online Racer|Win 10 versus zones in online play.|13283|11 Jul 2018 9:30:28 PM|7252|165355|4.39|Ultra Rare|Bronze
851|All Multiplayer|Play all four multiplayer zones.|13282|11 Jul 2018 9:05:19 PM|21938|165355|13.27|Rare|Bronze
6915|Dragon Slayer|Defeated the Flame Dragon|13281|11 Jul 2018 8:02:46 PM|3498|3816|91.67|Common|Bronze
7364|Complete a Bike Timed Challenge using the Toy Bike|Awarded when you complete any Timed Challenge using the Toy Bike|13280|10 Jul 2018 9:12:18 PM|2001|4370|28.05|Uncommon|Bronze
7364|Complete a Timed Challenge using all 3 Boost types in the Hawker Mech|Awarded when you complete any Timed Challenge driving the Hawker Mech having used all 3 boost types|13279|10 Jul 2018 9:02:27 PM|2061|3398|32.76|Uncommon|Bronze
7364|Complete all 10 Island freeburn Challenges|Awarded when you successfully complete all 10 Island Freeburn Challenges. These can be completed by 2 -8 players|13278|10 Jul 2018 8:57:23 PM|1963|5768|23.95|Uncommon|Bronze
7364|Complete 5 Burning Routes|Awarded when you complete your 5th Burning Route.|13277|10 Jul 2018 8:09:34 PM|5708|11647|49.01|Uncommon|Bronze
2863|Overkill|Deal nine hearts of damage in a single hit.|13276|10 Jul 2018 5:47:15 PM|64349|336926|19.1|Rare|Bronze
6915|Helper of Cats|Completed 6 side quests|13275|10 Jul 2018 2:35:15 PM|3610|3816|94.6|Common|Bronze
6915|Catventurer|Reached level 10|13274|10 Jul 2018 2:35:11 PM|3632|3816|95.18|Common|Bronze
6915|Dungeon Litter|Cleared 5 dungeons|13273|10 Jul 2018 2:28:37 PM|3623|3816|94.94|Common|Bronze
6915|Light of the Arcane|Obtained 2 skills|13272|10 Jul 2018 2:25:33 PM|3665|3816|96.04|Common|Bronze
2863|Archer|Kill a creeper with arrows.|13271|10 Jul 2018 11:56:12 AM|111564|336926|33.11|Uncommon|Bronze
2863|Enchanter|Construct an Enchantment Table.|13270|10 Jul 2018 10:45:30 AM|100937|336926|29.96|Uncommon|Bronze
6915|Fashionista Kitty|Obtained 3 armor or weapons|13269|10 Jul 2018 7:33:07 AM|3730|3816|97.75|Common|Bronze
6915|Felingard Lore|Located one monument|13268|10 Jul 2018 7:21:52 AM|3730|3816|97.75|Common|Bronze
2863|The Haggler|Mine or purchase 30 Emeralds.|13267|9 Jul 2018 3:36:56 PM|60915|336926|18.08|Rare|Silver
2863|Stayin’ Frosty|Swim in lava while having the Fire Resistance effect.|13266|9 Jul 2018 12:30:02 PM|82405|336926|24.46|Uncommon|Bronze
2863|Local Brewery|Brew a potion.|13265|9 Jul 2018 12:13:40 PM|99082|336926|29.41|Uncommon|Bronze
6053|Full Throttle|Unlock all trophies|13264|9 Jul 2018 11:13:24 AM|5081|6986|72.73|Common|Platinum
6053|Burn-In Rubber|Save your screen from burn-in with 3D animated vehicles|13263|9 Jul 2018 11:13:24 AM|5820|6986|83.31|Common|Bronze
6053|Angels with Dirty Faces|Keep talking to Todd|13262|9 Jul 2018 11:10:00 AM|5311|6986|76.02|Common|Bronze
6053|Thank No Cats|Watch the bunnies overtake the credits|13261|9 Jul 2018 8:58:33 AM|5415|6986|77.51|Common|Bronze
6053|Can't Beat a Corley|Send up a gorge-ous death for Ripburger|13260|9 Jul 2018 8:39:31 AM|5685|6986|81.38|Common|Gold
6053|Burger Well Done|Defeat Ripburger without dying|13259|9 Jul 2018 8:39:30 AM|5169|6986|73.99|Common|Gold
6053|LOOMing Seagull|Kill the LOOM Seagull|13258|9 Jul 2018 8:38:45 AM|5385|6986|77.08|Common|Bronze
6053|Now Boarding|Get Ripburger into the plane|13257|9 Jul 2018 8:36:18 AM|5694|6986|81.51|Common|Silver
6053|Rabbit Ragu|Dice a rabbit in the engine fan|13256|9 Jul 2018 8:34:04 AM|5417|6986|77.54|Common|Silver
6053|Burger Melt|Melt Ripburger's vision of the future|13255|9 Jul 2018 8:27:30 AM|5708|6986|81.71|Common|Bronze
6053|Wisecrack|Kick the crack to open the secret passage|13254|9 Jul 2018 8:22:31 AM|5718|6986|81.85|Common|Bronze
6053|What A Pain Threshold!|Make the Boom Boom Bros go boom|13253|9 Jul 2018 8:19:04 AM|5724|6986|81.94|Common|Silver
6053|Taut a Lesson|Talk your way out of getting quartered|13252|9 Jul 2018 8:08:06 AM|5748|6986|82.28|Common|Bronze
6053|Hare Trigger|Sacrifice bunnies to get through the minefield|13251|9 Jul 2018 8:06:37 AM|5748|6986|82.28|Common|Silver
6053|Invasion of the Bunny Snatcher|Snatch the bunny|13250|9 Jul 2018 7:58:51 AM|5772|6986|82.62|Common|Bronze
6053|Pull a Fast One|Get the battery from the minefield|13249|9 Jul 2018 7:57:17 AM|5774|6986|82.65|Common|Bronze
6053|Pure Evel|Launch over Poyahoga Gorge|13248|9 Jul 2018 7:51:48 AM|5836|6986|83.54|Common|Silver
6053|The Spirit of Ricky Myran|Escape with Ricky's ramp|13247|9 Jul 2018 7:42:40 AM|5858|6986|83.85|Common|Bronze
6053|Gogglor|Use the Cavefish goggles to locate their lair|13246|8 Jul 2018 7:39:37 PM|5885|6986|84.24|Common|Bronze
6053|A Fistful of Fertilizer|Get the chainsaw with the fertilizer|13245|8 Jul 2018 7:33:12 PM|5775|6986|82.67|Common|Silver
6053|Torque Talk|Consume Father Torque's wisdom|13244|8 Jul 2018 7:19:47 PM|5979|6986|85.59|Common|Silver
6053|Fertilized|Use the fertilizer to spin out Nestor and Bolus|13243|8 Jul 2018 7:13:01 PM|5941|6986|85.04|Common|Bronze
6053|Hosed|Get a hose to fix your bike|13242|8 Jul 2018 12:46:25 PM|6081|6986|87.05|Common|Bronze
6053|Hard Tale|Look at the pic of Maureen and Malcom fixing hard tail|13241|8 Jul 2018 12:45:40 PM|5360|6986|76.72|Common|Silver
6053|I Can Do That|Play a game of five finger fillet|13240|8 Jul 2018 12:40:06 PM|5405|6986|77.37|Common|Silver
6053|News to Me|Watch the entire news broadcast|13239|8 Jul 2018 12:38:25 PM|5349|6986|76.57|Common|Bronze
6053|A New Hope|Grab the Fake ID from Miranda|13238|8 Jul 2018 12:36:09 PM|6123|6986|87.65|Common|Bronze
6053|Unnatural Causes|Listen to Malcolm's last words|13237|8 Jul 2018 12:08:46 PM|6169|6986|88.31|Common|Silver
6053|Right in the Junk|Recover the forks from the junkyard|13236|8 Jul 2018 11:56:51 AM|6228|6986|89.15|Common|Bronze
6053|OK, I'll Put My Lips on That|Siphon gas from Floyd|13235|8 Jul 2018 11:49:19 AM|6272|6986|89.78|Common|Bronze
6053|Annoyed Floyd|Hide from Floyd|13234|8 Jul 2018 11:47:33 AM|6301|6986|90.19|Common|Bronze
6053|Not So Tough After All|Pick the lock to the tower|13233|8 Jul 2018 11:45:01 AM|6368|6986|91.15|Common|Silver
6053|Carry the Torch|Retrieve Mo's welding torch|13232|8 Jul 2018 11:43:48 AM|6341|6986|90.77|Common|Bronze
6053|Trailer Trashed|Kick in the trailer door|13231|8 Jul 2018 11:42:28 AM|6435|6986|92.11|Common|Bronze
2863|Rainbow Collection|Gather all 16 colours of wool.|13230|8 Jul 2018 10:25:15 AM|59279|336926|17.59|Rare|Silver
2863|It’s a Sign!|Craft and place a sign.|13229|8 Jul 2018 8:10:34 AM|142166|336926|42.2|Uncommon|Bronze
2863|Librarian|Build some bookshelves to improve your enchantment table.|13228|8 Jul 2018 8:09:21 AM|112584|336926|33.42|Uncommon|Bronze
2863|Into Fire|Relieve a Blaze of its rod.|13227|8 Jul 2018 7:51:21 AM|102465|336926|30.41|Uncommon|Bronze
2863|Return to Sender|Destroy a Ghast with a fireball.|13226|8 Jul 2018 7:44:08 AM|77719|336926|23.07|Uncommon|Silver
6053|Minking Memories|Check out the photo of Uncle Pete|13225|7 Jul 2018 8:55:26 PM|6470|6986|92.61|Common|Silver
6053|Know Mo|Finish all of Mo's initial dialog|13224|7 Jul 2018 8:55:00 PM|6145|6986|87.96|Common|Silver
6053|A-Number One Polecat Honcho|Take out the first Rottwheeler|13223|7 Jul 2018 8:48:05 PM|6600|6986|94.47|Common|Bronze
6053|Ring Pull|Get your keys from the bartender|13222|7 Jul 2018 8:46:08 PM|6636|6986|94.99|Common|Silver
6053|Not Puttin' My Lips on That|Keep Your Lips Off of 10 Objects|13221|7 Jul 2018 8:44:52 PM|6032|6986|86.34|Common|Silver
6053|One Final Offer...|Accept Ripburger's Final Offer|13220|7 Jul 2018 8:39:55 PM|6695|6986|95.83|Common|Bronze
2863|Into The Nether|Construct a Nether Portal.|13219|7 Jul 2018 7:53:20 PM|117419|336926|34.85|Uncommon|Bronze
6647|Winter|The two most joyous times of the year are Christmas morning and the end of school.|13218|7 Jul 2018 6:49:25 PM|976|979|99.69|Common|Gold
6647|Autumn|Autumn is a second spring when every leaf is a flower.|13217|7 Jul 2018 6:47:33 PM|977|979|99.8|Common|Gold
6647|Summer|Health is the thing that makes you feel that now is the best time of the year.|13216|7 Jul 2018 6:46:09 PM|977|979|99.8|Common|Gold
6647|Spring|Every year on your birthday, you get a chance to start new.|13215|7 Jul 2018 6:44:32 PM|977|979|99.8|Common|Silver
6115|Level 6 - Normal|Clear Level 6 on Normal Difficulty|13214|7 Jul 2018 6:18:36 PM|257|403|63.77|Common|Bronze
6115|Pulse Bazooka|Unlock the Pule Bazooka Upgrade|13213|7 Jul 2018 6:18:16 PM|255|403|63.28|Common|Silver
6115|Level 5 - Normal|Clear Level 5 on Normal Difficulty|13212|7 Jul 2018 5:51:07 PM|257|403|63.77|Common|Bronze
6115|Repulsor Shield|Unlock the Repulsor Shield Upgrade|13211|7 Jul 2018 5:50:42 PM|257|403|63.77|Common|Silver
6115|Level 4 - Normal|Clear Level 4 on Normal Difficulty|13210|5 Jul 2018 6:35:58 PM|258|403|64.02|Common|Bronze
6115|Grav Jump|Unlock the Grav Jump Ability|13209|5 Jul 2018 6:35:41 PM|258|403|64.02|Common|Silver
7540|Pic-of-the-Bunch|Collect all the trophies|13208|4 Jul 2018 10:02:48 PM|655|990|66.16|Common|Platinum
7540|Complete Perfectionist|Earn a medal for every puzzle|13207|4 Jul 2018 10:02:48 PM|656|990|66.26|Common|Gold
7540|Perfect Completionist|Solve every puzzle|13206|4 Jul 2018 10:02:47 PM|657|990|66.36|Common|Gold
7540|Expert Perfectionist|Earn a medal for every 20x20 puzzle|13205|4 Jul 2018 10:02:46 PM|694|990|70.1|Common|Silver
7540|Expert Completionist|Solve all the 20x20 puzzles|13204|4 Jul 2018 10:02:45 PM|703|990|71.01|Common|Silver
7540|Talented Completionist|Solve all the 20x15 puzzles|13203|4 Jul 2018 9:40:45 PM|660|990|66.67|Common|Silver
7540|Talented Perfectionist|Earn a medal for every 20x15 puzzle|13202|4 Jul 2018 9:40:45 PM|658|990|66.46|Common|Silver
6115|Frag Grenade|Unlock the Frag Grenade Upgrade|13201|4 Jul 2018 9:28:11 PM|270|403|67.0|Common|Silver
6115|Level 3 - Normal|Clear Level 3 on Normal Difficulty|13200|4 Jul 2018 9:00:55 PM|278|403|68.98|Common|Bronze
7503|Platinum-explosion|Complete all the trophies|13199|4 Jul 2018 7:46:09 PM|2817|3303|85.29|Common|Platinum
7503|Kill them all|Kill 100 enemies in Arena Mode|13198|4 Jul 2018 7:46:09 PM|2823|3303|85.47|Common|Gold
7503|Without any mercy|Kill 75 enemies in Arena Mode|13197|4 Jul 2018 7:32:48 PM|2838|3303|85.92|Common|Gold
7503|Brave|Kill your first enemy in hard mode|13196|4 Jul 2018 7:28:06 PM|2841|3303|86.01|Common|Gold
7503|Getting used|Kill 50 enemies in Arena Mode|13195|4 Jul 2018 7:27:05 PM|2858|3303|86.53|Common|Gold
7503|Kill or get killed|Kill 25 enemies in Arena Mode|13194|4 Jul 2018 7:24:18 PM|2867|3303|86.8|Common|Gold
7503|Unlock the Arena Mode|Reach 100,000 points in Classic Mode|13193|4 Jul 2018 7:22:23 PM|2867|3303|86.8|Common|Gold
7503|Show them who's boss|Reach 75,000 points in Classic Mode|13192|4 Jul 2018 7:21:26 PM|2904|3303|87.92|Common|Gold
7503|Getting better|Reach level 10 in Classic Mode|13191|4 Jul 2018 7:21:08 PM|2974|3303|90.04|Common|Gold
7503|Go get them|Reach 50,000 points in Classic Mode|13190|4 Jul 2018 7:20:44 PM|2965|3303|89.77|Common|Gold
7503|Leveling up|Reach level 5 in Classic Mode|13189|4 Jul 2018 7:18:01 PM|3132|3303|94.82|Common|Gold
7503|Little by little|Reach 25,000 points in Classic Mode|13188|4 Jul 2018 7:16:43 PM|3079|3303|93.22|Common|Gold
7503|Overpowered|Die for the first time|13187|4 Jul 2018 7:15:24 PM|3292|3303|99.67|Common|Silver
7503|Getting Started|Kill your first enemy|13186|4 Jul 2018 7:14:51 PM|3289|3303|99.58|Common|Silver
7540|Adept Perfectionist|Earn a medal for every 15x15 puzzle|13185|4 Jul 2018 11:41:58 AM|676|990|68.28|Common|Silver
7540|Adept Completionist|Solve all the 15x15 puzzles|13184|4 Jul 2018 11:41:57 AM|680|990|68.69|Common|Silver
6115|Level 2 - Normal|Clear Level 2 on Normal Difficulty|13183|3 Jul 2018 9:43:18 PM|301|403|74.69|Common|Bronze
6115|Spiked Boots|Unlock the Spiked Boots Upgrade|13182|3 Jul 2018 9:43:02 PM|293|403|72.7|Common|Silver
7540|Casual Perfectionist|Earn a medal for every 10x10 puzzle|13181|3 Jul 2018 9:31:27 PM|782|990|78.99|Common|Silver
7540|Casual Completionist|Solve all the 10x10 puzzles|13180|3 Jul 2018 9:31:26 PM|790|990|79.8|Common|Silver
6115|Level 1 - Normal|Clear Level 1 on Normal Difficulty|13179|3 Jul 2018 9:21:08 PM|354|403|87.84|Common|Bronze
6115|Ionic Dash|Unlock the Ionic Dash Ability|13178|3 Jul 2018 9:20:51 PM|312|403|77.42|Common|Silver
7540|Expert Smarty Pants|Solve a 20x20 puzzle without using an X|13177|3 Jul 2018 8:57:23 PM|775|990|78.28|Common|Gold
7540|Expert Speed Demon|Solve a 20x20 puzzle in under 10 minutes|13176|3 Jul 2018 8:57:16 PM|764|990|77.17|Common|Silver
7540|Expert Puzzler|Solve a 20x20 puzzle|13175|3 Jul 2018 8:57:13 PM|781|990|78.89|Common|Bronze
7540|Talented Smarty Pants|Solve a 20x15 puzzle without using an X|13174|3 Jul 2018 8:48:51 PM|782|990|78.99|Common|Gold
7540|Talented Speed Demon|Solve a 20x15 puzzle in under 5 minutes|13173|3 Jul 2018 8:48:50 PM|769|990|77.68|Common|Silver
7540|Talented Puzzler|Solve a 20x15 puzzle|13172|3 Jul 2018 8:48:49 PM|788|990|79.6|Common|Bronze
7540|Adept Smarty Pants|Solve a 15x15 puzzle without using an X|13171|3 Jul 2018 8:43:30 PM|844|990|85.25|Common|Gold
7540|Adept Speed Demon|Solve a 15x15 puzzle in under 3 minutes|13170|3 Jul 2018 8:43:29 PM|833|990|84.14|Common|Silver
7540|Adept Puzzler|Solve a 15x15 puzzle|13169|3 Jul 2018 8:43:28 PM|853|990|86.16|Common|Bronze
7540|Casual Speed Demon|Solve a 10x10 puzzle in under 1 minute|13168|3 Jul 2018 8:16:52 PM|879|990|88.79|Common|Silver
7540|Casual Puzzler|Solve a 10x10 puzzle|13167|3 Jul 2018 8:15:25 PM|938|990|94.75|Common|Bronze
7540|Casual Smarty Pants|Solve a 10x10 puzzle without using an X|13166|3 Jul 2018 8:15:25 PM|932|990|94.14|Common|Gold
7540|Tiny Speed Demon|Solve a 5x5 puzzle in under 15 seconds|13165|3 Jul 2018 8:05:11 PM|924|990|93.33|Common|Silver
7540|Tiny Puzzler|Solve a 5x5 puzzle|13164|3 Jul 2018 8:00:57 PM|977|990|98.69|Common|Bronze
6158|Showdown Completion|Complete all Puzzle Showdown 4K Trophies|13163|3 Jul 2018 7:56:27 PM|4323|5271|82.01|Common|Platinum
6158|Puzzle Champion|Complete 50 Puzzles|13162|3 Jul 2018 7:56:27 PM|4385|5271|83.19|Common|Gold
7504|Platinum-explosion|Complete all the trophies|13161|3 Jul 2018 4:18:05 PM|1334|1558|85.62|Common|Platinum
7504|Brave|Kill your first enemy in hard mode|13160|3 Jul 2018 4:18:05 PM|1345|1558|86.33|Common|Gold
7504|Kill them all|Kill 100 enemies in Arena Mode|13159|3 Jul 2018 4:14:11 PM|1340|1558|86.01|Common|Gold
7504|Without any mercy|Kill 75 enemies in Arena Mode|13158|3 Jul 2018 4:13:23 PM|1352|1558|86.78|Common|Gold
7504|Getting used|Kill 50 enemies in Arena Mode|13157|3 Jul 2018 4:12:33 PM|1358|1558|87.16|Common|Gold
7504|Kill or get killed|Kill 25 enemies in Arena Mode|13156|3 Jul 2018 4:11:45 PM|1362|1558|87.42|Common|Gold
7504|Unlock the Arena Mode|Reach 100,000 points in Classic Mode|13155|3 Jul 2018 3:21:36 PM|1362|1558|87.42|Common|Gold
7504|Show them who's boss|Reach 75,000 points in Classic Mode|13154|3 Jul 2018 3:13:20 PM|1382|1558|88.7|Common|Gold
2863|On A Rail|Travel by minecart to a point at least 500m in a single direction from where you started.|13153|3 Jul 2018 2:40:43 PM|69734|336926|20.7|Uncommon|Gold
7504|Go get them|Reach 50,000 points in Classic Mode|13152|3 Jul 2018 12:46:49 PM|1406|1558|90.24|Common|Gold
7504|Getting better|Reach level 10 in Classic Mode|13151|3 Jul 2018 12:46:13 PM|1408|1558|90.37|Common|Gold
7504|Little by little|Reach 25,000 points in Classic Mode|13150|3 Jul 2018 12:45:57 PM|1450|1558|93.07|Common|Gold
7504|Leveling up|Reach level 5 in Classic Mode|13149|3 Jul 2018 12:40:12 PM|1471|1558|94.42|Common|Gold
7504|Overpowered|Die for the first time|13148|3 Jul 2018 12:38:31 PM|1552|1558|99.61|Common|Silver
7504|Getting Started|Kill your first enemy|13147|3 Jul 2018 12:38:05 PM|1550|1558|99.49|Common|Silver
6158|Showdown Champion|10 Competitive Wins|13146|3 Jul 2018 12:31:14 PM|4475|5271|84.9|Common|Gold
3629|Life, uh... finds a way|Complete all other trophies|13145|3 Jul 2018 12:23:12 PM|3526|6330|55.7|Common|Platinum
3629|Building Blocks of Life|Build a LEGO object using Mr. DNA|13144|3 Jul 2018 12:23:12 PM|3805|6330|60.11|Common|Bronze
6158|Showdown Underdog|Come back from a 1000 point deficit in showdown|13143|3 Jul 2018 12:18:23 PM|4483|5271|85.05|Common|Gold
3629|Next Time It'll Be Flawless!|Achieve 100% Completion|13142|3 Jul 2018 12:17:56 PM|3595|6330|56.79|Common|Gold
6158|Showdown Winner|1 Competitive Win|13141|3 Jul 2018 12:13:15 PM|4645|5271|88.12|Common|Gold
6158|Another's Treasure|Complete an Another's Treasure Bonus twice in one Showdown|13140|3 Jul 2018 12:13:09 PM|4455|5271|84.52|Common|Gold
6158|Line of Five|Complete a Line Bonus of 5 pieces or more|13139|3 Jul 2018 12:07:34 PM|4589|5271|87.06|Common|Gold
6158|Triple Speed Streak|Complete 3 Speed Streak Bonuses in a row|13138|3 Jul 2018 12:00:38 PM|4901|5271|92.98|Common|Silver
6158|Puzzle Connoisseur|Complete a 510-piece Puzzle|13137|3 Jul 2018 11:56:54 AM|4652|5271|88.26|Common|Gold
6158|Puzzle Master|Complete a 510-piece Puzzle in under 2 hours|13136|3 Jul 2018 11:56:46 AM|4555|5271|86.42|Common|Gold
6158|Triple Jig|Complete 3rd Puzzle|13135|3 Jul 2018 11:56:45 AM|4956|5271|94.02|Common|Silver
6158|Ithsmus Be Difficult|Complete an Isthmus Bonus of 15 or more pieces|13134|3 Jul 2018 11:22:47 AM|4871|5271|92.41|Common|Gold
6158|Accuracy Streak|Complete 5 Accuracy Bonuses in a row|13133|3 Jul 2018 11:01:35 AM|4925|5271|93.44|Common|Silver
6158|Showdown Boon|Complete two 30-point or higher Bonus Points in one Showdown|13132|3 Jul 2018 11:01:01 AM|4941|5271|93.74|Common|Silver
6158|Relaxation Station|Complete a puzzle with scoring disabled|13131|3 Jul 2018 10:55:00 AM|5113|5271|97.0|Common|Bronze
6158|First Showdown|Compete against another player|13130|3 Jul 2018 10:54:53 AM|4658|5271|88.37|Common|Silver
6158|Do a Jig|Complete 1st Puzzle|13129|3 Jul 2018 10:54:52 AM|5180|5271|98.27|Common|Bronze
3099|Platinum|Complete all other trophies|13128|3 Jul 2018 10:35:15 AM|3428|8620|39.77|Uncommon|Platinum
3099|You Gotham all|Achieve 100% completion|13127|3 Jul 2018 10:35:15 AM|3554|8620|41.23|Uncommon|Gold
3099|DC-peasy|Unlock and purchase all characters|13126|3 Jul 2018 10:35:02 AM|3563|8620|41.33|Uncommon|Silver
3099|Hinteresting|Unlock and purchase all hints|13125|3 Jul 2018 10:32:20 AM|4720|8620|54.76|Common|Bronze
3099|Red all over|Unlock and purchase all red bricks|13124|3 Jul 2018 10:31:32 AM|3751|8620|43.52|Uncommon|Silver
3099|Everyone is awesome|View the credits without skipping them|13123|3 Jul 2018 5:47:58 AM|4294|8620|49.81|Uncommon|Bronze
3099|Nostalgia Trip|Complete The Containment Facility with the Batman 1966 Mode Red Brick active|13122|3 Jul 2018 5:41:33 AM|3738|8620|43.36|Uncommon|Bronze
3099|Batcaveman|Complete all Free Play in the Batcave|13121|3 Jul 2018 5:35:16 AM|3870|8620|44.9|Uncommon|Silver
3099|Power Rings|Complete all Lantern Constructs|13120|3 Jul 2018 5:34:55 AM|3697|8620|42.89|Uncommon|Bronze
3099|Gold Rush|Complete all Gold Brick challenges|13119|3 Jul 2018 5:28:18 AM|3636|8620|42.18|Uncommon|Gold
3099|No Joke|Destroy all Joker LEGO objects|13118|3 Jul 2018 5:28:17 AM|3730|8620|43.27|Uncommon|Bronze
3099|Card work|Find all the Joker cards|13117|3 Jul 2018 5:28:16 AM|3657|8620|42.42|Uncommon|Silver
3099|Caped Crusader|Complete all the Gold Brick Combat challenges|13116|3 Jul 2018 5:21:53 AM|3721|8620|43.17|Uncommon|Silver
3099|Lex do this!|Destroy all Luthor LEGO objects|13115|3 Jul 2018 5:17:49 AM|3752|8620|43.53|Uncommon|Bronze
2863|Leader Of The Pack|Befriend five wolves.|13114|2 Jul 2018 8:54:41 PM|91211|336926|27.07|Uncommon|Bronze
6265|Puzzle Dragon|Get all trophies: Start 10 puzzles, solve 1 easy puzzle, 1 medium puzzle, 1 hard puzzle, and 2 other puzzles, improve your time by at least 1 second, and solve a puzzle in more than 2 min.|13113|2 Jul 2018 8:46:56 PM|3293|3507|93.9|Common|Platinum
6265|I am the Puzzle Starter Kappa|Start 10 puzzles|13112|2 Jul 2018 8:46:56 PM|3424|3507|97.63|Common|Silver
6265|I am the Puzzle Starter Iota|Start 9 puzzles|13111|2 Jul 2018 8:46:44 PM|3426|3507|97.69|Common|Silver
6265|I am the Puzzle Starter Theta|Start 8 puzzles|13110|2 Jul 2018 8:46:08 PM|3429|3507|97.78|Common|Silver
6265|I am the Puzzle Starter Eta|Start 7 puzzles|13109|2 Jul 2018 8:45:58 PM|3432|3507|97.86|Common|Silver
6265|I am the Puzzle Starter Zeta|Start 6 puzzles|13108|2 Jul 2018 8:45:48 PM|3436|3507|97.98|Common|Silver
6265|Puzzle Legend|Solve 5 puzzles|13107|2 Jul 2018 8:45:25 PM|3305|3507|94.24|Common|Gold
6265|First Break|Improve your best result for first time.|13106|2 Jul 2018 8:45:23 PM|3304|3507|94.21|Common|Gold
6265|I am the Puzzle Starter Epsilon|Start 5 puzzles|13105|2 Jul 2018 8:44:52 PM|3442|3507|98.15|Common|Silver
6265|Puzzle Lord|Solve 4 puzzles|13104|2 Jul 2018 8:42:21 PM|3313|3507|94.47|Common|Gold
6265|Hard One|Solve a hard puzzle.|13103|2 Jul 2018 8:42:20 PM|3306|3507|94.27|Common|Silver
6265|I am the Puzzle Starter Delta|Start 4 puzzles|13102|2 Jul 2018 8:41:39 PM|3448|3507|98.32|Common|Silver
6265|Puzzle Master|Solve 3 puzzles|13101|2 Jul 2018 8:41:26 PM|3325|3507|94.81|Common|Gold
6265|Getting There|Solve a medium puzzle.|13100|2 Jul 2018 8:41:20 PM|3310|3507|94.38|Common|Silver
6265|I am the Puzzle Starter Gamma|Start 3 puzzles|13099|2 Jul 2018 8:40:30 PM|3460|3507|98.66|Common|Silver
6265|Puzzle Solver|Solve 2 puzzles|13098|2 Jul 2018 8:38:05 PM|3355|3507|95.67|Common|Silver
6265|Record Hunter|Improve your best time for 2 times.|13097|2 Jul 2018 8:38:05 PM|3339|3507|95.21|Common|Gold
6265|Close One|Improve your best result by one or less second.|13096|2 Jul 2018 8:37:57 PM|3333|3507|95.04|Common|Gold
6265|I am the Puzzle Starter Beta|Start 2 puzzles|13095|2 Jul 2018 8:34:20 PM|3471|3507|98.97|Common|Silver
6265|It's a Start|Solve an easy puzzle.|13094|2 Jul 2018 8:32:52 PM|3412|3507|97.29|Common|Silver
6265|Taking Time|Solve a puzzle in more than 2 min.|13093|2 Jul 2018 8:32:44 PM|3387|3507|96.58|Common|Gold
6265|I am the Puzzle Starter Alpha|Start 1 puzzle|13092|2 Jul 2018 8:22:43 PM|3500|3507|99.8|Common|Silver
7008|SQUAREBOY VS BULLIES|DEFEAT ALL THE BULLIES|13091|2 Jul 2018 8:17:29 PM|2143|2458|87.18|Common|Platinum
7008|BULLYING IS UNCOOL|FINISH THE GAME|13090|2 Jul 2018 8:17:29 PM|2146|2458|87.31|Common|Gold
7008|BIGGER THEY ARE, HARDER THEY FALL|DEFEAT BIG BOSS BULLY|13089|2 Jul 2018 8:16:19 PM|2146|2458|87.31|Common|Gold
7008|A BLACK ROBE ALONE MAKETH NOT THE NINJA|DEFEAT NINJA BULLY ON THE SHIP DECK|13088|1 Jul 2018 9:16:40 PM|2220|2458|90.32|Common|Gold
7008|GOTCHA SLIPPERY NINJA|THROW A CRATE ON THE NINJA BULLY ON THE SHIP DECK|13087|1 Jul 2018 9:16:09 PM|2218|2458|90.24|Common|Gold
7008|EARLY DELIVERY|HIT AN ENEMY WITH A CRATE|13086|1 Jul 2018 8:59:15 PM|2238|2458|91.05|Common|Silver
7008|BANDANAS ARE SILLY|DEFEAT BANDANA BULLY ON THE HIDEOUT ROOFTOP|13085|1 Jul 2018 8:40:57 PM|2318|2458|94.3|Common|Gold
7008|TAKING OUT THE TRASH|HIT AN ENEMY WITH A TRASH CAN|13084|1 Jul 2018 8:38:40 PM|2331|2458|94.83|Common|Silver
7008|BOXING CHAMP|HIT AN ENEMY WITH A BOX|13083|1 Jul 2018 8:34:10 PM|2345|2458|95.4|Common|Silver
7008|TIRE OR TYRE?|HIT AN ENEMY WITH A TIRE|13082|1 Jul 2018 8:29:36 PM|2392|2458|97.31|Common|Silver
7008|TRAINING|DESTROY ALL THE DUMMIES IN THE DOJO|13081|1 Jul 2018 8:23:19 PM|2438|2458|99.19|Common|Bronze
3099|Watchtower Wanderer|Complete all Free Play in the Watchtower|13080|1 Jul 2018 6:54:10 PM|4034|8620|46.8|Uncommon|Silver
3099|Batvandel|Destroy all Batman LEGO objects|13079|1 Jul 2018 6:21:22 PM|3739|8620|43.38|Uncommon|Bronze
3099|Galactic Attack|Complete all the Gold Brick Space Combat Challenges in the game|13078|1 Jul 2018 5:35:57 PM|3879|8620|45.0|Uncommon|Silver
3099|Ner-ner na ner-ner|Defeat 10 enemies with Superman's heat vision while flying|13077|1 Jul 2018 5:16:52 PM|4749|8620|55.09|Common|Bronze
3099|Larfleeced Special|Collect 100,000,000 studs|13076|1 Jul 2018 5:06:43 PM|3811|8620|44.21|Uncommon|Bronze
2863|When Pigs Fly|Use a saddle to ride a pig, then have the pig get hurt from fall damage while riding it.|13075|1 Jul 2018 8:26:03 AM|65161|336926|19.34|Rare|Silver
2863|Body Guard|Create an Iron Golem.|13074|1 Jul 2018 8:18:28 AM|86196|336926|25.58|Uncommon|Bronze
2863|Lion Tamer|Tame an Ocelot.|13073|1 Jul 2018 8:14:03 AM|62328|336926|18.5|Rare|Bronze
5488|CRUSHed IT!|Acquire every other trophy.|13072|1 Jul 2018 6:32:49 AM|4714|5752|81.95|Common|Platinum
5488|Spiky Ball|Unlock Max-D.|13071|1 Jul 2018 6:32:49 AM|4858|5752|84.46|Common|Silver
5488|Foxy Lady|Unlock Madusa.|13070|1 Jul 2018 6:30:56 AM|4784|5752|83.17|Common|Silver
5488|Super Racer|Win five different races.|13069|1 Jul 2018 6:25:34 AM|5256|5752|91.38|Common|Gold
4175|The study begins|Complete atleast one level in every game mode in "Puzzle"|13068|1 Jul 2018 6:10:28 AM|822|2764|29.74|Uncommon|Bronze
4175|Hero|Complete "Story" mode|13067|1 Jul 2018 5:50:06 AM|997|2764|36.07|Uncommon|Silver
