7754|Platinum Trophy|Collect all other 34 Trophies for this Trophy.|8602|25 Jul 2018 10:46:40 PM|2931|27934|10.49|Rare|Platinum
7754|Fashion Statement|Collect 20 Legendary Outfits|8601|25 Jul 2018 10:46:40 PM|3933|27934|14.08|Rare|Gold
7754|Interior Designer|Craft every Theme|8600|25 Jul 2018 10:24:17 PM|3817|27934|13.66|Rare|Bronze
7754|Armed and Dangerous|Collect 20 Legendary Weapons|8599|25 Jul 2018 10:08:20 PM|3879|27934|13.89|Rare|Gold
5564|Cynical master|Unlock all trophies in Demetrios.|8598|25 Jul 2018 9:56:17 PM|1213|1622|74.78|Common|Platinum
5564|I thought that would work!|Put the entire plant in the sorcerer's glass|8597|25 Jul 2018 9:56:17 PM|1271|1622|78.36|Common|Bronze
5564|Game Over expert|Experience all of the Game Overs|8596|25 Jul 2018 7:43:32 PM|1220|1622|75.22|Common|Gold
5564|I love to eat rotten things|Eat 3 rotten things on the floor|8595|25 Jul 2018 7:39:12 PM|1389|1622|85.64|Common|Bronze
5564|Leaving without closing the faucet|Forget to close the faucet before leaving Paris|8594|25 Jul 2018 7:31:30 PM|1238|1622|76.33|Common|Bronze
5564|Insulting the parents|Sandra insults her parents in her postcard|8593|25 Jul 2018 7:31:21 PM|1229|1622|75.77|Common|Bronze
5564|Chapter 6 complete|Finish the game|8592|25 Jul 2018 7:30:38 PM|1265|1622|77.99|Common|Gold
5564|Doctor Frankenstein|Create a clone of Bjorn and Caroline|8591|25 Jul 2018 7:25:46 PM|1246|1622|76.82|Common|Bronze
5564|Lick that!|Order Sandra to lick the statue|8590|25 Jul 2018 7:24:19 PM|1251|1622|77.13|Common|Bronze
5564|Insulting the statue|Insult the statue in the last room|8589|25 Jul 2018 7:23:41 PM|1242|1622|76.57|Common|Bronze
5564|Cookie expert|Get all the game cookies|8588|25 Jul 2018 7:23:11 PM|1235|1622|76.14|Common|Gold
5564|I wanna live!|Decide not to commit suicide after being poisoned|8587|25 Jul 2018 6:14:59 PM|1235|1622|76.14|Common|Bronze
5564|Chapter 5 complete|Finish Chapter 5|8586|25 Jul 2018 6:11:09 PM|1273|1622|78.48|Common|Bronze
5564|Play on tombs|Win 10,000 points on the pinball tombstone|8585|25 Jul 2018 6:04:06 PM|1256|1622|77.44|Common|Silver
5564|I hate little girls|Get rid of Caroline at the hideout|8584|25 Jul 2018 5:36:49 PM|1251|1622|77.13|Common|Bronze
5564|Chapter 4 complete|Finish Chapter 4|8583|25 Jul 2018 5:32:21 PM|1282|1622|79.04|Common|Bronze
5564|Insulting the hotel|Sandra write insults about the hotel|8582|25 Jul 2018 5:26:29 PM|1249|1622|77.0|Common|Bronze
5564|Oops, I fell|Fall from the roof accidentally|8581|25 Jul 2018 5:19:14 PM|1268|1622|78.18|Common|Bronze
5564|Game Over fan|Experience half of the Game Overs|8580|25 Jul 2018 5:16:21 PM|1271|1622|78.36|Common|Silver
5564|Flood the museum ground|Spill all the water in the container at the museum|8579|25 Jul 2018 4:58:18 PM|1262|1622|77.81|Common|Bronze
5564|Chapter 3 complete|Finish Chapter 3|8578|25 Jul 2018 4:55:58 PM|1299|1622|80.09|Common|Bronze
5564|Will you wake up?!|Try disturbing things on Henri|8577|25 Jul 2018 4:55:02 PM|1268|1622|78.18|Common|Bronze
5564|Just die, I don't care|Refuse to help Henri|8576|25 Jul 2018 4:33:21 PM|1259|1622|77.62|Common|Bronze
5564|Chapter 2 complete|Finish Chapter 2|8575|25 Jul 2018 4:26:58 PM|1334|1622|82.24|Common|Bronze
5564|Cookie eater|Get half of the game cookies|8574|25 Jul 2018 4:14:42 PM|1328|1622|81.87|Common|Silver
5564|Funfair complete|Get all funfair items|8573|25 Jul 2018 4:03:02 PM|1303|1622|80.33|Common|Gold
5564|Let's get them all|Win all the plushes at the funfair claw machines|8572|25 Jul 2018 4:01:05 PM|1337|1622|82.43|Common|Silver
5564|Mommy, I wanna stay at the funfair!|Win 1,000 coins at the funfair|8571|25 Jul 2018 3:56:20 PM|1285|1622|79.22|Common|Gold
5564|Trophy Plate Shoot|Win the Plate Shoot trophy|8570|25 Jul 2018 3:44:33 PM|1313|1622|80.95|Common|Bronze
5564|Trophy Pet Shoot|Win the Pet Shoot trophy|8569|25 Jul 2018 3:42:38 PM|1318|1622|81.26|Common|Bronze
5564|I love to die|Die ten times|8568|25 Jul 2018 3:31:44 PM|1349|1622|83.17|Common|Silver
5564|Bad luck!|Turn the wheel and die|8567|25 Jul 2018 3:31:41 PM|1334|1622|82.24|Common|Bronze
5564|Mommy, let's go to the funfair!|Win 100 coins at the funfair|8566|25 Jul 2018 3:27:24 PM|1339|1622|82.55|Common|Silver
5564|Trophy Horse Race|Win the Horse Race trophy|8565|25 Jul 2018 3:26:59 PM|1343|1622|82.8|Common|Bronze
5564|Trophy Worm Race|Win the Worm Race trophy|8564|25 Jul 2018 3:25:10 PM|1341|1622|82.68|Common|Bronze
5564|Chapter 1 complete|Finish Chapter 1|8563|25 Jul 2018 2:41:00 PM|1398|1622|86.19|Common|Bronze
5564|Please help!|Use at least 10 cookies|8562|25 Jul 2018 2:33:39 PM|1325|1622|81.69|Common|Bronze
5564|No respect for the police|Do dirty things at the police station|8561|25 Jul 2018 2:29:18 PM|1436|1622|88.53|Common|Bronze
6188|Ancient treasure|Try to wake up the lost Sentinel.|8560|25 Jul 2018 1:38:09 PM|21535|56060|38.41|Uncommon|Silver
6188|That went too far|Throw something as far as you can.|8559|25 Jul 2018 11:48:18 AM|23673|56060|42.23|Uncommon|Bronze
6188|Happy family|Reunite the family.|8558|25 Jul 2018 11:48:09 AM|21455|56060|38.27|Uncommon|Bronze
6188|Reckless cannonball|The higher, the funnier!|8557|25 Jul 2018 11:30:29 AM|19357|56060|34.53|Uncommon|Bronze
6431|Cynical master|Unlock all trophies in Demetrios.|8556|25 Jul 2018 4:17:56 AM|1124|1341|83.82|Common|Platinum
6431|Leaving without closing the faucet|Forget to close the faucet before leaving Paris|8555|25 Jul 2018 4:17:56 AM|1158|1341|86.35|Common|Bronze
6431|Insulting the parents|Sandra insults her parents in her postcard|8554|25 Jul 2018 4:17:49 AM|1144|1341|85.31|Common|Bronze
6431|Chapter 6 complete|Finish the game|8553|25 Jul 2018 4:17:04 AM|1178|1341|87.84|Common|Gold
6431|Game Over expert|Experience all of the Game Overs|8552|25 Jul 2018 4:14:35 AM|1137|1341|84.79|Common|Gold
6431|Lick that!|Order Sandra to lick the statue|8551|25 Jul 2018 4:13:05 AM|1173|1341|87.47|Common|Bronze
6431|Doctor Frankenstein|Create a clone of Bjorn and Caroline|8550|25 Jul 2018 4:12:32 AM|1167|1341|87.02|Common|Bronze
6431|Cookie expert|Get all the game cookies|8549|25 Jul 2018 4:11:10 AM|1147|1341|85.53|Common|Gold
6431|Insulting the statue|Insult the statue in the last room|8548|25 Jul 2018 4:10:28 AM|1156|1341|86.2|Common|Bronze
6431|I wanna live!|Decide not to commit suicide after being poisoned|8547|25 Jul 2018 3:53:35 AM|1159|1341|86.43|Common|Bronze
6431|Chapter 5 complete|Finish Chapter 5|8546|25 Jul 2018 3:50:39 AM|1179|1341|87.92|Common|Silver
6431|Play on tombs|Win 10,000 points on the pinball tombstone|8545|25 Jul 2018 3:43:48 AM|1168|1341|87.1|Common|Silver
6431|I hate little girls|Get rid of Caroline at the hideout|8544|25 Jul 2018 3:16:08 AM|1162|1341|86.65|Common|Bronze
6431|Chapter 4 complete|Finish Chapter 4|8543|25 Jul 2018 3:13:00 AM|1192|1341|88.89|Common|Silver
6431|Insulting the hotel|Sandra write insults about the hotel|8542|25 Jul 2018 3:06:51 AM|1162|1341|86.65|Common|Bronze
6431|Oops, I fell|Fall from the roof accidentally|8541|25 Jul 2018 3:03:15 AM|1164|1341|86.8|Common|Bronze
6431|Game Over fan|Experience half of the Game Overs|8540|25 Jul 2018 2:59:48 AM|1186|1341|88.44|Common|Silver
6431|I thought that would work!|Put the entire plant in the sorcerer's glass|8539|25 Jul 2018 2:51:53 AM|1182|1341|88.14|Common|Bronze
6431|Flood the museum ground|Spill all the water in the container at the museum|8538|25 Jul 2018 2:48:07 AM|1181|1341|88.07|Common|Bronze
6431|Chapter 3 complete|Finish Chapter 3|8537|25 Jul 2018 2:45:37 AM|1204|1341|89.78|Common|Silver
6431|Will you wake up?!|Try disturbing things on Henri|8536|25 Jul 2018 2:44:55 AM|1182|1341|88.14|Common|Bronze
6431|Just die, I don't care|Refuse to help Henri|8535|25 Jul 2018 2:24:27 AM|1181|1341|88.07|Common|Bronze
6431|Chapter 2 complete|Finish Chapter 2|8534|25 Jul 2018 2:17:07 AM|1229|1341|91.65|Common|Silver
6431|Cookie eater|Get half of the game cookies|8533|25 Jul 2018 2:08:13 AM|1220|1341|90.98|Common|Silver
6431|Funfair complete|Get all funfair items|8532|25 Jul 2018 2:04:42 AM|1201|1341|89.56|Common|Gold
6431|Let's get them all|Win all the plushes at the funfair claw machines|8531|25 Jul 2018 2:03:30 AM|1243|1341|92.69|Common|Silver
6431|Trophy Plate Shoot|Win the Plate Shoot trophy|8530|25 Jul 2018 1:59:00 AM|1204|1341|89.78|Common|Bronze
6431|Trophy Pet Shoot|Win the Pet Shoot trophy|8529|25 Jul 2018 1:53:57 AM|1223|1341|91.2|Common|Bronze
6431|I love to die|Die ten times|8528|25 Jul 2018 1:46:50 AM|1249|1341|93.14|Common|Silver
6431|Bad luck!|Turn the wheel and die|8527|25 Jul 2018 1:46:47 AM|1237|1341|92.24|Common|Bronze
6431|Mommy, let's go to the funfair!|Win 100 coins at the funfair|8526|25 Jul 2018 1:44:47 AM|1242|1341|92.62|Common|Silver
6431|Trophy Horse Race|Win the Horse Race trophy|8525|25 Jul 2018 1:43:23 AM|1244|1341|92.77|Common|Bronze
6431|Trophy Worm Race|Win the Worm Race trophy|8524|25 Jul 2018 1:42:51 AM|1242|1341|92.62|Common|Bronze
6431|Chapter 1 complete|Finish Chapter 1|8523|25 Jul 2018 1:26:17 AM|1282|1341|95.6|Common|Silver
6431|Please help!|Use at least 10 cookies|8522|25 Jul 2018 1:14:28 AM|1229|1341|91.65|Common|Bronze
6431|I love to eat rotten things|Eat 3 rotten things on the floor|8521|25 Jul 2018 1:14:22 AM|1279|1341|95.38|Common|Bronze
6431|No respect for the police|Do dirty things at the police station|8520|25 Jul 2018 1:10:48 AM|1328|1341|99.03|Common|Bronze
6433|Cynical master|Unlock all trophies in Demetrios.|8519|25 Jul 2018 12:07:50 AM|801|938|85.39|Common|Platinum
6433|Game Over expert|Experience all of the Game Overs|8518|25 Jul 2018 12:07:50 AM|805|938|85.82|Common|Gold
6433|Flood the museum ground|Spill all the water in the container at the museum|8517|24 Jul 2018 11:55:44 PM|826|938|88.06|Common|Bronze
6433|Funfair complete|Get all funfair items|8516|24 Jul 2018 11:50:47 PM|831|938|88.59|Common|Gold
6433|Trophy Plate Shoot|Win the Plate Shoot trophy|8515|24 Jul 2018 11:38:21 PM|835|938|89.02|Common|Bronze
6433|Leaving without closing the faucet|Forget to close the faucet before leaving Paris|8514|24 Jul 2018 8:36:10 PM|818|938|87.21|Common|Bronze
6433|Insulting the parents|Sandra insults her parents in her postcard|8513|24 Jul 2018 8:35:52 PM|815|938|86.89|Common|Bronze
6433|Chapter 6 complete|Finish the game|8512|24 Jul 2018 8:34:55 PM|825|938|87.95|Common|Gold
6433|Lick that!|Order Sandra to lick the statue|8511|24 Jul 2018 8:29:40 PM|824|938|87.85|Common|Bronze
6433|Doctor Frankenstein|Create a clone of Bjorn and Caroline|8510|24 Jul 2018 8:28:53 PM|820|938|87.42|Common|Bronze
6433|Cookie expert|Get all the game cookies|8509|24 Jul 2018 8:26:41 PM|812|938|86.57|Common|Gold
6433|Insulting the statue|Insult the statue in the last room|8508|24 Jul 2018 8:25:07 PM|821|938|87.53|Common|Bronze
6433|I wanna live!|Decide not to commit suicide after being poisoned|8507|24 Jul 2018 7:59:37 PM|818|938|87.21|Common|Bronze
6433|Chapter 5 complete|Finish Chapter 5|8506|24 Jul 2018 7:50:15 PM|826|938|88.06|Common|Silver
6433|Play on tombs|Win 10,000 points on the pinball tombstone|8505|24 Jul 2018 7:41:40 PM|823|938|87.74|Common|Silver
6433|I hate little girls|Get rid of Caroline at the hideout|8504|24 Jul 2018 7:20:09 PM|822|938|87.63|Common|Bronze
6433|Chapter 4 complete|Finish Chapter 4|8503|24 Jul 2018 7:11:52 PM|828|938|88.27|Common|Silver
6433|Insulting the hotel|Sandra write insults about the hotel|8502|24 Jul 2018 7:02:14 PM|819|938|87.31|Common|Bronze
6433|Oops, I fell|Fall from the roof accidentally|8501|24 Jul 2018 6:56:38 PM|824|938|87.85|Common|Bronze
6433|Game Over fan|Experience half of the Game Overs|8500|24 Jul 2018 6:51:42 PM|828|938|88.27|Common|Silver
6433|I thought that would work!|Put the entire plant in the sorcerer's glass|8499|24 Jul 2018 6:33:06 PM|827|938|88.17|Common|Bronze
6433|Chapter 3 complete|Finish Chapter 3|8498|24 Jul 2018 6:23:30 PM|837|938|89.23|Common|Silver
6433|Will you wake up?!|Try disturbing things on Henri|8497|24 Jul 2018 6:21:31 PM|831|938|88.59|Common|Bronze
6433|Just die, I don't care|Refuse to help Henri|8496|24 Jul 2018 2:28:55 PM|828|938|88.27|Common|Bronze
6433|Chapter 2 complete|Finish Chapter 2|8495|24 Jul 2018 2:15:04 PM|849|938|90.51|Common|Silver
6433|Cookie eater|Get half of the game cookies|8494|24 Jul 2018 1:58:48 PM|854|938|91.04|Common|Silver
6433|Let's get them all|Win all the plushes at the funfair claw machines|8493|24 Jul 2018 1:49:43 PM|855|938|91.15|Common|Silver
6433|Trophy Pet Shoot|Win the Pet Shoot trophy|8492|24 Jul 2018 1:37:21 PM|848|938|90.41|Common|Bronze
6433|Bad luck!|Turn the wheel and die|8491|24 Jul 2018 10:59:57 AM|855|938|91.15|Common|Bronze
6433|Mommy, let's go to the funfair!|Win 100 coins at the funfair|8490|24 Jul 2018 10:58:17 AM|867|938|92.43|Common|Silver
6433|Trophy Horse Race|Win the Horse Race trophy|8489|24 Jul 2018 10:56:45 AM|866|938|92.32|Common|Bronze
6433|Trophy Worm Race|Win the Worm Race trophy|8488|24 Jul 2018 10:55:03 AM|863|938|92.0|Common|Bronze
6433|Please help!|Use at least 10 cookies|8487|24 Jul 2018 5:37:22 AM|852|938|90.83|Common|Bronze
6433|I love to die|Die ten times|8486|24 Jul 2018 5:31:16 AM|865|938|92.22|Common|Silver
6433|Chapter 1 complete|Finish Chapter 1|8485|24 Jul 2018 5:23:41 AM|891|938|94.99|Common|Silver
6433|I love to eat rotten things|Eat 3 rotten things on the floor|8484|24 Jul 2018 5:03:23 AM|897|938|95.63|Common|Bronze
6433|No respect for the police|Do dirty things at the police station|8483|24 Jul 2018 4:30:45 AM|936|938|99.79|Common|Bronze
6814|Perfect Brother|You unlocked every trophy of the game!|8482|23 Jul 2018 10:05:15 PM|307|769|39.92|Uncommon|Platinum
6814|Your Brother's Keeper|You defeated Mustacho and saved your brother!|8481|23 Jul 2018 10:05:15 PM|415|769|53.97|Common|Gold
6814|No Stranger to Danger|You defeated Mustacho without dying even once!|8480|23 Jul 2018 10:04:11 PM|324|769|42.13|Uncommon|Gold
6814|Kingdom of the Blind|No evil is safe from you and your grabby hands.|8479|23 Jul 2018 8:45:46 PM|343|769|44.6|Uncommon|Gold
6814|Tree of life|You found and assembled the entire Amulet for the Old Lady!|8478|23 Jul 2018 8:30:35 PM|325|769|42.26|Uncommon|Gold
5127|Completionist|Acquire all trophies.|8477|23 Jul 2018 7:50:51 PM|2214|13973|15.84|Rare|Platinum
5127|Wake Up|Finish the game on Nightmare difficulty.|8476|23 Jul 2018 7:50:51 PM|2339|13973|16.74|Rare|Gold
5127|The Truth|Reach the end of the Apartment level.|8475|23 Jul 2018 1:18:56 PM|2622|13973|18.76|Rare|Gold
5127|The Good One|Get the 'A' ending.|8474|23 Jul 2018 1:18:55 PM|2450|13973|17.53|Rare|Gold
5127|Butterfly Expert|Collect MORE butterflies.|8473|23 Jul 2018 1:12:48 PM|2322|13973|16.62|Rare|Gold
5127|Boogeyman|Defeat the glower.|8472|23 Jul 2018 1:12:34 PM|2456|13973|17.58|Rare|Silver
5127|Note Expert|Find ALL notes.|8471|23 Jul 2018 12:42:30 PM|2428|13973|17.38|Rare|Gold
5127|Item Hoarder|Find tons of items.|8470|23 Jul 2018 11:57:26 AM|2505|13973|17.93|Rare|Gold
5127|School's Out|Reach the end of the School.|8469|23 Jul 2018 11:03:22 AM|2701|13973|19.33|Rare|Gold
5127|Otherworld|Reach the other side.|8468|23 Jul 2018 11:03:21 AM|2689|13973|19.24|Rare|Gold
5127|Troublemaker|Become a delinquent.|8467|23 Jul 2018 3:41:49 AM|2800|13973|20.04|Uncommon|Silver
5127|Released|Reach the end of the Hospital.|8466|23 Jul 2018 3:01:16 AM|3045|13973|21.79|Uncommon|Gold
6814|Perfect Sliding|You escaped the Beast without dying!|8465|22 Jul 2018 11:31:42 PM|319|769|41.48|Uncommon|Silver
3304|Year 2|Spend two years in the Eighth Underworld.|8464|22 Jul 2018 9:25:07 PM|40699|134944|30.16|Uncommon|Silver
3304|"ME, ME, ME-ME-ME!"|Chant with the bees.|8463|22 Jul 2018 9:07:29 PM|32539|134944|24.11|Uncommon|Bronze
3304|"Manny, we've given up. All of us."|Talk to Membrillo about why he's still here.|8462|22 Jul 2018 8:35:46 PM|44370|134944|32.88|Uncommon|Bronze
3304|"Here, let me hold that metal detector for you while you cry..."|Listen to Carla's whole story.|8461|22 Jul 2018 8:16:52 PM|36125|134944|26.77|Uncommon|Bronze
3304|"Oh Rusty Anchor"|Have Glottis sing you the rusty anchor song.|8460|22 Jul 2018 7:24:34 PM|32119|134944|23.8|Uncommon|Bronze
3304|"So, sorry, but I don't do... 'odd jobs.'"|Try to convince Verago to help you out.|8459|22 Jul 2018 6:53:32 PM|43888|134944|32.52|Uncommon|Bronze
3304|"We're straight stingers, you know?"|Talk to the worker bees about playing the game.|8458|22 Jul 2018 6:45:23 PM|45968|134944|34.06|Uncommon|Bronze
3304|"Consider it an homage."|Have Olivia recite one of your poems.|8457|22 Jul 2018 6:41:14 PM|40665|134944|30.13|Uncommon|Silver
3304|"Come to see how the big boys play, eh Manny?"|Visit with Maximino.|8456|22 Jul 2018 6:24:54 PM|39518|134944|29.28|Uncommon|Bronze
3304|"Oh, yeah, I could take you down..."|Try to convince Aitor to take you down to the wine cellar.|8455|22 Jul 2018 6:22:40 PM|41773|134944|30.96|Uncommon|Bronze
5127|Survival|Survive.|8454|22 Jul 2018 4:08:58 PM|5874|13973|42.04|Uncommon|Silver
5127|Note Collector|Find some notes.|8453|22 Jul 2018 1:47:39 PM|5246|13973|37.54|Uncommon|Silver
5127|Butterfly Collector|Collect some butterfies.|8452|22 Jul 2018 1:30:30 PM|4079|13973|29.19|Uncommon|Silver
5127|But Who Was Phone?|Answer the phone.|8451|22 Jul 2018 1:04:25 PM|10861|13973|77.73|Common|Silver
7754|Home Sweet Home|Build 1 of every room type|8450|22 Jul 2018 11:27:57 AM|6527|27934|23.37|Uncommon|Bronze
7754|Overachieve Much?|Complete 100 objectives|8449|22 Jul 2018 11:06:18 AM|3766|27934|13.48|Rare|Silver
7754|Legend of the Wastes|Complete 100 Quests|8448|22 Jul 2018 10:53:30 AM|4113|27934|14.72|Rare|Gold
3304|"We are all citizens of the same nation, and our king rides a pale horse."|Try to get a passport from Chowchilla Charlie.|8447|22 Jul 2018 1:05:11 AM|47894|134944|35.49|Uncommon|Bronze
3304|"It shone, pale as bone..."|Look at the moon.|8446|22 Jul 2018 12:52:30 AM|37099|134944|27.49|Uncommon|Bronze
3304|"YOU'RE NOT EVEN LISTENING TO ME!!!"|Ask Lupe about her organizational system.|8445|22 Jul 2018 12:47:57 AM|48925|134944|36.26|Uncommon|Bronze
3304|"Well, maybe just a sip..."|Sample the Marillo de Oro.|8444|22 Jul 2018 12:44:14 AM|46112|134944|34.17|Uncommon|Bronze
3304|"Plus, we look good in these clothes!"|Talk to Glottis about leaving.|8443|22 Jul 2018 12:42:47 AM|48286|134944|35.78|Uncommon|Bronze
3304|"Great news -- we've discovered a new, secret talent of our tiny messengers!"|Catch up on how the pigeons are doing.|8442|22 Jul 2018 12:39:36 AM|39556|134944|29.31|Uncommon|Bronze
3304|Year 1|Spend a year in the Eighth Underworld.|8441|21 Jul 2018 11:52:07 PM|50408|134944|37.35|Uncommon|Silver
3304|"...Used to scream like a banshee when the trade winds blew..."|Ask Velasco about his eye patch.|8440|21 Jul 2018 11:48:28 PM|50238|134944|37.23|Uncommon|Bronze
3304|"We only have one mop."|Check your job qualifications with Celso.|8439|21 Jul 2018 11:43:13 PM|50249|134944|37.24|Uncommon|Bronze
3304|"The marrow of these trees, Manny, they suck it out, it's like cement!"|Ask Glottis about the tree farm.|8438|21 Jul 2018 11:08:54 PM|54749|134944|40.57|Uncommon|Bronze
3304|"Run you pigeons! It's Robert Frost!"|Try to intimidate the pigeons.|8437|21 Jul 2018 9:18:12 PM|41821|134944|30.99|Uncommon|Bronze
3304|"'ARROGANT FRAUD' doesn't work."|Try to guess Domino's password a few times.|8436|21 Jul 2018 9:10:43 PM|48232|134944|35.74|Uncommon|Silver
3304|"Join or Die! Again!"|Receive a message from Eva.|8435|21 Jul 2018 9:08:15 PM|61649|134944|45.68|Uncommon|Bronze
3304|"Precisamente, amigo."|Learn of a nefarious plot.|8434|21 Jul 2018 9:05:36 PM|61597|134944|45.65|Uncommon|Bronze
3304|"Well, I could do something bad right now if that would help."|Try to dig up some dirt on Meche.|8433|21 Jul 2018 8:54:38 PM|64182|134944|47.56|Uncommon|Bronze
3304|"I squeezed down one of these tubes, like a pixie!"|Talk to Brennis about how he got to the machine.|8432|21 Jul 2018 8:45:32 PM|68347|134944|50.65|Common|Bronze
3304|"Lousy bony fingers!"|Get the balloon twister to pop a ballon.|8431|21 Jul 2018 8:28:49 PM|89413|134944|66.26|Common|Bronze
3304|"Scaring the living is technically against the rules, but we all do it."|Scare the living a few times.|8430|21 Jul 2018 8:18:18 PM|60887|134944|45.12|Uncommon|Bronze
3304|"It's like I'm not happy unless I'm breathing in the thick, black, nauseating fumes..."|Talk to Glottis about cravings.|8429|21 Jul 2018 5:04:39 PM|57219|134944|42.4|Uncommon|Bronze
3304|"Gets the aggressions out, doesn't it?"|Use the hole punch.|8428|21 Jul 2018 4:57:00 PM|83997|134944|62.25|Common|Bronze
3304|"What I did back in the fat days is none of your business. You know the rules."|Talk to Eva about how she got stuck here.|8427|21 Jul 2018 4:56:47 PM|97162|134944|72.0|Common|Bronze
4694|Cult Friction Baby!|Win all the original Cult Classics Championships|8426|20 Jul 2018 10:30:08 PM|64976|190645|34.08|Uncommon|Silver
3568|Starry sky|Earn an incredible amount of stars. (50%)|8425|20 Jul 2018 9:34:52 PM|10361|36231|28.6|Uncommon|Gold
5840|Lord Protector|Lord protector and Guardian of the northern light and all lands above the great sand sea.
Unlocked all the trophies.|8424|20 Jul 2018 7:39:46 PM|1127|1393|80.9|Common|Platinum
5840|Escape Li Pha|Avoid and Escape from Li Pha before his touch steals your soul.|8423|20 Jul 2018 7:39:46 PM|1168|1393|83.85|Common|Gold
5840|Splinter Eradicator|Destroy all of Dark Shards splinters|8422|20 Jul 2018 7:36:19 PM|1149|1393|82.48|Common|Gold
5840|Treasure Hunter|Opened all of the chests at least once.|8421|20 Jul 2018 7:30:35 PM|1154|1393|82.84|Common|Gold
5840|Cave Zombling Slayer|Slay at least 250 Cave Zomblings|8420|20 Jul 2018 7:20:38 PM|1153|1393|82.77|Common|Silver
5840|One Eyed Foe|Slay at least 10 Cycloptus|8419|20 Jul 2018 7:15:23 PM|1165|1393|83.63|Common|Silver
5840|Defeat Harry The Yeti King|Defeat Harry in his arena releasing him from Dark Shards control.|8418|20 Jul 2018 7:05:07 PM|1176|1393|84.42|Common|Gold
5840|Rescue DBot|Successfully rescue DBot.|8417|20 Jul 2018 7:05:04 PM|1176|1393|84.42|Common|Silver
5840|Ice Zombling Slayer|Slay at least 250 Ice Zomblings|8416|20 Jul 2018 6:42:30 PM|1148|1393|82.41|Common|Silver
5840|Escape The Dark Cave|Complete Chapter 4 - The Dark Cave|8415|20 Jul 2018 6:35:40 PM|1169|1393|83.92|Common|Gold
3568|Thank you for playing!|Clear the credits level collecting all orbs.|8414|20 Jul 2018 5:34:10 PM|9054|36231|24.99|Uncommon|Bronze
5840|Escape The Frozen Fortress|Complete Chapter 3 - The Frozen Fortress|8413|20 Jul 2018 2:24:58 PM|1176|1393|84.42|Common|Gold
4694|Crush Your Enemies!|Win 20 Multiplayer Races|8412|20 Jul 2018 1:22:30 PM|25814|190645|13.54|Rare|Gold
4694|INCOMING!|Use an EMP to block an incoming Missile|8411|20 Jul 2018 12:44:38 PM|32090|190645|16.83|Rare|Bronze
4694|WWW.INNING!!!|Win your 1st Multiplayer Race|8410|20 Jul 2018 12:31:55 PM|56450|190645|29.61|Uncommon|Silver
4694|Its The Taking Part That Counts|Complete your 1st Multiplayer race|8409|20 Jul 2018 12:31:54 PM|72950|190645|38.26|Uncommon|Bronze
7754|Overseer|Level up a Dweller from Level 1 to 50|8408|20 Jul 2018 2:57:00 AM|6914|27934|24.75|Uncommon|Silver
5840|Zomber Slayer|Slay at least 50 Zombers.|8407|19 Jul 2018 11:47:33 PM|1197|1393|85.93|Common|Silver
5840|Escape The Lava Lakes|Complete Chapter 2 - The Lava Lakes|8406|19 Jul 2018 11:42:23 PM|1202|1393|86.29|Common|Gold
5840|Release Hammerfist|Realease Hammerfist The Black Smith from Dark Shards evil influence|8405|19 Jul 2018 11:42:20 PM|1199|1393|86.07|Common|Gold
5840|Ouch Lava!|Fall into the lava 10 times or more.|8404|19 Jul 2018 11:37:36 PM|1226|1393|88.01|Common|Silver
5840|Rescue Nim|Successfully rescue Nim.|8403|19 Jul 2018 11:36:53 PM|1213|1393|87.08|Common|Bronze
5840|Lava Zombling Slayer|Slay at least 250 Lava Zomblings|8402|19 Jul 2018 11:31:24 PM|1210|1393|86.86|Common|Bronze
5840|Escape The Skyling Forest|Complete Chapter 1 - The Skyling Forest|8401|19 Jul 2018 11:21:05 PM|1243|1393|89.23|Common|Silver
5840|Release Woodface|Release Woodface from Dark Shards evil infulence.|8400|19 Jul 2018 11:20:59 PM|1244|1393|89.3|Common|Silver
5840|Forest Zombling Slayer|Slay at least 250 Forest Zomblings|8399|19 Jul 2018 11:06:56 PM|1283|1393|92.1|Common|Bronze
5840|Rescue YumYum|Successfully rescue YumYum.|8398|19 Jul 2018 11:03:25 PM|1296|1393|93.04|Common|Bronze
5840|Bounce Connoisseur|Jump on 25 Bounce Pods|8397|19 Jul 2018 10:56:33 PM|1299|1393|93.25|Common|Bronze
5840|Become One With The Fishes|Fall into the water 10 times or more.|8396|19 Jul 2018 10:52:38 PM|1304|1393|93.61|Common|Bronze
5841|Lord Protector|Lord protector and Guardian of the northern light and all lands above the great sand sea.
Unlocked all the trophies.|8395|19 Jul 2018 10:50:51 PM|1844|2354|78.33|Common|Platinum
5841|Splinter Eradicator|Destroy all of Dark Shards splinters|8394|19 Jul 2018 10:50:51 PM|1863|2354|79.14|Common|Gold
5841|Escape The Dark Cave|Complete Chapter 4 - The Dark Cave|8393|19 Jul 2018 10:21:49 PM|1903|2354|80.84|Common|Gold
5841|Escape Li Pha|Avoid and Escape from Li Pha before his touch steals your soul.|8392|19 Jul 2018 10:14:06 PM|1900|2354|80.71|Common|Gold
5841|Treasure Hunter|Opened all of the chests at least once.|8391|19 Jul 2018 10:00:30 PM|1876|2354|79.69|Common|Gold
5841|Cave Zombling Slayer|Slay at least 250 Cave Zomblings|8390|19 Jul 2018 9:54:11 PM|1882|2354|79.95|Common|Silver
5841|One Eyed Foe|Slay at least 10 Cycloptus|8389|19 Jul 2018 9:53:17 PM|1897|2354|80.59|Common|Silver
5841|Escape The Frozen Fortress|Complete Chapter 3 - The Frozen Fortress|8388|19 Jul 2018 9:39:15 PM|1921|2354|81.61|Common|Gold
5841|Defeat Harry The Yeti King|Defeat Harry in his arena releasing him from Dark Shards control.|8387|19 Jul 2018 9:39:11 PM|1916|2354|81.39|Common|Gold
5841|Rescue DBot|Successfully rescue DBot.|8386|19 Jul 2018 9:39:08 PM|1916|2354|81.39|Common|Silver
5841|Ice Zombling Slayer|Slay at least 250 Ice Zomblings|8385|19 Jul 2018 9:11:04 PM|1869|2354|79.4|Common|Silver
5841|Escape The Lava Lakes|Complete Chapter 2 - The Lava Lakes|8384|19 Jul 2018 8:27:51 PM|1978|2354|84.03|Common|Gold
5841|Release Hammerfist|Realease Hammerfist The Black Smith from Dark Shards evil influence|8383|19 Jul 2018 8:27:47 PM|1977|2354|83.98|Common|Gold
5841|Rescue Nim|Successfully rescue Nim.|8382|19 Jul 2018 8:03:58 PM|2014|2354|85.56|Common|Bronze
5841|Lava Zombling Slayer|Slay at least 250 Lava Zomblings|8381|19 Jul 2018 7:45:47 PM|1999|2354|84.92|Common|Bronze
5841|Zomber Slayer|Slay at least 50 Zombers.|8380|19 Jul 2018 7:45:46 PM|1949|2354|82.8|Common|Silver
5841|Ouch Lava!|Fall into the lava 10 times or more.|8379|19 Jul 2018 7:35:12 PM|2051|2354|87.13|Common|Silver
5841|Escape The Skyling Forest|Complete Chapter 1 - The Skyling Forest|8378|19 Jul 2018 7:34:39 PM|2065|2354|87.72|Common|Silver
5841|Release Woodface|Release Woodface from Dark Shards evil infulence.|8377|19 Jul 2018 7:34:33 PM|2065|2354|87.72|Common|Silver
5841|Forest Zombling Slayer|Slay at least 250 Forest Zomblings|8376|19 Jul 2018 5:22:24 PM|2131|2354|90.53|Common|Bronze
5841|Rescue YumYum|Successfully rescue YumYum.|8375|19 Jul 2018 5:17:43 PM|2160|2354|91.76|Common|Bronze
5841|Bounce Connoisseur|Jump on 25 Bounce Pods|8374|19 Jul 2018 4:52:13 PM|2163|2354|91.89|Common|Bronze
5841|Become One With The Fishes|Fall into the water 10 times or more.|8373|19 Jul 2018 4:46:02 PM|2188|2354|92.95|Common|Bronze
4694|The Fast and...|Purchase a Street Racer|8372|19 Jul 2018 2:45:46 PM|78644|190645|41.25|Uncommon|Bronze
4694|I'm Spartacus!|Hit all opponents with Centurion wheels|8371|19 Jul 2018 2:42:17 PM|33916|190645|17.79|Rare|Bronze
3568|I will never let you go|Fall into a pit with the chopper.|8370|19 Jul 2018 12:28:07 PM|12280|36231|33.89|Uncommon|Bronze
3568|Teamwork|Clear a level with all characters|8369|19 Jul 2018 12:12:52 PM|9841|36231|27.16|Uncommon|Bronze
3568|I am the boss|Clear a boss level without dying.|8368|19 Jul 2018 11:27:11 AM|12245|36231|33.8|Uncommon|Silver
3568|Everybody has a chance|Clear final Krogma level with all characters.|8367|19 Jul 2018 11:27:10 AM|8883|36231|24.52|Uncommon|Silver
3568|You shall not pass|Clear the final Krogma level without dying.|8366|19 Jul 2018 11:27:09 AM|8858|36231|24.45|Uncommon|Gold
3568|Paradox|Clear a Boss level using the secret character.|8365|19 Jul 2018 12:59:01 AM|9501|36231|26.22|Uncommon|Bronze
3568|The fixer|Clear a level playing with the secret character.|8364|19 Jul 2018 12:59:00 AM|9668|36231|26.68|Uncommon|Bronze
4694|Fancy Rims|Purchase your 1st wheel upgrade|8363|18 Jul 2018 7:59:55 PM|79646|190645|41.78|Uncommon|Bronze
4694|Museum Standard|Fully upgrade all Cult Classics|8362|18 Jul 2018 7:31:42 PM|42647|190645|22.37|Uncommon|Silver
4694|Pimped That Ride!|Fully upgrade a car|8361|18 Jul 2018 7:03:27 PM|112141|190645|58.82|Common|Silver
4694|Culture Club!|Purchase all original Cult Classics|8360|18 Jul 2018 7:03:01 PM|51785|190645|27.16|Uncommon|Bronze
4694|Tuned Huh?|Upgrade a car|8359|18 Jul 2018 5:25:51 PM|139225|190645|73.03|Common|Bronze
4694|Nailed it!|Win your 1st Championship event!|8358|18 Jul 2018 5:25:18 PM|161076|190645|84.49|Common|Bronze
4694|A Rite Of Passage|Purchase your 1st car!|8357|18 Jul 2018 5:21:37 PM|187819|190645|98.52|Common|Bronze
7754|Scraptastic|Scrap 500 items|8356|18 Jul 2018 3:20:44 PM|5146|27934|18.42|Rare|Gold
3568|No more darkness|Paint the whole world with color.|8355|18 Jul 2018 3:04:19 PM|9913|36231|27.36|Uncommon|Bronze
3568|All safe!|Release all Tokis from their cages.|8354|18 Jul 2018 3:01:04 PM|9911|36231|27.36|Uncommon|Silver
6814|Trust me|You stole back your kid brother like a boss!|8353|17 Jul 2018 11:13:07 PM|335|769|43.56|Uncommon|Silver
3568|This is SPARTA!|Fall off a cliff 100 times.|8352|17 Jul 2018 10:02:19 AM|9807|36231|27.07|Uncommon|Bronze
3568|Hiking adventure|Defeat the Mountain Boss.|8351|17 Jul 2018 9:31:33 AM|11096|36231|30.63|Uncommon|Silver
7754|Decorator|Collect all Fragments of 4 Theme Recipes|8350|17 Jul 2018 1:45:40 AM|6083|27934|21.78|Uncommon|Silver
3568|Rod Zombie|Die 500 times.|8349|16 Jul 2018 11:50:17 PM|10131|36231|27.96|Uncommon|Bronze
3568|Cama cama chameleon|Clear a level collecting only multicolor orbs.|8348|16 Jul 2018 11:45:00 PM|13933|36231|38.46|Uncommon|Bronze
3568|Look at those reflexes!|Clear a speed level wihout dying or missing any orbs.|8347|16 Jul 2018 11:29:27 PM|12657|36231|34.93|Uncommon|Silver
3568|Castle Seeker|Find all of the Castle's hidden Tokis.|8346|16 Jul 2018 11:18:04 PM|12077|36231|33.33|Uncommon|Silver
3568|Color Guardian jelly time!|Stay 5 minutes on a level using Jellies wihout dying.|8345|16 Jul 2018 10:44:29 PM|10851|36231|29.95|Uncommon|Bronze
3568|We're not worthy!|Clear a level with no stars.|8344|16 Jul 2018 9:30:24 PM|17897|36231|49.4|Uncommon|Bronze
3568|Party Like It’s 2015|Change colors 215 times on a level.|8343|16 Jul 2018 9:23:39 PM|16670|36231|46.01|Uncommon|Bronze
3568|None left|Destroy every single goblin in Mountain level 3.|8342|16 Jul 2018 1:47:08 PM|10375|36231|28.64|Uncommon|Bronze
3568|Check every door|Open all gates in Mountain level 2.|8341|16 Jul 2018 1:40:54 PM|11130|36231|30.72|Uncommon|Bronze
3568|Goblin's aren't so bad|Encounter the Old Goblin.|8340|16 Jul 2018 1:36:10 PM|11955|36231|33.0|Uncommon|Bronze
7754|More Than Handy|Craft an Outfit, a Weapon, and a Theme|8339|16 Jul 2018 11:40:18 AM|5438|27934|19.47|Rare|Bronze
3568|Light at the end|Defeat Krogma on Crystal cave.|8338|16 Jul 2018 11:28:50 AM|11963|36231|33.02|Uncommon|Bronze
3568|Starsky and Hutch|Earn a big pile of stars. (30%)|8337|16 Jul 2018 11:04:23 AM|12163|36231|33.57|Uncommon|Silver
3568|Rail master|Clear Crystal Cave level 6 without crashing any obstacles on the color rails.|8336|16 Jul 2018 10:49:35 AM|12239|36231|33.78|Uncommon|Bronze
3568|Tilting at windmills|Defeat the Windmill Boss.|8335|16 Jul 2018 10:16:27 AM|13512|36231|37.29|Uncommon|Bronze
3568|Aiming for the stars|Earn a bunch of stars. (20%)|8334|16 Jul 2018 9:55:24 AM|14046|36231|38.77|Uncommon|Bronze
3568|One track mind|Get to the end of windmill 7 level without using a single jelly.|8333|16 Jul 2018 9:50:35 AM|11208|36231|30.93|Uncommon|Bronze
3568|Rod-zenegger|Get to the choppa!!! Don't miss any of the choppers on Windmill Level 6.|8332|16 Jul 2018 9:44:25 AM|12674|36231|34.98|Uncommon|Bronze
3568|No fear|Clear a level without passing through checkpoints.|8331|16 Jul 2018 9:34:00 AM|13991|36231|38.62|Uncommon|Bronze
7754|Survivalist|Complete 60 Quests|8330|15 Jul 2018 11:36:52 PM|5748|27934|20.58|Uncommon|Silver
4211|Speedreader|Completed the game having found all 24 journal entries, with no Modifiers enabled, in less than 10 minutes. (From New Game in a single session only)|8329|15 Jul 2018 10:45:27 PM|19833|114240|17.36|Rare|Gold
6814|Clever Boy|One Sea of Sand, 2 earth pillars, 3 drawings - piece of cake.|8328|15 Jul 2018 10:04:04 PM|383|769|49.8|Uncommon|Silver
6814|For Whom The Bell Tolls|Time Marches On (Rang a bell).|8327|15 Jul 2018 9:51:36 PM|429|769|55.79|Common|Bronze
6814|Immune to Lava|You didn't die in Death By Lava.|8326|15 Jul 2018 8:58:14 PM|323|769|42.0|Uncommon|Silver
6814|Can't Touch This|You completed a level without dying.|8325|15 Jul 2018 8:58:13 PM|433|769|56.31|Common|Silver
3568|Flying high|Use windchopper for the first time.|8324|15 Jul 2018 7:50:41 PM|15696|36231|43.32|Uncommon|Bronze
3568|Sorry, no princess in our castle|Defeat the Castle Boss.|8323|15 Jul 2018 7:37:17 PM|18538|36231|51.17|Common|Bronze
3568|I was in the pool!|Fall into the water 3 times in a row|8322|15 Jul 2018 7:12:52 PM|19957|36231|55.08|Common|Bronze
3568|Well done!|Get 3 stars on any level.|8321|15 Jul 2018 7:08:00 PM|22181|36231|61.22|Common|Bronze
3568|Put a ring on it!|Get diamond stars on any level.|8320|15 Jul 2018 7:07:56 PM|14687|36231|40.54|Uncommon|Bronze
3568|Colorama|Grab 2000 color orbs.|8319|15 Jul 2018 7:01:30 PM|18510|36231|51.09|Common|Bronze
3568|Really? REALLY?!?!|Almost perfect a level and miss by one orb.|8318|15 Jul 2018 5:56:44 PM|14570|36231|40.21|Uncommon|Bronze
3568|Lollilollilollilollipop|Collect 100 big color orbs.|8317|15 Jul 2018 5:55:51 PM|22719|36231|62.71|Common|Bronze
3568|Color overcharge|Complete 5 bonus color sequences.|8316|15 Jul 2018 5:51:43 PM|22114|36231|61.04|Common|Bronze
3568|Diamond glitter!|Grab 500 orbs the perfect way.|8315|15 Jul 2018 5:49:01 PM|20757|36231|57.29|Common|Bronze
7754|Get Off My Lawn|Successfully stop 50 Raider Attacks|8314|15 Jul 2018 1:02:41 PM|4225|27934|15.12|Rare|Bronze
6814|Deadshot|It's all in the fingers and fiery balls of death.|8313|14 Jul 2018 10:59:04 PM|429|769|55.79|Common|Silver
6814|What's That Smell?|You lit 25 enemies on fire. Oh the things one does for brotherly love.|8312|14 Jul 2018 9:42:28 PM|435|769|56.57|Common|Silver
4211|Homerunner|Completed the game in less than 1 minute with no Modifiers enabled. (From New Game in a single session only)|8311|14 Jul 2018 8:40:00 PM|22433|114240|19.64|Rare|Bronze
6814|Master of Water|You drew 200 water streams.|8310|14 Jul 2018 12:23:12 PM|437|769|56.83|Common|Bronze
6814|Eye Bye Bye|You destroyed 50 of Mustacho's Evil Eyes. His control is diminishing!|8309|14 Jul 2018 12:20:21 PM|422|769|54.88|Common|Gold
6814|Amulet Hunter|You found and assembled 12 pieces of the lost Amulet.|8308|14 Jul 2018 12:15:43 PM|376|769|48.89|Uncommon|Gold
7754|Paint 'n Elbow Grease|Collect all Fragments of a Theme Recipe|8307|14 Jul 2018 4:01:26 AM|7551|27934|27.03|Uncommon|Bronze
6814|Master of Vines|You drew 200 vines.|8306|13 Jul 2018 9:36:55 PM|461|769|59.95|Common|Bronze
6814|Master of Branches|You drew 200 branches.|8305|13 Jul 2018 8:04:17 PM|482|769|62.68|Common|Bronze
6814|Ludicrous Speed|And just in time for tea! (Reached the old lady in under 5 minutes).|8304|13 Jul 2018 6:58:38 PM|456|769|59.3|Common|Silver
6814|No Peeking!|You destroyed 25 of Mustacho's Evil Eyes. Consider his surveillance network impaired.|8303|13 Jul 2018 6:52:16 PM|503|769|65.41|Common|Silver
6814|Hot Potato|Killed a Bomber with his own bomb.|8302|13 Jul 2018 6:51:44 PM|504|769|65.54|Common|Bronze
6814|Some Assembly Required|You found and assembled 6 pieces of the lost Amulet.|8301|13 Jul 2018 6:07:45 PM|457|769|59.43|Common|Silver
6814|Guts and Glory|You made 5 critters explode and survived it. Your clothes might need a rinse though.|8300|13 Jul 2018 11:43:47 AM|511|769|66.45|Common|Silver
7754|Big Pharma|Collect 100 Stimpaks and 100 RadAway on Quests|8299|13 Jul 2018 7:44:44 AM|7029|27934|25.16|Uncommon|Bronze
6814|Flipping Boxes|Up you go.|8298|12 Jul 2018 10:44:38 PM|612|769|79.58|Common|Bronze
6814|Hold on Tight|You tamed the Spikester! ...Lucky you.|8297|12 Jul 2018 9:14:31 PM|511|769|66.45|Common|Silver
6814|What Are You Looking At?|You destroyed the first 5 of Mustacho's Evil Eyes. That'll teach him.|8296|12 Jul 2018 9:08:53 PM|674|769|87.65|Common|Bronze
6814|Just Getting Started|You used the Magic Marker 25 times.|8295|12 Jul 2018 9:00:43 PM|687|769|89.34|Common|Bronze
6814|Lost and Found|You found the first piece of the lost Amulet.|8294|12 Jul 2018 8:58:16 PM|654|769|85.05|Common|Bronze
7735|Full Bars|Activate 9 radio towers.|8293|12 Jul 2018 8:08:35 PM|5195|10153|51.17|Common|Silver
7735|One of Us|Complete the Rakyat initiation.|8292|12 Jul 2018 8:01:03 PM|5617|10153|55.32|Common|Bronze
7735|Worst Date Ever|Rescue Liza from the burning building.|8291|12 Jul 2018 7:35:24 PM|5896|10153|58.07|Common|Bronze
7754|Smooth Talker|Make 25 Dialogue Choices on Quests|8290|12 Jul 2018 3:45:49 PM|7666|27934|27.44|Uncommon|Bronze
7735|Improper Use|Kill an enemy with the Repair Tool.|8289|12 Jul 2018 1:17:40 PM|4645|10153|45.75|Uncommon|Bronze
7754|Vault-Tec Engineer|Build 50 rooms|8288|12 Jul 2018 8:22:53 AM|10848|27934|38.83|Uncommon|Silver
7754|A Little Off the Top|Change the appearance of 10 Dwellers in the Barbershop|8287|12 Jul 2018 7:45:30 AM|6004|27934|21.49|Uncommon|Bronze
7754|Urban Ranger|Complete 30 Quests|8286|12 Jul 2018 12:08:40 AM|7867|27934|28.16|Uncommon|Bronze
7735|Aftermarket Junkie|Buy all attachments and paint jobs for one weapon.|8285|11 Jul 2018 1:15:38 PM|4953|10153|48.78|Uncommon|Bronze
7735|Poacher|Hunt and skin a rare animal.|8284|11 Jul 2018 9:55:20 AM|5159|10153|50.81|Common|Bronze
7754|A Better Future, Underground|Upgrade 20 Rooms to Level 3|8283|11 Jul 2018 8:22:39 AM|7790|27934|27.89|Uncommon|Silver
3394|Stocks for the Winter|Collect 100 matches|8282|11 Jul 2018 12:41:41 AM|2419|5838|41.44|Uncommon|Bronze
3394|Afraid of the Dark|Use 100 matches|8281|11 Jul 2018 12:37:44 AM|2432|5838|41.66|Uncommon|Silver
3394|Hothead|Put out 10 matches yourself|8280|11 Jul 2018 12:16:30 AM|2569|5838|44.0|Uncommon|Bronze
7754|Enemy of the Wastes|Kill 500 enemies on Quests|8279|10 Jul 2018 10:30:26 PM|8775|27934|31.41|Uncommon|Silver
7754|Fashionista|Craft 10 Outfits|8278|10 Jul 2018 4:18:06 PM|7650|27934|27.39|Uncommon|Bronze
7754|Wasteland Wanderer|Complete 10 Quests|8277|10 Jul 2018 9:26:41 AM|10922|27934|39.1|Uncommon|Bronze
7735|Needle Exchange|Craft 25 syringes.|8276|9 Jul 2018 8:14:27 PM|5296|10153|52.16|Common|Silver
7735|Money to Burn|Spend $5000 at the shop.|8275|9 Jul 2018 7:57:44 PM|5680|10153|55.94|Common|Bronze
7735|Jungle Journal|Unlock 50 entries in the Survivor Guide.|8274|9 Jul 2018 7:40:27 PM|6200|10153|61.07|Common|Silver
7735|Rebel With a Cause|Liberate 3 outposts.|8273|9 Jul 2018 7:39:26 PM|6364|10153|62.68|Common|Bronze
7735|Artsy Craftsy|Craft 5 upgrades for your equipment.|8272|9 Jul 2018 7:11:18 PM|6816|10153|67.13|Common|Bronze
7754|Vault-Tec Architect|Build 25 rooms|8271|9 Jul 2018 5:45:05 PM|15036|27934|53.83|Common|Bronze
7735|Magic Mushroom|Return to the doctor with the cave mushrooms.|8270|9 Jul 2018 9:08:34 AM|7204|10153|70.95|Common|Bronze
7735|Inked Up|Earn 5 skill tattoos.|8269|9 Jul 2018 9:00:18 AM|7015|10153|69.09|Common|Bronze
7735|Unheard|Liberate an outpost without triggering an alarm.|8268|9 Jul 2018 8:34:01 AM|6780|10153|66.78|Common|Bronze
7735|Island Paparazzi|Tag 25 enemies using the camera.|8267|9 Jul 2018 8:17:43 AM|6215|10153|61.21|Common|Bronze
7735|In Cold Blood|Complete a WANTED Dead quest.|8266|9 Jul 2018 7:57:54 AM|6795|10153|66.93|Common|Bronze
7735|Bagged and Tagged|Complete a Path of the Hunter quest.|8265|9 Jul 2018 7:49:37 AM|6750|10153|66.48|Common|Bronze
7735|Road Trip|Complete a Supply Drop quest.|8264|9 Jul 2018 7:37:17 AM|6200|10153|61.07|Common|Bronze
7735|Hunter Hunted|Lure and kill a predator.|8263|9 Jul 2018 6:51:00 AM|7519|10153|74.06|Common|Bronze
7735|First Blood|Escape the pirates and survive in the wilderness.|8262|9 Jul 2018 6:29:32 AM|9486|10153|93.43|Common|Bronze
7754|You're Fired!|Kill 10 Quest Bosses|8261|9 Jul 2018 5:49:38 AM|11652|27934|41.71|Uncommon|Silver
7610|Grand Master|Finish the game in hard and huge mode!|8260|9 Jul 2018 5:38:56 AM|696|1347|51.67|Common|Gold
7609|Grand Master|Finish the game in hard and huge mode!|8259|9 Jul 2018 4:57:13 AM|435|700|62.14|Common|Gold
7754|Higher and Higher|Level up a dweller from Level 1 to 25|8258|8 Jul 2018 11:49:19 PM|11115|27934|39.79|Uncommon|Bronze
7754|Weaponsmith|Craft 10 Weapons|8257|8 Jul 2018 11:06:15 PM|8807|27934|31.53|Uncommon|Bronze
4211|This Old House|Open the secret bookshelf in the guest room from the outside.|8256|8 Jul 2018 9:38:19 PM|29546|114240|25.86|Uncommon|Bronze
4211|Intuitive|Guess the combination to Oscar's safe before finding the code.|8255|8 Jul 2018 9:35:45 PM|37540|114240|32.86|Uncommon|Bronze
4211|Behind the Scenes|Activated all Commentary Nodes with the Developer Commentary Modifier enabled.|8254|8 Jul 2018 9:11:18 PM|21668|114240|18.97|Rare|Silver
4211|Wet Bandit|Turn on every faucet in the house at once.|8253|8 Jul 2018 9:08:18 PM|29160|114240|25.53|Uncommon|Silver
7754|Prepared For The Future|Make 25 Babies|8252|8 Jul 2018 8:08:34 PM|10141|27934|36.3|Uncommon|Bronze
6053|LOOMing Seagull|Kill the LOOM Seagull|8251|8 Jul 2018 8:03:45 PM|5385|6986|77.08|Common|Bronze
6053|Now Boarding|Get Ripburger into the plane|8250|8 Jul 2018 8:00:43 PM|5694|6986|81.51|Common|Silver
6053|Rabbit Ragu|Dice a rabbit in the engine fan|8249|8 Jul 2018 7:57:38 PM|5417|6986|77.54|Common|Silver
6053|Burger Melt|Melt Ripburger's vision of the future|8248|8 Jul 2018 7:51:30 PM|5708|6986|81.71|Common|Bronze
6053|Wisecrack|Kick the crack to open the secret passage|8247|8 Jul 2018 7:39:24 PM|5718|6986|81.85|Common|Bronze
6053|What A Pain Threshold!|Make the Boom Boom Bros go boom|8246|8 Jul 2018 7:32:26 PM|5724|6986|81.94|Common|Silver
6053|Taut a Lesson|Talk your way out of getting quartered|8245|8 Jul 2018 7:07:29 PM|5748|6986|82.28|Common|Bronze
6053|Hare Trigger|Sacrifice bunnies to get through the minefield|8244|8 Jul 2018 7:05:48 PM|5748|6986|82.28|Common|Silver
6053|Invasion of the Bunny Snatcher|Snatch the bunny|8243|8 Jul 2018 6:56:52 PM|5772|6986|82.62|Common|Bronze
6053|Pull a Fast One|Get the battery from the minefield|8242|8 Jul 2018 6:55:02 PM|5774|6986|82.65|Common|Bronze
6053|Pure Evel|Launch over Poyahoga Gorge|8241|8 Jul 2018 6:49:47 PM|5836|6986|83.54|Common|Silver
6053|The Spirit of Ricky Myran|Escape with Ricky's ramp|8240|8 Jul 2018 6:48:41 PM|5858|6986|83.85|Common|Bronze
6053|Gogglor|Use the Cavefish goggles to locate their lair|8239|8 Jul 2018 6:46:23 PM|5885|6986|84.24|Common|Bronze
6053|Burn-In Rubber|Save your screen from burn-in with 3D animated vehicles|8238|8 Jul 2018 6:25:47 PM|5820|6986|83.31|Common|Bronze
6053|A Fistful of Fertilizer|Get the chainsaw with the fertilizer|8237|8 Jul 2018 6:14:15 PM|5775|6986|82.67|Common|Silver
6053|Torque Talk|Consume Father Torque's wisdom|8236|8 Jul 2018 6:07:55 PM|5979|6986|85.59|Common|Silver
6053|Fertilized|Use the fertilizer to spin out Nestor and Bolus|8235|8 Jul 2018 6:01:56 PM|5941|6986|85.04|Common|Bronze
6053|Hosed|Get a hose to fix your bike|8234|8 Jul 2018 5:56:05 PM|6081|6986|87.05|Common|Bronze
6053|Hard Tale|Look at the pic of Maureen and Malcom fixing hard tail|8233|8 Jul 2018 5:55:09 PM|5360|6986|76.72|Common|Silver
6053|I Can Do That|Play a game of five finger fillet|8232|8 Jul 2018 5:50:43 PM|5405|6986|77.37|Common|Silver
6053|News to Me|Watch the entire news broadcast|8231|8 Jul 2018 5:49:27 PM|5349|6986|76.57|Common|Bronze
6053|A New Hope|Grab the Fake ID from Miranda|8230|8 Jul 2018 5:47:26 PM|6123|6986|87.65|Common|Bronze
6053|Unnatural Causes|Listen to Malcolm's last words|8229|8 Jul 2018 5:42:39 PM|6169|6986|88.31|Common|Silver
6053|Right in the Junk|Recover the forks from the junkyard|8228|8 Jul 2018 5:36:22 PM|6228|6986|89.15|Common|Bronze
6053|OK, I'll Put My Lips on That|Siphon gas from Floyd|8227|8 Jul 2018 5:21:55 PM|6272|6986|89.78|Common|Bronze
6053|Annoyed Floyd|Hide from Floyd|8226|8 Jul 2018 5:20:43 PM|6301|6986|90.19|Common|Bronze
6053|Not So Tough After All|Pick the lock to the tower|8225|8 Jul 2018 5:16:42 PM|6368|6986|91.15|Common|Silver
6053|Carry the Torch|Retrieve Mo's welding torch|8224|8 Jul 2018 5:14:52 PM|6341|6986|90.77|Common|Bronze
6053|Trailer Trashed|Kick in the trailer door|8223|8 Jul 2018 5:13:08 PM|6435|6986|92.11|Common|Bronze
6053|Angels with Dirty Faces|Keep talking to Todd|8222|8 Jul 2018 5:12:44 PM|5311|6986|76.02|Common|Bronze
6053|Minking Memories|Check out the photo of Uncle Pete|8221|8 Jul 2018 5:06:43 PM|6470|6986|92.61|Common|Silver
6053|Know Mo|Finish all of Mo's initial dialog|8220|8 Jul 2018 5:06:15 PM|6145|6986|87.96|Common|Silver
6053|A-Number One Polecat Honcho|Take out the first Rottwheeler|8219|8 Jul 2018 5:00:59 PM|6600|6986|94.47|Common|Bronze
6053|Ring Pull|Get your keys from the bartender|8218|8 Jul 2018 4:58:09 PM|6636|6986|94.99|Common|Silver
6053|Not Puttin' My Lips on That|Keep Your Lips Off of 10 Objects|8217|8 Jul 2018 4:57:10 PM|6032|6986|86.34|Common|Silver
6053|One Final Offer...|Accept Ripburger's Final Offer|8216|8 Jul 2018 4:52:46 PM|6695|6986|95.83|Common|Bronze
7609|Theme Master|Finish the game by choosing 10 different background themes.|8215|8 Jul 2018 12:05:33 PM|477|700|68.14|Common|Silver
7609|Hurry Up!|Finish the game under 10 seconds.|8214|8 Jul 2018 12:05:32 PM|524|700|74.86|Common|Silver
7609|Select Theme|Finish the game by choosing 5 different background themes.|8213|8 Jul 2018 6:54:14 AM|502|700|71.71|Common|Bronze
7609|Win streak|Finish the game third times in a row.|8212|8 Jul 2018 6:54:12 AM|479|700|68.43|Common|Silver
7609|Tiny Size|Finish the game in small size.|8211|8 Jul 2018 6:50:33 AM|628|700|89.71|Common|Bronze
7609|Rocky Mode|Finish the game in hard mode.|8210|8 Jul 2018 6:50:32 AM|478|700|68.29|Common|Silver
7609|Normal Size|Finish the game in normal size.|8209|8 Jul 2018 6:47:00 AM|499|700|71.29|Common|Bronze
7609|Normal Diffuculty|Finish the game in normal mode.|8208|8 Jul 2018 6:46:59 AM|518|700|74.0|Common|Bronze
7609|Gigantic|Finish the game in the huge map.|8207|8 Jul 2018 6:30:54 AM|483|700|69.0|Common|Silver
7609|Take it Easy|Finish the game in easy mode.|8206|8 Jul 2018 6:30:53 AM|629|700|89.86|Common|Bronze
7610|Hurry Up!|Finish the game under 10 seconds.|8205|8 Jul 2018 6:24:25 AM|885|1347|65.7|Common|Silver
7610|Theme Master|Finish the game by choosing 10 different background themes.|8204|8 Jul 2018 6:15:07 AM|776|1347|57.61|Common|Silver
7610|Select Theme|Finish the game by choosing 5 different background themes.|8203|8 Jul 2018 6:04:32 AM|835|1347|61.99|Common|Bronze
7610|Win streak|Finish the game third times in a row.|8202|8 Jul 2018 6:04:30 AM|781|1347|57.98|Common|Silver
7610|Tiny Size|Finish the game in small size.|8201|8 Jul 2018 5:53:45 AM|1161|1347|86.19|Common|Bronze
7610|Rocky Mode|Finish the game in hard mode.|8200|8 Jul 2018 5:53:44 AM|801|1347|59.47|Common|Silver
7610|Normal Size|Finish the game in normal size.|8199|8 Jul 2018 5:50:07 AM|889|1347|66.0|Common|Bronze
7610|Normal Diffuculty|Finish the game in normal mode.|8198|8 Jul 2018 5:50:06 AM|890|1347|66.07|Common|Bronze
7610|Gigantic|Finish the game in the huge map.|8197|8 Jul 2018 5:25:55 AM|813|1347|60.36|Common|Silver
7610|Take it Easy|Finish the game in easy mode.|8196|8 Jul 2018 5:25:54 AM|1162|1347|86.27|Common|Bronze
4211|Nesting Instinct|Returned Christmas Duck to his rightful place.|8195|8 Jul 2018 4:57:57 AM|31771|114240|27.81|Uncommon|Silver
4211|Letters to Katie|Completed the game having found all 23 of Sam's journal entries.|8194|8 Jul 2018 4:02:46 AM|27436|114240|24.02|Uncommon|Silver
4211|Gone Home|Completed the game.|8193|8 Jul 2018 4:02:44 AM|69564|114240|60.89|Common|Silver
4211|Meow Meow Meow|Found Mitten's secret diary.|8192|8 Jul 2018 3:55:38 AM|29741|114240|26.03|Uncommon|Silver
2578|Coronation|Dethrone the Queen of the Night.|8191|8 Jul 2018 3:22:17 AM|33847|104871|32.27|Uncommon|Silver
2578|Showstopper|Interrupt 3 foes at the same time.|8190|8 Jul 2018 3:01:47 AM|44496|104871|42.43|Uncommon|Bronze
2578|Sunrise|Recover the sun.|8189|7 Jul 2018 9:42:51 PM|34559|104871|32.95|Uncommon|Bronze
2578|Perfect Sonnet|Collect all Confessions.|8188|7 Jul 2018 9:08:44 PM|24304|104871|23.18|Uncommon|Bronze
2578|Piscean Promise|Gen joins Aurora's Party.|8187|7 Jul 2018 7:35:08 PM|34352|104871|32.76|Uncommon|Bronze
2578|Perfectionist|Upgrade a skill to its highest level.|8186|7 Jul 2018 7:32:15 PM|36296|104871|34.61|Uncommon|Bronze
2578|Over the Moon|Recover the moon.|8185|7 Jul 2018 5:48:45 PM|38283|104871|36.5|Uncommon|Bronze
2578|Kategida Kindred|Óengus joins Aurora's Party.|8184|7 Jul 2018 4:58:32 PM|38292|104871|36.51|Uncommon|Bronze
2578|Winged Fury|Devastate 5 foes.|8183|7 Jul 2018 3:32:58 PM|57399|104871|54.73|Common|Bronze
2578|Tragedy|Tristis joins Aurora's Party.|8182|7 Jul 2018 3:19:41 PM|39924|104871|38.07|Uncommon|Bronze
2578|Grassroots|Finish 3 Lemurian Requests.|8181|7 Jul 2018 3:19:41 PM|44520|104871|42.45|Uncommon|Bronze
2578|Bolmus Bond|Robert joins Aurora's Party.|8180|7 Jul 2018 2:28:35 PM|44285|104871|42.23|Uncommon|Bronze
2578|Sweet Sister|Norah joins Aurora's Party.|8179|7 Jul 2018 1:31:54 PM|52691|104871|50.24|Common|Bronze
2578|Capilli Catch|Finn joins Aurora's Party.|8178|7 Jul 2018 1:21:53 PM|56092|104871|53.49|Common|Bronze
2578|Explorer|Find and open 30 coffers.|8177|7 Jul 2018 1:02:39 PM|60145|104871|57.35|Common|Bronze
2578|Tenth Birthday|Achieve level 10 with Aurora.|8176|7 Jul 2018 12:44:58 PM|66742|104871|63.64|Common|Bronze
2578|Master Oculist|Craft Oculi.|8175|7 Jul 2018 12:36:27 PM|69403|104871|66.18|Common|Bronze
2578|Comedy|Rubella joins Aurora's Party.|8174|7 Jul 2018 12:17:06 PM|75854|104871|72.33|Common|Bronze
2578|Starcatcher|Recover the stars.|8173|7 Jul 2018 12:13:50 PM|78923|104871|75.26|Common|Bronze
2578|Scene Stealer|Execute 3 Surprise Strikes.|8172|7 Jul 2018 11:54:37 AM|84216|104871|80.3|Common|Bronze
2582|Coronation|Dethrone the Queen of the Night.|8171|7 Jul 2018 11:04:51 AM|7681|18336|41.89|Uncommon|Silver
2582|Sunrise|Recover the sun.|8170|7 Jul 2018 10:29:15 AM|7834|18336|42.72|Uncommon|Bronze
2582|Perfect Sonnet|Collect all Confessions.|8169|7 Jul 2018 6:09:37 AM|5798|18336|31.62|Uncommon|Bronze
2582|Piscean Promise|Gen joins Aurora's Party.|8168|7 Jul 2018 4:00:50 AM|7956|18336|43.39|Uncommon|Bronze
2582|Perfectionist|Upgrade a skill to its highest level.|8167|7 Jul 2018 3:34:11 AM|8213|18336|44.79|Uncommon|Bronze
2582|Over the Moon|Recover the moon.|8166|7 Jul 2018 1:55:52 AM|8689|18336|47.39|Uncommon|Bronze
2582|Kategida Kindred|Óengus joins Aurora's Party.|8165|7 Jul 2018 1:44:42 AM|8692|18336|47.4|Uncommon|Bronze
2582|Tragedy|Tristis joins Aurora's Party.|8164|6 Jul 2018 5:21:53 PM|9044|18336|49.32|Uncommon|Bronze
2582|Grassroots|Finish 3 Lemurian Requests.|8163|6 Jul 2018 4:24:58 PM|9911|18336|54.05|Common|Bronze
2582|Bolmus Bond|Robert joins Aurora's Party.|8162|6 Jul 2018 4:24:46 PM|9823|18336|53.57|Common|Bronze
2582|Showstopper|Interrupt 3 foes at the same time.|8161|6 Jul 2018 2:11:20 PM|9841|18336|53.67|Common|Bronze
2582|Sweet Sister|Norah joins Aurora's Party.|8160|6 Jul 2018 1:44:14 PM|11251|18336|61.36|Common|Bronze
2582|Winged Fury|Devastate 5 foes.|8159|6 Jul 2018 1:26:45 PM|12168|18336|66.36|Common|Bronze
2582|Capilli Catch|Finn joins Aurora's Party.|8158|6 Jul 2018 1:00:04 PM|11861|18336|64.69|Common|Bronze
2582|Explorer|Find and open 30 coffers.|8157|6 Jul 2018 12:21:57 PM|12573|18336|68.57|Common|Bronze
2582|Tenth Birthday|Achieve level 10 with Aurora.|8156|6 Jul 2018 11:19:15 AM|13550|18336|73.9|Common|Bronze
2582|Master Oculist|Craft Oculi.|8155|6 Jul 2018 10:55:40 AM|14239|18336|77.66|Common|Bronze
2582|Scene Stealer|Execute 3 Surprise Strikes.|8154|6 Jul 2018 10:54:24 AM|15735|18336|85.81|Common|Bronze
2582|Comedy|Rubella joins Aurora's Party.|8153|6 Jul 2018 10:38:01 AM|14863|18336|81.06|Common|Bronze
2582|Starcatcher|Recover the stars.|8152|6 Jul 2018 10:33:20 AM|15200|18336|82.9|Common|Bronze
7754|A Vault For My Vault|Collect 10,000 Caps|8151|6 Jul 2018 1:26:30 AM|14009|27934|50.15|Common|Silver
7754|Hard Work is Happy Work|Successfully complete 50 Room Rushes|8150|6 Jul 2018 12:53:41 AM|11594|27934|41.5|Uncommon|Silver
7754|Better Settler|Level up a dweller from Level 1 to 10|8149|5 Jul 2018 7:39:41 PM|15946|27934|57.08|Common|Bronze
7754|Project Purity|Merge 3 Water Rooms|8148|5 Jul 2018 6:27:54 PM|18389|27934|65.83|Common|Bronze
7754|Atom Splitter|Merge 3 Power Rooms|8147|5 Jul 2018 6:01:25 PM|19165|27934|68.61|Common|Bronze
7754|Mattress Stuffer|Collect 1000 caps|8146|5 Jul 2018 5:54:51 PM|19868|27934|71.12|Common|Bronze
7754|Dine and Dash|Merge 3 Food Rooms|8145|5 Jul 2018 5:09:43 PM|18568|27934|66.47|Common|Bronze
5590|Not too late|Saved Aidan|8144|5 Jul 2018 6:30:54 AM|6315|7109|88.83|Common|Silver
5590|Arthur|Found Arthur|8143|5 Jul 2018 6:24:56 AM|6316|7109|88.85|Common|Bronze
5590|Dam!|Overcome hurdles at the dam|8142|5 Jul 2018 6:24:09 AM|6316|7109|88.85|Common|Silver
5590|No way to treat an ancient manuscript|Tried to lose the cavity magnetron|8141|5 Jul 2018 6:22:26 AM|6046|7109|85.05|Common|Silver
5590|Involving a certain microwave casserole|Ruined lunch|8140|5 Jul 2018 6:21:56 AM|6316|7109|88.85|Common|Bronze
5590|I'm gonna call you Bugsy|Made a new friend|8139|5 Jul 2018 6:08:13 AM|6339|7109|89.17|Common|Silver
5590|Merrrrrr?|Helped Merr fix a machine and return home|8138|5 Jul 2018 6:01:23 AM|6352|7109|89.35|Common|Silver
5590|Wibble wobble|Apparently you’re ready for this jelly|8137|5 Jul 2018 5:59:47 AM|6080|7109|85.53|Common|Silver
5590|Didn't panic|Attacked the swamp monster in less than 5 seconds|8136|5 Jul 2018 5:51:15 AM|6179|7109|86.92|Common|Silver
5590|Godspeed Sir Fuzzle Puff|Travelled to Clonfira as Lily|8135|5 Jul 2018 5:41:41 AM|6410|7109|90.17|Common|Bronze
5590|Blind goes up!|Ok, we get it|8134|5 Jul 2018 5:38:49 AM|6125|7109|86.16|Common|Silver
5590|Never suspected a thing|Took out the informant|8133|5 Jul 2018 5:30:37 AM|6425|7109|90.38|Common|Bronze
5590|But if you turn it this way …|Only placed the orb once|8132|5 Jul 2018 5:22:53 AM|6019|7109|84.67|Common|Silver
5590|Welcome to Clonfira|Travelled to Clonfira as Aidan|8131|5 Jul 2018 5:03:48 AM|6540|7109|92.0|Common|Bronze
5590|I did this all by myself|Make breakfast|8130|5 Jul 2018 5:02:07 AM|6548|7109|92.11|Common|Silver
5590|Silly doggy|Distracted Dougal once only|8129|5 Jul 2018 5:00:01 AM|6304|7109|88.68|Common|Silver
5590|When in doubt, dance it out|Solved the dance puzzle on your 1st try|8128|5 Jul 2018 4:50:38 AM|6267|7109|88.16|Common|Gold
5590|Avoided the consequences|Let Dougal take the blame|8127|5 Jul 2018 4:35:54 AM|6607|7109|92.94|Common|Bronze
5590|All this power … from a crystal?|Got the generator working|8126|5 Jul 2018 4:31:12 AM|6632|7109|93.29|Common|Silver
5590|Phone home|Where did you get that pattern?|8125|5 Jul 2018 4:30:00 AM|6227|7109|87.59|Common|Silver
5590|Welcome to The Little Acre|Get dressed without waking Lily|8124|5 Jul 2018 4:19:13 AM|6935|7109|97.55|Common|Silver
5590|It's dangerous to go alone|Ask for a solution|8123|5 Jul 2018 4:05:36 AM|6319|7109|88.89|Common|Bronze
5800|Making it Matter|Took the Opto Test as Jack Bellet and qualified as Dark Matter|8122|4 Jul 2018 7:39:58 PM|613|986|62.17|Common|Bronze
5800|Ascensitized|Took the Opto Test as Jack Bellet and qualified as Ascensitive.|8121|4 Jul 2018 7:35:01 PM|617|986|62.58|Common|Bronze
5800|Unworthy|Took the Opto Test as Romana Teague, but deemed unqualified.|8120|4 Jul 2018 7:16:03 PM|740|986|75.05|Common|Bronze
5800|Penny Pincher|Post an article that includes the quarterback and the penny presser.|8119|4 Jul 2018 7:13:58 PM|673|986|68.26|Common|Bronze
5800|Chuck Walks Away|Chuck Chichester walks away from Cypress Knee.|8118|4 Jul 2018 7:08:10 PM|651|986|66.02|Common|Bronze
5800|No Blood|Woodstep walks away from Monique's house uninjured.|8117|4 Jul 2018 7:00:09 PM|634|986|64.3|Common|Bronze
5800|Swamped|Romana persuades her cohorts to leave Gallant's shack.|8116|4 Jul 2018 6:54:07 PM|649|986|65.82|Common|Bronze
5800|Down the Middle|Post nothing but edgy reports.|8115|4 Jul 2018 6:43:27 PM|609|986|61.76|Common|Silver
5800|Unwanted|Took the Opto Test as Jack Bellet, but deemed unqualified.|8114|4 Jul 2018 6:13:42 PM|685|986|69.47|Common|Bronze
5800|Ascensitive Nature|Took the Opto Test as Romana Teague and qualified as Ascensitive.|8113|4 Jul 2018 5:51:50 PM|636|986|64.5|Common|Bronze
5800|Travellin' Roots|Post an article that includes the Irish Travellers foundation.|8112|4 Jul 2018 5:49:35 PM|696|986|70.59|Common|Bronze
5800|Boomtown|Successfully completed Knee Deep Act 3: Boomtown.|8111|4 Jul 2018 5:35:41 PM|686|986|69.57|Common|Gold
5800|Chuck Checks Out|Chuck Chichester checks out at the Mohawk Inn.|8110|4 Jul 2018 5:29:19 PM|651|986|66.02|Common|Bronze
5800|Vendetta Ends|Jefferson Dean Gallant finds long-sought vengeance.|8109|4 Jul 2018 5:25:52 PM|686|986|69.57|Common|Bronze
5800|Appetizer|Merle the gator enjoys a snack.|8108|4 Jul 2018 5:22:36 PM|686|986|69.57|Common|Bronze
5800|Mad Science Unleashed|The secret project in the Church of Us facility is revealed.|8107|4 Jul 2018 5:18:28 PM|686|986|69.57|Common|Bronze
5800|Man Down|Woodstep gets shot at Monique's house.|8106|4 Jul 2018 5:16:33 PM|668|986|67.75|Common|Bronze
5800|Stop the Signal|Jefferson Dean Gallant successfully killed the transmission from WCKN-AM.|8105|4 Jul 2018 5:13:00 PM|686|986|69.57|Common|Bronze
5800|Shacking Up|Romana persuades her cohorts to stay at Gallant's shack.|8104|4 Jul 2018 5:08:45 PM|651|986|66.02|Common|Bronze
5800|Festival|Successfully complete Act 2 - Festival.|8103|4 Jul 2018 4:42:25 PM|688|986|69.78|Common|Gold
5800|Dunk Of Doom|It’s all fun and games until someone gets electrocuted.|8102|4 Jul 2018 4:36:44 PM|688|986|69.78|Common|Bronze
5800|Swamp Oddity|Romana Teague gave lots of strange responses during all three acts of Knee Deep.|8101|4 Jul 2018 4:32:43 PM|622|986|63.08|Common|Bronze
5800|That's a Wrap|K.C. Gaddis hits a rough patch as a freelance investigator.|8100|4 Jul 2018 4:29:01 PM|689|986|69.88|Common|Bronze
5800|Paper Boy|Jack Bellet’s career is in jeopardy.|8099|4 Jul 2018 4:25:13 PM|689|986|69.88|Common|Bronze
5800|Raging Bellet|Jack Bellet gave lots of belligerent responses during all three acts of Knee Deep.|8098|4 Jul 2018 4:24:57 PM|616|986|62.47|Common|Bronze
5800|Blogged Down|Romana Teague faces an uncertain future.|8097|4 Jul 2018 4:22:17 PM|691|986|70.08|Common|Bronze
5800|Bring Out Your Dead|K.C. Gaddis makes a grim discovery on a swampy roadside.|8096|4 Jul 2018 4:09:56 PM|699|986|70.89|Common|Bronze
5800|Inherent Noir|K.C. Gaddis gave lots of cynical responses during all three acts of Knee Deep.|8095|4 Jul 2018 4:08:30 PM|632|986|64.1|Common|Bronze
5800|Wonderland|Finish Knee Deep, Act 1.|8094|4 Jul 2018 3:32:31 PM|728|986|73.83|Common|Gold
5800|Extremist|Post nothing but inflammatory reports.|8093|4 Jul 2018 3:04:14 PM|610|986|61.87|Common|Silver
5800|Armored Gumshoe|Give consistently cynical responses as Gaddis.|8092|4 Jul 2018 2:50:52 PM|663|986|67.24|Common|Silver
5800|Ultimate Misanthrope|Give consistently belligerent responses as Bellet.|8091|4 Jul 2018 2:32:01 PM|655|986|66.43|Common|Silver
5800|She's So Unusual|Give consistently strange responses as Romana.|8090|4 Jul 2018 2:30:34 PM|658|986|66.73|Common|Silver
5800|Ferreting Out the Facts|Complete Scene 8.|8089|4 Jul 2018 2:29:58 PM|744|986|75.46|Common|Silver
5800|Dear Diary|Collect four journal entries from Tag Kern’s tablet computer.|8088|4 Jul 2018 2:29:15 PM|744|986|75.46|Common|Bronze
5800|NSA Pet|Collect three emails from Tag Kern’s tablet computer.|8087|4 Jul 2018 2:29:13 PM|744|986|75.46|Common|Bronze
5800|Newshound|Collect three arrest reports from Cypress Knee Police Department website.|8086|4 Jul 2018 2:22:26 PM|749|986|75.96|Common|Bronze
5800|On the Case|Finish scenes 6 and 7 as Gaddis.|8085|4 Jul 2018 2:17:18 PM|757|986|76.77|Common|Silver
5800|Hometown News|Finish scenes 4 and 5 as Bellet.|8084|4 Jul 2018 2:05:03 PM|780|986|79.11|Common|Silver
5800|New Girl|Finish the first three scenes as Romana.|8083|4 Jul 2018 1:33:06 PM|824|986|83.57|Common|Silver
5800|In the Dark|Took the Opto Test as Romana Teague and qualified as Dark Matter.|8082|4 Jul 2018 1:22:49 PM|634|986|64.3|Common|Bronze
5800|All in the Family|Post an article that includes the Aunt Mom and Uncle Dad story.|8081|4 Jul 2018 1:20:05 PM|761|986|77.18|Common|Bronze
6915|Dungeon Master|Cleared all 52 dungeons|8080|4 Jul 2018 10:50:09 AM|2937|3816|76.97|Common|Gold
6915|Fashionista Lion|Obtained 66 armor or weapons|8079|4 Jul 2018 10:03:16 AM|2913|3816|76.34|Common|Gold
6915|Saviour of Cats|Completed all 62 side quests|8078|3 Jul 2018 10:08:04 PM|3038|3816|79.61|Common|Gold
6915|Dragon Hero|Completed the Main Quest|8077|3 Jul 2018 9:18:57 PM|3171|3816|83.1|Common|Gold
3786|The Platinum Arrow|Gain all trophies in Volume|8076|3 Jul 2018 5:13:56 PM|3156|9346|33.77|Uncommon|Platinum
3786|Agent 48|Wear a disguise 100 times in core levels|8075|3 Jul 2018 5:13:56 PM|3289|9346|35.19|Uncommon|Gold
3786|Wearing Lincoln Green|Play a level with a customized character|8074|3 Jul 2018 5:00:06 PM|3455|9346|36.97|Uncommon|Silver
3786|The Complete Works|Complete all core levels|8073|3 Jul 2018 4:57:19 PM|3618|9346|38.71|Uncommon|Gold
3786|The Darkest Couple of Hours|Complete 75 core levels|8072|3 Jul 2018 4:57:17 PM|3677|9346|39.34|Uncommon|Gold
3786|If it bleeds...|Go invisible 30 times in core levels|8071|3 Jul 2018 4:48:11 PM|3520|9346|37.66|Uncommon|Silver
3786|Compiled Texts|Read 75% of text in the core levels|8070|3 Jul 2018 4:46:39 PM|3605|9346|38.57|Uncommon|Gold
3786|Lore of the Things|Read 100% of the text in the core levels|8069|3 Jul 2018 4:46:39 PM|3193|9346|34.16|Uncommon|Gold
3786|Hidden in the shadow of Moses|Hide in 50 lockers in the core levels|8068|3 Jul 2018 4:05:08 PM|3598|9346|38.5|Uncommon|Bronze
3786|Because it’ll hurt more|Stun enemies 100 times in the core levels|8067|3 Jul 2018 4:00:45 PM|3470|9346|37.13|Uncommon|Gold
3786|Q|Use every gadget in the core levels|8066|3 Jul 2018 3:54:30 PM|3566|9346|38.16|Uncommon|Gold
6301|The Platinum Arrow|Gain all trophies in Volume|8065|3 Jul 2018 3:46:39 PM|114|157|72.61|Common|Platinum
6301|Agent 48|Wear a disguise 100 times in core levels|8064|3 Jul 2018 3:46:39 PM|114|157|72.61|Common|Gold
6301|Wearing Lincoln Green|Play a level with a customized character|8063|3 Jul 2018 3:25:28 PM|114|157|72.61|Common|Silver
6301|The Complete Works|Complete all core levels|8062|3 Jul 2018 3:20:47 PM|114|157|72.61|Common|Gold
6301|Lore of the Things|Read 100% of the text in the core levels|8061|3 Jul 2018 3:15:33 PM|114|157|72.61|Common|Gold
6301|If it bleeds...|Go invisible 30 times in core levels|8060|3 Jul 2018 3:12:51 PM|114|157|72.61|Common|Silver
6301|Because it’ll hurt more|Stun enemies 100 times in the core levels, with the Blackjack|8059|3 Jul 2018 3:02:05 PM|114|157|72.61|Common|Gold
6301|Q|Use every gadget in the core levels|8058|3 Jul 2018 1:39:20 PM|114|157|72.61|Common|Gold
6301|Hidden in the shadow of Moses|Hide in 50 lockers in the core levels|8057|3 Jul 2018 12:40:40 PM|115|157|73.25|Common|Bronze
6301|The Darkest Couple of Hours|Complete 75 core levels|8056|3 Jul 2018 11:56:11 AM|114|157|72.61|Common|Gold
6301|Compiled Texts|Read 75% of text in the core levels|8055|3 Jul 2018 11:50:36 AM|114|157|72.61|Common|Gold
6301|Enjoy your trip|Place 20 follies in core levels|8054|3 Jul 2018 9:39:11 AM|114|157|72.61|Common|Bronze
6301|Semi Final|Complete 50 core levels|8053|3 Jul 2018 9:20:22 AM|114|157|72.61|Common|Silver
6301|Arcade Flynn|Die 200 times|8052|3 Jul 2018 9:16:39 AM|115|157|73.25|Common|Silver
6301|Illuminated Manuscripts|Read 50% of text in the core levels|8051|3 Jul 2018 9:05:37 AM|115|157|73.25|Common|Silver
6301|Ghost from the...|Fire 40 figments in core levels|8050|3 Jul 2018 8:26:43 AM|115|157|73.25|Common|Silver
6301|Leaps of faith|Jump 25 walls in the core levels|8049|3 Jul 2018 7:49:13 AM|115|157|73.25|Common|Bronze
6301|Always the Taffer|Be seen by enemies 300 times in the core levels|8048|3 Jul 2018 7:06:12 AM|117|157|74.52|Common|Gold
6301|The First Ballad|Complete 25 core levels|8047|3 Jul 2018 6:47:55 AM|116|157|73.89|Common|Bronze
6301|Light Reading|Read 25% of text in the core levels|8046|3 Jul 2018 6:33:59 AM|116|157|73.89|Common|Bronze
6301|A Long Walk|Travel 3 miles|8045|3 Jul 2018 5:54:12 AM|117|157|74.52|Common|Bronze
6301|Be Heard|Fire the bugle 50 times in core levels|8044|3 Jul 2018 5:44:28 AM|116|157|73.89|Common|Bronze
6301|Warming Up|Play for 20 minutes|8043|3 Jul 2018 5:25:08 AM|123|157|78.34|Common|Bronze
6301|Imperial March|Travel 1 mile|8042|3 Jul 2018 5:13:46 AM|124|157|78.98|Common|Bronze
6301|Rogue Unlike|Die once|8041|3 Jul 2018 5:00:08 AM|133|157|84.71|Common|Bronze
6915|Felingard Loremaster|Located all monuments|8040|2 Jul 2018 11:25:47 PM|3242|3816|84.96|Common|Gold
6915|Power of the Arcane|Obtained all 7 skills|8039|2 Jul 2018 11:10:36 PM|3252|3816|85.22|Common|Gold
6915|Furry Catventurer|Reached level 50|8038|2 Jul 2018 10:44:16 PM|3264|3816|85.53|Common|Silver
6915|Dragon Legend|Defeated the Arcane Dragon|8037|2 Jul 2018 10:35:33 PM|3239|3816|84.88|Common|Gold
6915|Dungeon Scrounger|Cleared 25 dungeons|8036|2 Jul 2018 10:22:26 PM|3237|3816|84.83|Common|Silver
6915|Servant of Cats|Completed 30 side quests|8035|2 Jul 2018 7:03:10 PM|3358|3816|88.0|Common|Silver
6915|Dragon Master|Defeated the Ice Dragon|8034|2 Jul 2018 6:57:51 PM|3334|3816|87.37|Common|Silver
6915|Fashionista Cat|Obtained 30 armor or weapons|8033|2 Jul 2018 6:44:08 PM|3336|3816|87.42|Common|Silver
6915|Dragon Slayer|Defeated the Flame Dragon|8032|2 Jul 2018 3:35:05 PM|3498|3816|91.67|Common|Bronze
6915|Felingard Loremaker|Located half the monuments|8031|2 Jul 2018 3:31:16 PM|3458|3816|90.62|Common|Silver
6915|Purr of the Arcane|Obtained 4 skills|8030|2 Jul 2018 3:22:19 PM|3430|3816|89.88|Common|Silver
6915|Catventurer|Reached level 10|8029|2 Jul 2018 9:58:23 AM|3632|3816|95.18|Common|Bronze
6915|Helper of Cats|Completed 6 side quests|8028|2 Jul 2018 9:56:26 AM|3610|3816|94.6|Common|Bronze
6915|Dungeon Litter|Cleared 5 dungeons|8027|2 Jul 2018 9:49:52 AM|3623|3816|94.94|Common|Bronze
6915|Light of the Arcane|Obtained 2 skills|8026|2 Jul 2018 7:55:37 AM|3665|3816|96.04|Common|Bronze
6915|Felingard Lore|Located one monument|8025|2 Jul 2018 7:51:34 AM|3730|3816|97.75|Common|Bronze
6915|Fashionista Kitty|Obtained 3 armor or weapons|8024|1 Jul 2018 11:53:01 PM|3730|3816|97.75|Common|Bronze
3786|Enjoy your trip|Place 20 follies in core levels|8023|1 Jul 2018 5:03:20 PM|3813|9346|40.8|Uncommon|Bronze
3786|Ghost from the...|Fire 40 figments in core levels|8022|1 Jul 2018 4:56:13 PM|3936|9346|42.11|Uncommon|Silver
3786|Leaps of faith|Jump 25 walls in the core levels|8021|1 Jul 2018 4:44:14 PM|4175|9346|44.67|Uncommon|Bronze
3786|Semi Final|Complete 50 core levels|8020|1 Jul 2018 4:25:44 PM|3858|9346|41.28|Uncommon|Silver
3786|Illuminated Manuscripts|Read 50% of text in the core levels|8019|1 Jul 2018 4:21:35 PM|3825|9346|40.93|Uncommon|Silver
3786|Arcade Flynn|Die 200 times|8018|1 Jul 2018 4:20:21 PM|3777|9346|40.41|Uncommon|Silver
3786|The First Ballad|Complete 25 core levels|8017|1 Jul 2018 4:35:06 AM|4612|9346|49.35|Uncommon|Bronze
3786|Always the Taffer|Be seen by enemies 300 times in the core levels|8016|1 Jul 2018 4:23:09 AM|4291|9346|45.91|Uncommon|Gold
3786|Light Reading|Read 25% of text in the core levels|8015|1 Jul 2018 4:13:43 AM|4569|9346|48.89|Uncommon|Bronze
3786|Long Walk to Freedom|Travel 3 miles|8014|1 Jul 2018 3:03:30 AM|5202|9346|55.66|Common|Bronze
3786|Be Heard|Fire the bugle 50 times in core levels|8013|1 Jul 2018 2:42:21 AM|4940|9346|52.86|Common|Bronze
3786|Warming Up|Play for 20 minutes|8012|1 Jul 2018 2:18:52 AM|6230|9346|66.66|Common|Bronze
3786|Imperial March|Travel 1 mile|8011|1 Jul 2018 1:58:16 AM|6871|9346|73.52|Common|Bronze
3786|Rogue Unlike|Die once|8010|1 Jul 2018 1:40:57 AM|8598|9346|92.0|Common|Bronze
1296|Platinum|Collect all other 55 Trophies for this Trophy.|8009|1 Jul 2018 1:21:45 AM|36725|268976|13.65|Rare|Platinum
1296|Charted! - Crushing|Finish the game in Crushing Mode.|8008|1 Jul 2018 1:21:45 AM|41947|268976|15.6|Rare|Gold
1296|Bounty: Gemstones|Complete the bounty set.|8007|1 Jul 2018 1:09:12 AM|47052|268976|17.49|Rare|Bronze
1296|Bounty: Cádiz|Complete the bounty set.|8006|1 Jul 2018 12:23:42 AM|41108|268976|15.28|Rare|Bronze
1296|Bounty: Arcana|Complete the bounty set.|8005|1 Jul 2018 12:10:43 AM|39493|268976|14.68|Rare|Bronze
