696|... Has Joined Your Party!|Acquire all members for your party.|8125|28 Jul 2018 11:01:23 PM|1428|1929|74.03|Common|Bronze
696|The Peasants; They Love me!|Get the Peasants to join your party.|8124|28 Jul 2018 11:01:15 PM|1441|1929|74.7|Common|Bronze
696|I Have the Power!|Obtain the Trogsword.|8123|28 Jul 2018 10:46:53 PM|1451|1929|75.22|Common|Bronze
696|Cosplay Master|Find all costume pieces.|8122|28 Jul 2018 10:45:21 PM|1081|1929|56.04|Common|Bronze
696|They Lose Value if Opened|Collect all classic Videlectrix game boxes.|8121|28 Jul 2018 10:37:50 PM|1162|1929|60.24|Common|Bronze
696|I'm A Good Graphicketeer!|Collect all Videlectrix Good Graphicketeers Cards.|8120|28 Jul 2018 10:29:12 PM|1194|1929|61.9|Common|Bronze
696|The Ghosts of Our Forefathers|Free all four colonial ghosts.|8119|28 Jul 2018 10:10:11 PM|1497|1929|77.6|Common|Bronze
696|The Mainframe|Find your way into the Mainframe.|8118|28 Jul 2018 9:56:51 PM|1577|1929|81.75|Common|Bronze
696|The Ruins of Burnination|Blur the lines of the 8-Bit world and Free Country, USA.|8117|28 Jul 2018 9:45:00 PM|1594|1929|82.63|Common|Bronze
695|Codename: Awesome!|Achieve the highest possible Awesomeness level.|8116|27 Jul 2018 9:04:50 PM|1043|2030|51.38|Common|Silver
695|Continuity Errors|Find all bad takes in "Dangeresque 3: The Criminal Projective".|8115|27 Jul 2018 9:04:43 PM|1146|2030|56.45|Common|Bronze
695|I Know People|Give not-so-subtle hints to who you know (of).|8114|27 Jul 2018 9:01:37 PM|1109|2030|54.63|Common|Bronze
695|Look the Part|Find all costume pieces.|8113|27 Jul 2018 8:59:03 PM|1198|2030|59.01|Common|Bronze
695|Stick it to the Man!|Find out who the real villain is and stop him!|8112|27 Jul 2018 8:53:13 PM|1534|2030|75.57|Common|Gold
695|I Reach for My Nunchuk...|Nunchuk all possible characters.|8111|27 Jul 2018 8:52:11 PM|1188|2030|58.52|Common|Bronze
695|Requisitionist for Hire|Recover the Rocket Parts for the scientist.|8110|27 Jul 2018 8:44:25 PM|1537|2030|75.71|Common|Bronze
695|No Stone Unturned|Find all 12 collectibles.|8109|27 Jul 2018 8:43:13 PM|1204|2030|59.31|Common|Bronze
695|I Got a Bullet with Your Name On It|Obtain all bullets with names on them.|8108|27 Jul 2018 8:43:06 PM|1312|2030|64.63|Common|Bronze
695|Merchandising! Merchandising! Merchandising!|Obtain all pieces of Dangeresque 3 Merchandise.|8107|27 Jul 2018 8:28:52 PM|1210|2030|59.61|Common|Bronze
695|How to Join the Circus|Collect all pages to the "Space Circus Catastrophe!" manual.|8106|27 Jul 2018 8:25:47 PM|1237|2030|60.94|Common|Bronze
695|The Man with the Plan|Obtain the plans and access to Uzi Bazooka's Hideout.|8105|27 Jul 2018 8:00:56 PM|1586|2030|78.13|Common|Bronze
695|Recover the Formula|Obtain the Formula to save the Rainforest.|8104|27 Jul 2018 7:45:56 PM|1653|2030|81.43|Common|Bronze
695|Space Circus Ringleader|Obtain a high score of 15,000 points in "Space Circus Catastrophe!".|8103|27 Jul 2018 7:36:41 PM|1195|2030|58.87|Common|Bronze
695|A Dame in Shoes|Get hired by renowned Rainforest conservationist Cutesy Buttons.|8102|27 Jul 2018 7:12:42 PM|1824|2030|89.85|Common|Bronze
678|Impossibly Rocked Out|Achieve the highest possible Awesomeness level.|8101|27 Jul 2018 8:14:21 AM|1167|2201|53.02|Common|Silver
678|I Pilot the Limozeen Bus|Achieve a high score in "Limozeen: Hot Babelian Odyssey"|8100|27 Jul 2018 8:14:14 AM|1305|2201|59.29|Common|Bronze
678|Homestar Runner: The Musical|Witness all musical moments from the cast of Homestar Runner.|8099|27 Jul 2018 8:06:54 AM|1254|2201|56.97|Common|Bronze
678|The Hidden Tracks|Find all 12 collectibles.|8098|27 Jul 2018 8:05:24 AM|1379|2201|62.65|Common|Bronze
678|Manual of Style|Collect all pages to the "Limozeen: Hot Babelian Odyssey" manual.|8097|27 Jul 2018 8:05:17 AM|1388|2201|63.06|Common|Bronze
678|D.O.I. Rocks the House!|Perform the best rock show with D.O.I.|8096|27 Jul 2018 8:00:50 AM|1741|2201|79.1|Common|Gold
678|It's A Sabotage!|Successfully sabotage all the other bands.|8095|27 Jul 2018 7:51:46 AM|1744|2201|79.24|Common|Bronze
678|Expressions of Affection|Hear all the ways the residents of Free Country, USA love what they love.|8094|27 Jul 2018 7:46:59 AM|1217|2201|55.29|Common|Bronze
678|There is No Safe Word|Find all possible ways to abuse Strong Bad.|8093|27 Jul 2018 7:37:12 AM|1446|2201|65.7|Common|Bronze
678|Limozeen on My Shelf!|Collect all Limozeen Mini-Glasses.|8092|27 Jul 2018 7:31:50 AM|1500|2201|68.15|Common|Bronze
678|ROCK ON!|Collect each band poster.|8091|27 Jul 2018 7:23:58 AM|1529|2201|69.47|Common|Bronze
678|Strong Bad's Got Talent|Receive filled out entry forms for the Battle of the Bands.|8090|27 Jul 2018 7:20:39 AM|1783|2201|81.01|Common|Bronze
678|We're Going to Put On a Show!|Get celebrity judges and security for the Battle of the Bands.|8089|27 Jul 2018 6:57:48 AM|1832|2201|83.23|Common|Bronze
678|Truly, Truly Outrageous!|Collect all costume items.|8088|27 Jul 2018 6:44:29 AM|1467|2201|66.65|Common|Bronze
678|The High Cost of Repairs|Discover a way to fund repairs to the Game Machine.|8087|27 Jul 2018 6:40:29 AM|1983|2201|90.1|Common|Bronze
677|Lord High Fantasticus|Achieve the highest possible Awesomeness level.|8086|27 Jul 2018 12:41:18 AM|1295|2531|51.17|Common|Silver
677|The Perfect Evolution of Cave Girl Squad|Get the highest possible score in Cave Girl Squad.|8085|27 Jul 2018 12:41:11 AM|1517|2531|59.94|Common|Bronze
677|Burninating the Countryside|Set all possible things on fire.|8084|27 Jul 2018 12:34:22 AM|1576|2531|62.27|Common|Bronze
677|Algebros Master|Get at least 2000 points in Algebros.|8083|27 Jul 2018 12:33:42 AM|1601|2531|63.26|Common|Bronze
677|A Sad of Many Names|Have Strong Bad call Strong Sad by all his sad names.|8082|27 Jul 2018 12:26:59 AM|1303|2531|51.48|Common|Bronze
677|It's Not So Good to be the King|Return all of Free Country, USA back to normal.|8081|27 Jul 2018 12:23:33 AM|1932|2531|76.33|Common|Gold
677|Homestarmy: Medal of Honorable Mention|Finished the Homestarmy game in 10 rounds or fewer.|8080|27 Jul 2018 12:22:29 AM|1671|2531|66.02|Common|Bronze
677|I'm A Stylin' Machine!|Collected all available costumes.|8079|27 Jul 2018 12:10:27 AM|1573|2531|62.15|Common|Bronze
677|The Secret Scrolls|Collected all papyrus Cave Girl Squad scrolls.|8078|26 Jul 2018 11:57:43 PM|1613|2531|63.73|Common|Bronze
677|It's Good to be the King|Do the unthinkable: Make Strong Bad the King of Free Country, USA.|8077|26 Jul 2018 11:55:30 PM|2048|2531|80.92|Common|Bronze
677|Attention!!!|Make all members of the Homestarmy stand at attention.|8076|26 Jul 2018 11:53:54 PM|1851|2531|73.13|Common|Bronze
677|I Can Start My Own United Nations!|Collected all the souvenir flags of the world.|8075|26 Jul 2018 11:40:31 PM|1699|2531|67.13|Common|Bronze
677|Learning is Fun!|Collected all pages of the Algebros manual.|8074|26 Jul 2018 11:32:41 PM|1995|2531|78.82|Common|Bronze
677|The People's Republic of Marzistar|Enter the People's Republic of Marzistar.|8073|26 Jul 2018 11:30:52 PM|2101|2531|83.01|Common|Bronze
677|Long Burn the King!|Help create an effigy of the King of Town and spark a rebellion.|8072|26 Jul 2018 10:49:31 PM|2289|2531|90.44|Common|Bronze
674|Trogdor Polo Chucker|There is no higher rank to describe your awesomeness!|8071|25 Jul 2018 10:03:15 PM|1714|3869|44.3|Uncommon|Silver
674|Sharp Dressed Man|Obtained all costumes.|8070|25 Jul 2018 10:03:06 PM|2134|3869|55.16|Common|Bronze
674|Completed Game|Completed the game itself.|8069|25 Jul 2018 9:59:09 PM|2374|3869|61.36|Common|Gold
674|Start Act 3|Homestar moves out of the House of Strong.|8068|25 Jul 2018 9:56:29 PM|2399|3869|62.01|Common|Bronze
674|The Perfect Teen Girl Squad|Earn 5000 points or more in Teen Girl Squad.|8067|25 Jul 2018 9:52:53 PM|1942|3869|50.19|Common|Bronze
674|These Trophies Aren't Obscure Any More!|Earned all obscure trophies.|8066|25 Jul 2018 9:48:06 PM|1801|3869|46.55|Uncommon|Bronze
674|Card Collector|Collected all Teen Girl Squad cards.|8065|25 Jul 2018 9:46:06 PM|2000|3869|51.69|Common|Bronze
674|F.C.U.T.R.E.R Best Time|Obtained a really good time on the Free Country USA Triannual Race to the End of the Race.|8064|25 Jul 2018 9:43:03 PM|2279|3869|58.9|Common|Bronze
674|Cover to Cover|Collect all pages of the Snake Boxer 5 manual.|8063|25 Jul 2018 9:29:39 PM|2175|3869|56.22|Common|Bronze
674|The Biggest Loser|Help Strong Bad lose the race for Homestar.|8062|25 Jul 2018 9:04:15 PM|2620|3869|67.72|Common|Bronze
674|Prank Call King|Called everyone in Strongbadia.|8061|25 Jul 2018 9:00:35 PM|2609|3869|67.43|Common|Bronze
674|"Started" Act 1|User draws the track on the map.|8060|25 Jul 2018 8:26:20 PM|3584|3869|92.63|Common|Bronze
674|Snakes Cower Before Me!|Faced and defeated 14 levels of snakes in Snake Boxer 5.|8059|25 Jul 2018 8:21:26 PM|2049|3869|52.96|Common|Silver
674|Snake Whisperer|Unlocked Snake Boxer 5's Cobra mode.|8058|25 Jul 2018 8:02:47 PM|2153|3869|55.65|Common|Bronze
7244|Deep Ones Platinum|Good job! Completed all tasks!|8057|23 Jul 2018 5:53:46 PM|202|297|68.01|Common|Platinum
7244|Alone I Break|Go ashore|8056|23 Jul 2018 5:53:46 PM|204|297|68.69|Common|Silver
7244|To Infinity and Beyond!|Get out of the nest|8055|23 Jul 2018 5:53:32 PM|204|297|68.69|Common|Gold
7244|Jelly fish party|Don't die from jelly fishes on 25 level|8054|23 Jul 2018 5:41:24 PM|204|297|68.69|Common|Gold
7244|Cthulhu Rise|See the lair of the monster|8053|23 Jul 2018 5:43:53 AM|204|297|68.69|Common|Silver
7244|I Want to Play a Game|We will not be hampered by gears or levers|8052|23 Jul 2018 5:29:26 AM|206|297|69.36|Common|Silver
7244|Jailbreak|Escape from azkaban|8051|23 Jul 2018 5:17:41 AM|207|297|69.7|Common|Silver
7244|Three-headed monkey!|What about drinked?|8050|23 Jul 2018 5:11:47 AM|207|297|69.7|Common|Silver
1120|What's New, Beelzebub?|Complete Episode 5: What's New, Beelzebub?|8049|22 Jul 2018 9:55:02 PM|3016|3385|89.1|Common|Gold
1120|Motivational Work Environment|View all the seven motivational posters in the Hell, LLC offices.|8048|22 Jul 2018 9:50:53 PM|2743|3385|81.03|Common|Bronze
1120|Chiptune Rockstar|Help Chippy prevent Hell from owning his soul.|8047|22 Jul 2018 9:46:43 PM|3020|3385|89.22|Common|Bronze
1120|The Three Lords of Hell|Thwart the Lords of Hell's plan for world domination.|8046|22 Jul 2018 9:46:32 PM|3018|3385|89.16|Common|Silver
1120|Forbidden Brew|Prevent Stinky's from carrying Fruit of Knowledge Cider on tap.|8045|22 Jul 2018 9:45:01 PM|3020|3385|89.22|Common|Bronze
1120|Say My Name|Stop the conception of a new hellspawn.|8044|22 Jul 2018 9:43:27 PM|3019|3385|89.19|Common|Bronze
1120|Pimp Le Car Great Reaping 5000|Receive all DeSoto decals in this episode by completing all levels in "Pimp Le Car Great Reaping 5000" and gather all bonus decals.|8043|22 Jul 2018 9:32:04 PM|2522|3385|74.51|Common|Bronze
1120|Office Snoop|Spy on Satan berating the staff each time the efficiency drops.|8042|22 Jul 2018 9:09:32 PM|2847|3385|84.11|Common|Silver
1120|Toy Production Manager|Save Santa from his personal hell.|8041|22 Jul 2018 9:08:58 PM|3046|3385|89.99|Common|Bronze
1120|Broadcast TV Executive|Save Grandpa Stinky from his own personal hell.|8040|22 Jul 2018 9:03:54 PM|3042|3385|89.87|Common|Bronze
1120|A Play of Infinite Acts|Save Bosco from his own personal hell.|8039|22 Jul 2018 8:53:35 PM|3054|3385|90.22|Common|Bronze
1120|Hell, LLC.|Take the Soul Train to Hell.|8038|22 Jul 2018 8:45:21 PM|3102|3385|91.64|Common|Bronze
1119|Chariots of the Dogs|Complete Episode 4 - Chariots of the Dogs.|8037|22 Jul 2018 8:12:07 PM|3110|3447|90.22|Common|Gold
1119|No More Birthdays|Get rid of all three Pedros from the ship.|8036|22 Jul 2018 8:08:55 PM|3110|3447|90.22|Common|Silver
1119|Of Death and Eggs|Answer and prove the two questions the older Pedro has.|8035|22 Jul 2018 8:08:47 PM|3111|3447|90.25|Common|Bronze
1119|Recording Artist|Get a recording contract for the youngest Pedro.|8034|22 Jul 2018 8:07:31 PM|3112|3447|90.28|Common|Bronze
1119|The Willard Libby Trophy|Use the Carbon Dater on every possible character.|8033|22 Jul 2018 8:00:03 PM|2461|3447|71.4|Common|Bronze
1119|Indefinite Birthday|Get rid of the middle-aged Pedro from his communications post.|8032|22 Jul 2018 7:58:58 PM|3112|3447|90.28|Common|Bronze
1119|No More Boscow|Get Bosco back to his normal paranoid human self.|8031|22 Jul 2018 7:48:59 PM|3132|3447|90.86|Common|Silver
1119|Temporal Anomaly Corrected|Fix Bosco's temporal anomaly problem.|8030|22 Jul 2018 7:48:37 PM|3127|3447|90.72|Common|Silver
1119|Intelligence Crisis|Use each of the wrong personalities of AI in Bluster Blaster.|8029|22 Jul 2018 7:46:17 PM|2648|3447|76.82|Common|Bronze
1119|You'll Need This|Provide an inventory item for use in Episode 5.|8028|22 Jul 2018 7:35:53 PM|3136|3447|90.98|Common|Bronze
1119|AI Interrogator|Choose every dialog choice with each AI personality.|8027|22 Jul 2018 7:13:28 PM|2770|3447|80.36|Common|Bronze
1119|A Land Few Dare To Enter|Gain access to Bosco's secret room.|8026|22 Jul 2018 7:06:26 PM|3199|3447|92.81|Common|Bronze
1118|Night of the Raving Dead|Complete Episode 3 - Night of the Raving Dead.|8025|22 Jul 2018 5:27:11 PM|3208|3642|88.08|Common|Gold
1118|I Choose Bachelor...|Have Sybil make her final decision for who's the best suitor.|8024|22 Jul 2018 5:22:11 PM|3208|3642|88.08|Common|Silver
1118|Heart of Gold|Help Sybil find a man with a heart of gold.|8023|22 Jul 2018 5:21:05 PM|3211|3642|88.17|Common|Bronze
1118|Monster Master|Try every possible body part in the monster.|8022|22 Jul 2018 5:19:59 PM|2681|3642|73.61|Common|Bronze
1118|Good With His Hands|Help Sybil find a man who's good with his hands.|8021|22 Jul 2018 5:18:20 PM|3214|3642|88.25|Common|Bronze
1118|A Way With Words|Help Sybil find a man who has a way with words.|8020|22 Jul 2018 5:17:35 PM|3209|3642|88.11|Common|Bronze
1118|The Most Epic Battle Scene Ever|Get all caught up on how Sam & Max got trapped in the first place.|8019|22 Jul 2018 4:57:21 PM|3244|3642|89.07|Common|Silver
1118|Southern Gothic Rockstar|Defeat Jurgen at a rhyming duel.|8018|22 Jul 2018 4:56:36 PM|3248|3642|89.18|Common|Bronze
1118|Unhealthy Trendsetter|Make Jurgen lose his ability to keep up with the latest trends.|8017|22 Jul 2018 4:52:08 PM|3260|3642|89.51|Common|Bronze
1118|Shameless Product Placement|Record every possible episode of "Midtown Cowboys" with every possible product placement.|8016|22 Jul 2018 4:47:58 PM|2894|3642|79.46|Common|Bronze
1118|Can't Handle The Spotlight|Make Jurgen an uncool dancer in front of his zombie army.|8015|22 Jul 2018 4:42:26 PM|3261|3642|89.54|Common|Bronze
1118|Another Location Unlocked!|Unlock the location: The TV Studio.|8014|22 Jul 2018 4:39:13 PM|3294|3642|90.44|Common|Bronze
1118|Master Drive-By Marketer|Receive all DeSoto decals in this episode by completing all levels of the "Pimp Le Car Marketing Challenge" and gathering all bonus decals.|8013|22 Jul 2018 4:31:51 PM|2606|3642|71.55|Common|Bronze
1118|You've Unlocked A New Area!|Unlock the location: Stuttgart, Germany.|8012|22 Jul 2018 4:18:51 PM|3363|3642|92.34|Common|Bronze
1117|Moai Better Blues|Complete Episode 2 - Moai Better Blues|8011|22 Jul 2018 4:01:47 PM|3388|4013|84.43|Common|Gold
1117|Hail To The High Priest!|Take the Crown of Socks and crown Max as the new high priest.|8010|22 Jul 2018 3:59:54 PM|3247|4013|80.91|Common|Bronze
1117|High Priest Max|Make Max the High Priest of the ocean chimps.|8009|22 Jul 2018 3:57:08 PM|3393|4013|84.55|Common|Silver
1117|Eureka! Banang!|Perform a miracle by turning water into Banang.|8008|22 Jul 2018 3:55:58 PM|3414|4013|85.07|Common|Bronze
1117|The Image of Max|Make the image of Max appear in the underground cave.|8007|22 Jul 2018 3:52:19 PM|3398|4013|84.67|Common|Bronze
1117|Anointed By The Feet|Have Max be anointed by the Feet.|8006|22 Jul 2018 3:50:43 PM|3409|4013|84.95|Common|Bronze
7244|One man siege|Welcome to the fort|8005|22 Jul 2018 5:18:58 AM|207|297|69.7|Common|Silver
7244|Safe landing|Don't get damage from crabs after shipwreck, but don't kill them|8004|22 Jul 2018 5:14:55 AM|203|297|68.35|Common|Gold
7244|You like a Rick Grimes|You need to kill a 100 pirates|8003|22 Jul 2018 5:03:07 AM|225|297|75.76|Common|Gold
7244|My dad Black Beard|Kill the captain on the ship 3 times|8002|22 Jul 2018 4:53:38 AM|205|297|69.02|Common|Silver
7244|You fight like a cow!|Take the ship aboard|8001|22 Jul 2018 4:53:23 AM|221|297|74.41|Common|Silver
3991|Adventure Time|Earn every Trophy in the game|8000|21 Jul 2018 11:27:47 PM|3542|7944|44.59|Uncommon|Platinum
3991|Flimpin' The Diode|Correctly guess the Grayble theme.|7999|21 Jul 2018 11:27:47 PM|4266|7944|53.7|Common|Gold
3991|Real To Reel|Put Finn's favorite song back onto the record album.|7998|21 Jul 2018 11:23:04 PM|4269|7944|53.74|Common|Silver
1117|Kids Say The Darndest Things|As young Sam & Max, talk to every character possible.|7997|21 Jul 2018 11:08:51 PM|2650|4013|66.04|Common|Bronze
1117|Unionized|Help Sam become a unionized waiter and pass the "Wipeout" entrance exam.|7996|21 Jul 2018 10:52:14 PM|3515|4013|87.59|Common|Bronze
1117|Let's make some music!|Help Baby Glenn Miller create his latest hit song.|7995|21 Jul 2018 10:49:15 PM|3481|4013|86.74|Common|Silver
1117|BAGPIPE OBLITERATION ULTIMATE!|Receive all DeSoto decals in this episode by completing all levels of "Pimp Le Car Music Challenge" and all bonus decals.|7994|21 Jul 2018 10:44:43 PM|2533|4013|63.12|Common|Silver
1117|Sandwich Seller|Offer the granite sandwich to everyone on the island.|7993|21 Jul 2018 9:54:39 PM|2964|4013|73.86|Common|Bronze
1117|Freelance Police Work Is Never Done|Save Sybil from the giant Bermuda Triangle. Well, at least make a good attempt.|7992|21 Jul 2018 9:46:32 PM|3675|4013|91.58|Common|Silver
1116|Ice Station Santa|Help Sam & Max save Christmas!|7991|21 Jul 2018 9:28:28 PM|3858|5394|71.52|Common|Gold
1116|A Sinful Dessert|Get the Christmas Spirits to take care of that pesky demon.|7990|21 Jul 2018 9:25:28 PM|3862|5394|71.6|Common|Silver
1116|The Spirit of Christmas Future|Satisfy the Spirit of Christmas Future by saving your future selves in a dynamic act of foreshadowing.|7989|21 Jul 2018 9:24:47 PM|3872|5394|71.78|Common|Bronze
1116|The Spirit of Christmas Past|Satisfy the Spirit of Christmas Past by making amends to Jimmy.|7988|21 Jul 2018 9:21:52 PM|3882|5394|71.97|Common|Bronze
1116|The Spirit of Christmas Present|Satisfy the Spirit of Christmas Present by helping the bug and his family communication issues.|7987|21 Jul 2018 9:15:10 PM|3879|5394|71.91|Common|Bronze
1116|The Power Of Christmas|Complete the Exorcism using the My Little Demon Playset on the unfortunately possessed.|7986|21 Jul 2018 9:04:04 PM|3974|5394|73.67|Common|Silver
1116|A Range of Completely Worthless Decals|Earn all available DeSoto decals.|7985|21 Jul 2018 8:57:36 PM|2988|5394|55.39|Common|Bronze
1116|Pimp Le Car Driving Challenge|Complete the "Pimp Le Car Driving Challenge" and obtain the Horseman of Death.|7984|21 Jul 2018 8:31:40 PM|4075|5394|75.55|Common|Bronze
1116|Trivia Manipulator|Win Stinky's trivia contest and obtain the Horseman of Pestilence.|7983|21 Jul 2018 8:22:47 PM|4075|5394|75.55|Common|Bronze
1116|Did Someone Say Birthday?|Celebrate the Bug's birthday before his family arrives.|7982|21 Jul 2018 8:21:17 PM|3683|5394|68.28|Common|Bronze
1116|I'm A Contender!|Defeat Jimmy in the boxing ring and obtain the Horseman of War.|7981|21 Jul 2018 8:16:52 PM|4074|5394|75.53|Common|Bronze
1116|My Package!|Obtain the Horseman of Famine from Bosco.|7980|21 Jul 2018 8:12:01 PM|4035|5394|74.81|Common|Bronze
1116|And Another One Bites...|Stop the Maimtron 9000 from destroying the building... and quoting every song you wish you'd forgotten.|7979|21 Jul 2018 7:48:54 PM|4600|5394|85.28|Common|Silver
7244|Don't touch me now|Do not get damage from Stonefish|7978|21 Jul 2018 5:50:58 AM|213|297|71.72|Common|Silver
7244|Rolling Stones|Survive after the rolling stone|7977|21 Jul 2018 5:47:48 AM|227|297|76.43|Common|Silver
7244|Seahorse, run!|Escape from the shark|7976|21 Jul 2018 5:45:30 AM|231|297|77.78|Common|Bronze
7244|We have fins for lunch|You need to kill a 20 sharks|7975|20 Jul 2018 10:04:51 PM|215|297|72.39|Common|Gold
7244|My friend Pink Patrick|Third level. Don't get damage from stars|7974|20 Jul 2018 9:45:17 PM|221|297|74.41|Common|Gold
7244|Tortoise soup|You need to kill 30 turtles|7973|20 Jul 2018 9:35:08 PM|217|297|73.06|Common|Gold
7244|You shall not pass|You need to kill 9 fugu fish|7972|20 Jul 2018 9:23:52 PM|235|297|79.12|Common|Gold
7244|Rolling in the Deep|The diver falls to the bottom|7971|20 Jul 2018 9:11:32 PM|277|297|93.27|Common|Bronze
6501|Permanent Record|Complete the optional graffiti #8 in Episode 2: Brave New World|7970|20 Jul 2018 8:34:26 PM|18099|27588|65.6|Common|Silver
6501|Friendly Forest Friends|Complete the optional graffiti #6 in Episode 2: Brave New World|7969|20 Jul 2018 8:15:32 AM|20097|27588|72.85|Common|Silver
6501|Tread Harshly|Complete the optional graffiti #7 in Episode 2: Brave New World|7968|20 Jul 2018 8:03:15 AM|19363|27588|70.19|Common|Silver
6501|Wishlist|Complete the optional graffiti #5 in Episode 2: Brave New World|7967|20 Jul 2018 7:46:36 AM|21479|27588|77.86|Common|Bronze
6501|Canon Wall|Complete the optional graffiti #4 in Episode 2: Brave New World|7966|20 Jul 2018 7:41:59 AM|20959|27588|75.97|Common|Bronze
6501|Feels on Wheels|Complete the optional graffiti #3 in Episode 2: Brave New World|7965|20 Jul 2018 7:25:50 AM|21911|27588|79.42|Common|Bronze
6501|Radical Piratical|Complete the optional graffiti #2 in Episode 2: Brave New World|7964|20 Jul 2018 7:14:29 AM|20034|27588|72.62|Common|Bronze
6501|Stagehandwriting|Complete the optional graffiti #1 in Episode 2: Brave New World|7963|20 Jul 2018 6:59:25 AM|19195|27588|69.58|Common|Bronze
6272|Whiffing to Success|In public matches, cause the killer to miss an attack before taking a vault, 50 times.|7962|20 Jul 2018 1:39:30 AM|287|1487|4.56|Ultra Rare|Silver
3991|Snail's Pace|Locate and interact with 15 snails.|7961|19 Jul 2018 8:44:49 PM|3589|7944|45.18|Uncommon|Gold
3991|Band Together|Convince Finn's friends to join the band.|7960|19 Jul 2018 8:38:33 PM|4289|7944|53.99|Common|Silver
3991|Record Loss|Gather the equipment needed to re-record Finn's record.|7959|19 Jul 2018 8:23:58 PM|4301|7944|54.14|Common|Silver
3991|Radio Starchie|Listen to all of the radio broadcasts in the Tree House bedroom.|7958|19 Jul 2018 7:31:56 PM|3694|7944|46.5|Uncommon|Gold
3991|Nothung To Lose|Find the last of the artifacts and seal Billy's Cave.|7957|19 Jul 2018 7:29:41 PM|4343|7944|54.67|Common|Silver
3991|Cracked|Escape from the dungeon below Billy's Cave.|7956|19 Jul 2018 7:13:20 PM|4369|7944|55.0|Common|Silver
3991|Wet Willie|Find out why the Fire Kingdom's flames are going out.|7955|19 Jul 2018 6:59:15 PM|4413|7944|55.55|Common|Silver
3991|Acceptable Ending|Defeat Magic Man's latest jerky plan.|7954|19 Jul 2018 1:21:15 AM|4515|7944|56.84|Common|Silver
3991|Sound Sword Quest|Find the missing Sound Sword.|7953|19 Jul 2018 1:06:50 AM|4551|7944|57.29|Common|Silver
3991|Dance OFF|Find a cure for the dancing epidemic.|7952|19 Jul 2018 12:39:53 AM|4614|7944|58.08|Common|Silver
3991|Long Live The (Ice) King|Put the king back in charge of his kingdom.|7951|18 Jul 2018 10:05:58 PM|4810|7944|60.55|Common|Silver
3991|Lump Support|Fix all of the noble deeds that were done incorrectly.|7950|18 Jul 2018 9:41:15 PM|4910|7944|61.81|Common|Silver
3991|New to Ooo|Say hello to the new character in Ooo.|7949|18 Jul 2018 9:32:39 PM|4976|7944|62.64|Common|Gold
3991|Home Sweet Home|Visit every area in and around the tree house.|7948|18 Jul 2018 9:17:40 PM|5683|7944|71.54|Common|Bronze
3991|Hairy Beast|Find the hairy beast that has been wreaking havoc.|7947|18 Jul 2018 9:11:04 PM|5206|7944|65.53|Common|Silver
3991|Sweet, Sweet Magic|Defeat the wizards and free the kidnapped Candy People.|7946|18 Jul 2018 7:51:56 AM|5528|7944|69.59|Common|Silver
3991|Wizards Only, Fools|Find a way to get into the wizard "party."|7945|18 Jul 2018 7:39:54 AM|5664|7944|71.3|Common|Silver
3991|Wrong Number|Dial 10 wrong numbers on the pay phone.|7944|18 Jul 2018 7:28:38 AM|4350|7944|54.76|Common|Bronze
3991|Cake Plate Quest|Free Abracadaniel from jail.|7943|18 Jul 2018 7:08:23 AM|6140|7944|77.29|Common|Silver
3991|Stretch Goals|Use all four Jake combat forms at least once in the game.|7942|18 Jul 2018 7:02:15 AM|6246|7944|78.63|Common|Silver
3991|Combo Time|Perform a 15-hit combo in combat without being hit.|7941|18 Jul 2018 6:48:33 AM|6328|7944|79.66|Common|Gold
3991|I See You|Use the telescope in the boat to look at three different kingdoms.|7940|18 Jul 2018 6:42:12 AM|6050|7944|76.16|Common|Silver
3304|Number Nine Ticket|Get all other trophies in the game.|7939|17 Jul 2018 8:55:07 PM|30036|134944|22.26|Uncommon|Platinum
3304|Year 4|Spend four years in the Eighth Underworld.|7938|17 Jul 2018 8:55:07 PM|37206|134944|27.57|Uncommon|Gold
3304|The Right Way|Play the whole game with tank controls. Tim demanded this trophy.|7937|17 Jul 2018 8:52:56 PM|30472|134944|22.58|Uncommon|Gold
3304|"Manuel! Is everything okay?"|Play with the radio.|7936|17 Jul 2018 8:08:48 PM|36335|134944|26.93|Uncommon|Bronze
3304|"THAT'S NOT FUNNY!"|Crack a joke.|7935|17 Jul 2018 8:06:05 PM|32136|134944|23.81|Uncommon|Bronze
3304|"Oh, Lola..."|Revisit the place where you left Lola.|7934|17 Jul 2018 7:56:31 PM|35164|134944|26.06|Uncommon|Silver
3304|"...so large"|Meet the mechanics.|7933|17 Jul 2018 7:52:15 PM|33462|134944|24.8|Uncommon|Bronze
3304|"I could walk out out of this world and not look back..."|Hold to your commitments.|7932|17 Jul 2018 7:37:34 PM|36217|134944|26.84|Uncommon|Bronze
3304|"Happy trails, Captain."|See Chepito on his way.|7931|17 Jul 2018 7:37:20 PM|36886|134944|27.33|Uncommon|Bronze
3304|"I'm getting out of here. This world's for suckers."|See Bruno on his way.|7930|17 Jul 2018 7:34:55 PM|37902|134944|28.09|Uncommon|Bronze
3304|Year 3|Spend three years in the Eighth Underwold.|7929|17 Jul 2018 7:33:36 PM|38054|134944|28.2|Uncommon|Silver
3304|"Stop showing off for the girl!"|Try to beat Domino in a fair fight.|7928|17 Jul 2018 7:31:47 PM|31721|134944|23.51|Uncommon|Bronze
3304|"Okay, how much of this haven't you figured out, Calavera?"|Get Domino to explain the racket to you.|7927|17 Jul 2018 7:12:56 PM|38129|134944|28.26|Uncommon|Silver
3304|"IT'S A BUST-ALL!"|Talk to Chepito about his bartering tactics.|7926|16 Jul 2018 10:47:27 PM|37722|134944|27.95|Uncommon|Bronze
3304|"Save your breath..."|Try to explain to Meche.|7925|16 Jul 2018 10:42:39 PM|37477|134944|27.77|Uncommon|Bronze
3304|*sniff* *sniff*|Make the angelitos cry.|7924|16 Jul 2018 10:38:27 PM|38963|134944|28.87|Uncommon|Bronze
3304|"I wasn't always this color!"|Talk to Chepito about how long he's been down here.|7923|16 Jul 2018 10:21:06 PM|39014|134944|28.91|Uncommon|Bronze
3304|Year 2|Spend two years in the Eighth Underworld.|7922|16 Jul 2018 5:43:54 AM|40699|134944|30.16|Uncommon|Silver
3304|"ME, ME, ME-ME-ME!"|Chant with the bees.|7921|16 Jul 2018 5:35:55 AM|32539|134944|24.11|Uncommon|Bronze
3304|"Manny, we've given up. All of us."|Talk to Membrillo about why he's still here.|7920|16 Jul 2018 5:15:38 AM|44370|134944|32.88|Uncommon|Bronze
3304|"Here, let me hold that metal detector for you while you cry..."|Listen to Carla's whole story.|7919|16 Jul 2018 5:09:56 AM|36125|134944|26.77|Uncommon|Bronze
3304|"Oh Rusty Anchor"|Have Glottis sing you the rusty anchor song.|7918|16 Jul 2018 4:46:19 AM|32119|134944|23.8|Uncommon|Bronze
3304|"So, sorry, but I don't do... 'odd jobs.'"|Try to convince Verago to help you out.|7917|16 Jul 2018 4:34:19 AM|43888|134944|32.52|Uncommon|Bronze
3304|"We're straight stingers, you know?"|Talk to the worker bees about playing the game.|7916|16 Jul 2018 4:31:12 AM|45968|134944|34.06|Uncommon|Bronze
3304|"Consider it an homage."|Have Olivia recite one of your poems.|7915|16 Jul 2018 4:28:03 AM|40665|134944|30.13|Uncommon|Silver
3304|"Come to see how the big boys play, eh Manny?"|Visit with Maximino.|7914|16 Jul 2018 4:22:45 AM|39518|134944|29.28|Uncommon|Bronze
3304|"Oh, yeah, I could take you down..."|Try to convince Aitor to take you down to the wine cellar.|7913|16 Jul 2018 4:22:08 AM|41773|134944|30.96|Uncommon|Bronze
3304|"We are all citizens of the same nation, and our king rides a pale horse."|Try to get a passport from Chowchilla Charlie.|7912|16 Jul 2018 4:17:10 AM|47894|134944|35.49|Uncommon|Bronze
3304|"It shone, pale as bone..."|Look at the moon.|7911|16 Jul 2018 4:07:56 AM|37099|134944|27.49|Uncommon|Bronze
3304|"YOU'RE NOT EVEN LISTENING TO ME!!!"|Ask Lupe about her organizational system.|7910|16 Jul 2018 4:04:37 AM|48925|134944|36.26|Uncommon|Bronze
3304|"Well, maybe just a sip..."|Sample the Marillo de Oro.|7909|16 Jul 2018 4:01:47 AM|46112|134944|34.17|Uncommon|Bronze
3304|"Plus, we look good in these clothes!"|Talk to Glottis about leaving.|7908|16 Jul 2018 4:00:19 AM|48286|134944|35.78|Uncommon|Bronze
3304|"Great news -- we've discovered a new, secret talent of our tiny messengers!"|Catch up on how the pigeons are doing.|7907|16 Jul 2018 3:58:08 AM|39556|134944|29.31|Uncommon|Bronze
3304|Year 1|Spend a year in the Eighth Underworld.|7906|15 Jul 2018 10:48:50 PM|50408|134944|37.35|Uncommon|Silver
3304|"...Used to scream like a banshee when the trade winds blew..."|Ask Velasco about his eye patch.|7905|15 Jul 2018 10:46:48 PM|50238|134944|37.23|Uncommon|Bronze
3304|"We only have one mop."|Check your job qualifications with Celso.|7904|15 Jul 2018 10:44:26 PM|50249|134944|37.24|Uncommon|Bronze
3304|"The marrow of these trees, Manny, they suck it out, it's like cement!"|Ask Glottis about the tree farm.|7903|15 Jul 2018 10:24:54 PM|54749|134944|40.57|Uncommon|Bronze
3304|"Run you pigeons! It's Robert Frost!"|Try to intimidate the pigeons.|7902|15 Jul 2018 10:13:06 PM|41821|134944|30.99|Uncommon|Bronze
3304|"'ARROGANT FRAUD' doesn't work."|Try to guess Domino's password a few times.|7901|15 Jul 2018 10:09:17 PM|48232|134944|35.74|Uncommon|Silver
3304|"Join or Die! Again!"|Receive a message from Eva.|7900|15 Jul 2018 10:07:27 PM|61649|134944|45.68|Uncommon|Bronze
3304|"Precisamente, amigo."|Learn of a nefarious plot.|7899|15 Jul 2018 10:06:28 PM|61597|134944|45.65|Uncommon|Bronze
3304|"Well, I could do something bad right now if that would help."|Try to dig up some dirt on Meche.|7898|15 Jul 2018 9:59:13 PM|64182|134944|47.56|Uncommon|Bronze
3304|"I squeezed down one of these tubes, like a pixie!"|Talk to Brennis about how he got to the machine.|7897|15 Jul 2018 9:54:02 PM|68347|134944|50.65|Common|Bronze
3304|"Lousy bony fingers!"|Get the balloon twister to pop a ballon.|7896|15 Jul 2018 9:46:23 PM|89413|134944|66.26|Common|Bronze
3304|"Scaring the living is technically against the rules, but we all do it."|Scare the living a few times.|7895|15 Jul 2018 9:39:32 PM|60887|134944|45.12|Uncommon|Bronze
3304|"It's like I'm not happy unless I'm breathing in the thick, black, nauseating fumes..."|Talk to Glottis about cravings.|7894|15 Jul 2018 9:32:25 PM|57219|134944|42.4|Uncommon|Bronze
3304|"Gets the aggressions out, doesn't it?"|Use the hole punch.|7893|15 Jul 2018 9:28:40 PM|83997|134944|62.25|Common|Bronze
3304|"What I did back in the fat days is none of your business. You know the rules."|Talk to Eva about how she got stuck here.|7892|15 Jul 2018 9:28:23 PM|97162|134944|72.0|Common|Bronze
4456|OCD|Get all other trophies in the game|7891|14 Jul 2018 7:10:19 PM|30301|76236|39.75|Uncommon|Platinum
4456|...Take on the Words!|Sit through the end credits|7890|14 Jul 2018 7:10:19 PM|34328|76236|45.03|Uncommon|Bronze
4456|Mental Patience|Play the whole game without skipping a cutscene|7889|14 Jul 2018 7:08:06 PM|33344|76236|43.74|Uncommon|Bronze
4456|Yesterday's News|Defeat Purple Tentacle yesterday|7888|14 Jul 2018 7:06:18 PM|35568|76236|46.66|Uncommon|Gold
4456|Music Appreciation Award|Reach yesterday without turning the stereo off|7887|14 Jul 2018 6:57:30 PM|31045|76236|40.72|Uncommon|Bronze
4456|Flush|Acquire a diamond|7886|14 Jul 2018 6:56:51 PM|35778|76236|46.93|Uncommon|Silver
4456|Master Plumber|Flush 50 objects through time|7885|14 Jul 2018 6:55:18 PM|31790|76236|41.7|Uncommon|Bronze
4456|Number One|Power Hoagie's Chron-o-John|7884|14 Jul 2018 6:53:15 PM|35906|76236|47.1|Uncommon|Silver
4456|That Should Have Worked|Hoagie uses battery with Chron-o-John instead of plug|7883|14 Jul 2018 6:53:06 PM|31956|76236|41.92|Uncommon|Bronze
4456|Rap Sheet: Adventure Gamer|Pick up 45 things that don't belong to you|7882|14 Jul 2018 6:49:22 PM|35840|76236|47.01|Uncommon|Bronze
4456|Behind Every Great Man Is a Quality Roadie|Red makes a super battery with only a little help from Hoagie|7881|14 Jul 2018 6:49:07 PM|36114|76236|47.37|Uncommon|Bronze
4456|Obvious, Really...|Make it rain|7880|14 Jul 2018 6:46:59 PM|37832|76236|49.62|Uncommon|Bronze
4456|Number Two|Power Laverne's Chron-o-John|7879|14 Jul 2018 6:46:40 PM|35749|76236|46.89|Uncommon|Silver
4456|You Suck|Vacuum up a hamster|7878|14 Jul 2018 6:44:47 PM|35759|76236|46.91|Uncommon|Bronze
4456|ESRB Violation|Laverne thinks about eating the cat|7877|14 Jul 2018 6:41:00 PM|31288|76236|41.04|Uncommon|Bronze
4456|Oh Right, I'm Playing a Cartoon!|Make a skunk|7876|14 Jul 2018 6:40:10 PM|36117|76236|47.38|Uncommon|Bronze
4456|Chateau Eau Neaux|Make vinegar|7875|14 Jul 2018 6:39:27 PM|36468|76236|47.84|Uncommon|Bronze
4456|Dialog Puzzles Are Hard|Get Fred to sign the contract|7874|14 Jul 2018 6:35:58 PM|35929|76236|47.13|Uncommon|Bronze
4456|Coffee Achiever|Wake up Dr. Fred|7873|14 Jul 2018 6:34:39 PM|36101|76236|47.35|Uncommon|Bronze
4456|Rap Sheet: Fraud|Try to alter the contract with Booboo-B-Gone|7872|14 Jul 2018 6:33:50 PM|32333|76236|42.41|Uncommon|Bronze
4456|Rap Sheet: Forger|Try to sign the contract yourself with the quill pen|7871|14 Jul 2018 6:33:42 PM|31575|76236|41.42|Uncommon|Bronze
4456|Alas, Our Lazy Speechwriters Didn't Cover This|Talk to Washington, Jefferson, or Hancock while they're outside|7870|14 Jul 2018 6:32:40 PM|31262|76236|41.01|Uncommon|Bronze
4456|It's an Honor Just to Compete But Winning Is Better|Win the human contest|7869|14 Jul 2018 6:27:11 PM|35988|76236|47.21|Uncommon|Bronze
4456|Rap Sheet: Cheat|Disqualify Harold|7868|14 Jul 2018 6:23:27 PM|36088|76236|47.34|Uncommon|Bronze
4456|Can't Win and Chew Gum at the Same Time|Laverne tries the chattering teeth on her human during the human show|7867|14 Jul 2018 6:22:36 PM|31623|76236|41.48|Uncommon|Bronze
4456|It's an Honor Just to Compete|Enter the human contest|7866|14 Jul 2018 6:21:38 PM|36283|76236|47.59|Uncommon|Bronze
4456|Are You My Mummy?|Talk to Dead Cousin Ted with all three kids|7865|14 Jul 2018 6:20:37 PM|34071|76236|44.69|Uncommon|Bronze
4456|That Only Works with Alligators|Try to flush the hamster|7864|14 Jul 2018 6:17:21 PM|34763|76236|45.6|Uncommon|Bronze
4456|Now You're Pushing It|Try to microwave the hamster again after he's thawed out|7863|14 Jul 2018 6:17:07 PM|32605|76236|42.77|Uncommon|Bronze
4456|Don't Try This at Home|Microwave the frozen hamster|7862|14 Jul 2018 6:16:17 PM|36277|76236|47.59|Uncommon|Bronze
4456|Voiding the Warranty|Try to put something metal in the microwave|7861|14 Jul 2018 6:16:10 PM|34177|76236|44.83|Uncommon|Bronze
4456|Of Course It Would Still Weigh the Same|Get a tiny sweater|7860|14 Jul 2018 6:15:56 PM|36084|76236|47.33|Uncommon|Bronze
4456|Costume Quest|Clothe Laverne in the costume|7859|14 Jul 2018 6:14:24 PM|36909|76236|48.41|Uncommon|Bronze
4456|WWSCD?|Climb through the chimney with all three kids|7858|14 Jul 2018 6:13:47 PM|36781|76236|48.25|Uncommon|Bronze
4456|Rap Sheet: Yegg|Open the safe|7857|14 Jul 2018 6:09:13 PM|38324|76236|50.27|Common|Bronze
4456|We're All Brothers|Ask the IRS agents if they're related|7856|14 Jul 2018 6:06:24 PM|34100|76236|44.73|Uncommon|Bronze
4456|Rap Sheet: Vandal|Deflate Oozo|7855|14 Jul 2018 5:59:47 PM|36644|76236|48.07|Uncommon|Bronze
4456|Windsock it to Me|Change the flag|7854|14 Jul 2018 5:58:41 PM|37186|76236|48.78|Uncommon|Bronze
4456|Only George Can Destroy a Tree|Destroy a cherry tree|7853|14 Jul 2018 5:42:48 PM|38903|76236|51.03|Common|Bronze
4456|Only Hoagie Can Make a Tree|Create a cherry tree|7852|14 Jul 2018 5:40:21 PM|39009|76236|51.17|Common|Bronze
4456|Missing Pink|Try to mix the red paint and the Booboo-B-Gone|7851|14 Jul 2018 5:39:01 PM|32696|76236|42.89|Uncommon|Bronze
4456|Rap Sheet: Kleptomaniac|Pick up 30 things that don't belong to you|7850|14 Jul 2018 5:34:21 PM|37478|76236|49.16|Uncommon|Bronze
4456|Moronic Drone|Get a job|7849|14 Jul 2018 5:31:51 PM|37288|76236|48.91|Uncommon|Bronze
4456|Dude, It's Like, Cannibalism|Hoagie eats a Hoagie|7848|14 Jul 2018 5:31:23 PM|39807|76236|52.22|Common|Bronze
4456|You Call That a Hint?|Try to wash the dirty car with the brush|7847|14 Jul 2018 5:29:58 PM|33129|76236|43.46|Uncommon|Bronze
4456|That Joke Never Gets Old|Squirt five different people with disappearing ink|7846|14 Jul 2018 5:26:09 PM|33402|76236|43.81|Uncommon|Bronze
4456|Novelty Enthusiast|Get all six novelty items|7845|14 Jul 2018 5:24:38 PM|36995|76236|48.53|Uncommon|Bronze
4456|And Then the Universe Explodes|Try to mix the decaf and caffeinated coffees|7844|14 Jul 2018 5:17:43 PM|35426|76236|46.47|Uncommon|Bronze
4456|Rap Sheet: Thief|Pick up 15 things that don't belong to you|7843|14 Jul 2018 5:16:59 PM|41554|76236|54.51|Common|Bronze
6844|Slasher|Collect all trophies to unlock the platinum trophy.|7842|14 Jul 2018 5:36:14 AM|783|1256|62.34|Common|Platinum
6844|Number of the Best|Kill 666 victims across all Slayaway Camp movies.|7841|14 Jul 2018 5:36:14 AM|810|1256|64.49|Common|Gold
6844|Final Destination|Get a score of 25 in Faces of Killed 3.|7840|14 Jul 2018 5:00:29 AM|862|1256|68.63|Common|Silver
4456|Chef|Cook the hamster in Maniac Mansion (Don't try this at home, kids!)|7839|14 Jul 2018 3:17:44 AM|31453|76236|41.26|Uncommon|Bronze
4456|Games History Major|Play Maniac Mansion|7838|14 Jul 2018 2:48:38 AM|43317|76236|56.82|Common|Bronze
4456|I'm Sure He'd Never Notice|Try to swap the textbook with the stamp album|7837|14 Jul 2018 2:47:51 AM|34109|76236|44.74|Uncommon|Bronze
4456|Olive Branch|Return the stamp album to Weird Ed|7836|14 Jul 2018 2:47:25 AM|37253|76236|48.87|Uncommon|Bronze
4456|And Then the Universe Implodes|Try to mix the disappearing ink with Booboo-B-Gone|7835|14 Jul 2018 2:42:27 AM|34761|76236|45.6|Uncommon|Bronze
4456|Not Raised in a Barn|Close a door|7834|14 Jul 2018 2:41:17 AM|45516|76236|59.7|Common|Bronze
4456|Energy Conscious|Turn off the television|7833|14 Jul 2018 2:41:13 AM|37537|76236|49.24|Uncommon|Bronze
4456|Rap Sheet: Trespasser|Find Fred's basement workshop|7832|14 Jul 2018 2:28:52 AM|62587|76236|82.1|Common|Bronze
4456|Most Annoying Guest Ever|Ring the front desk bell 100 times|7831|14 Jul 2018 2:27:30 AM|34447|76236|45.18|Uncommon|Bronze
4458|Major Mess Maker|Knock over 5,000 objects|7830|14 Jul 2018 1:04:42 AM|4201|9538|44.04|Uncommon|Silver
6501|Awake, Dear Heart|Complete Episode 1: Awake|7829|13 Jul 2018 10:47:18 PM|24393|27588|88.42|Common|Gold
6501|Lucid Writing|Complete the optional graffiti #10 in Episode 1: Awake|7828|13 Jul 2018 10:34:05 PM|20213|27588|73.27|Common|Silver
6501|Face Your Anger|Complete the optional graffiti #9 in Episode 1: Awake|7827|13 Jul 2018 10:24:24 PM|20039|27588|72.64|Common|Silver
6501|Pioneer Spirit|Complete the optional graffiti #8 in Episode 1: Awake|7826|13 Jul 2018 9:44:25 PM|21813|27588|79.07|Common|Silver
6501|Mulligan Stew|Complete the optional graffiti #7 in Episode 1: Awake|7825|13 Jul 2018 9:22:55 PM|21282|27588|77.14|Common|Silver
6501|Dramatis Personae|Complete the optional graffiti #6 in Episode 1: Awake|7824|13 Jul 2018 9:15:53 PM|21832|27588|79.14|Common|Silver
6501|Rock Idol|Complete the optional graffiti #5 in Episode 1: Awake|7823|13 Jul 2018 9:03:16 PM|21033|27588|76.24|Common|Bronze
6501|Home Unimprovement|Complete the optional graffiti #4 in Episode 1: Awake|7822|13 Jul 2018 8:41:06 PM|20988|27588|76.08|Common|Bronze
6501|The Last Unicorn|Complete the optional graffiti #3 in Episode 1: Awake|7821|13 Jul 2018 8:23:03 PM|23326|27588|84.55|Common|Bronze
6501|I See U Saw|Complete the optional graffiti #2 in Episode 1: Awake|7820|13 Jul 2018 8:11:04 PM|25005|27588|90.64|Common|Bronze
6501|Recreational Vandalism|Complete the optional graffiti #1 in Episode 1: Awake|7819|13 Jul 2018 7:54:57 PM|24774|27588|89.8|Common|Bronze
5146|I'm Batman|Complete Batman|7818|13 Jul 2018 1:34:31 PM|80309|122729|65.44|Common|Platinum
5146|A New Day in Gotham|Completed Chapter 6 of Episode 5|7817|13 Jul 2018 1:34:31 PM|80543|122729|65.63|Common|Gold
5146|Executive Decision|Completed Chapter 5 of Episode 5|7816|13 Jul 2018 1:12:10 PM|80638|122729|65.7|Common|Silver
5146|The Legacy|Completed Chapter 4 of Episode 5|7815|13 Jul 2018 12:58:51 PM|80628|122729|65.7|Common|Silver
5146|On the Trail|Completed Chapter 3 of Episode 5|7814|13 Jul 2018 12:43:36 PM|80785|122729|65.82|Common|Bronze
5146|Revelations|Completed Chapter 2 of Episode 5|7813|13 Jul 2018 12:26:35 PM|80931|122729|65.94|Common|Bronze
5146|Loose Ends|Completed Chapter 1 of Episode 5|7812|13 Jul 2018 12:03:46 PM|81165|122729|66.13|Common|Bronze
5146|The Good, the Bat, and the Ugly|Completed Chapter 6 of Episode 4|7811|13 Jul 2018 11:35:47 AM|81645|122729|66.52|Common|Gold
5146|Another Night at the Office|Completed Chapter 5 of Episode 4|7810|13 Jul 2018 11:27:52 AM|81686|122729|66.56|Common|Silver
5146|Back to Business|Completed Chapter 4 of Episode 4|7809|13 Jul 2018 11:18:46 AM|81738|122729|66.6|Common|Silver
5146|Home Sweet Home|Completed Chapter 3 of Episode 4|7808|13 Jul 2018 11:13:08 AM|81839|122729|66.68|Common|Bronze
5146|A Serious House|Completed Chapter 2 of Episode 4|7807|13 Jul 2018 10:44:09 AM|82167|122729|66.95|Common|Bronze
5146|Price of Admission|Completed Chapter 1 of Episode 4|7806|13 Jul 2018 10:24:33 AM|82320|122729|67.07|Common|Bronze
4458|Litterbox Whiz|Get a score of 2,000 or more in Litterbox Mode|7805|13 Jul 2018 9:43:29 AM|4003|9538|41.97|Uncommon|Silver
5146|The Best of Us|Completed Chapter 6 of Episode 3|7804|12 Jul 2018 9:08:54 PM|83443|122729|67.99|Common|Gold
5146|Third Wheel|Completed Chapter 5 of Episode 3|7803|12 Jul 2018 8:31:41 PM|83796|122729|68.28|Common|Silver
5146|Off the Rails|Completed Chapter 4 of Episode 3|7802|12 Jul 2018 8:14:01 PM|84152|122729|68.57|Common|Silver
5146|Hostile Takeover|Completed Chapter 3 of Episode 3|7801|12 Jul 2018 7:51:19 PM|84469|122729|68.83|Common|Bronze
5146|A Man Unhinged|Completed Chapter 2 of Episode 3|7800|12 Jul 2018 7:41:42 PM|84748|122729|69.05|Common|Bronze
5146|State of the Union|Completed Chapter 1 of Episode 3|7799|12 Jul 2018 7:35:39 PM|84868|122729|69.15|Common|Bronze
6844|The Grudge|Get a score of 10 in Faces of Killed 3.|7798|12 Jul 2018 6:03:14 AM|974|1256|77.55|Common|Bronze
6844|The Purge|Get a score of 13 in Faces of Killed 3.|7797|12 Jul 2018 6:03:14 AM|965|1256|76.83|Common|Bronze
6844|I Am Legend|Get a score of 20 in Faces of Killed 3.|7796|12 Jul 2018 6:03:14 AM|928|1256|73.89|Common|Bronze
6844|Grindhouse|Get a score of 5 in Faces of Killed 3.|7795|12 Jul 2018 6:03:13 AM|977|1256|77.79|Common|Bronze
6844|Slay It Again, Sam|Unlock the gorepack called C-flat Face.|7794|12 Jul 2018 5:59:55 AM|858|1256|68.31|Common|Bronze
6844|Gory-gami|Unlock the gorepack called Origami'd.|7793|12 Jul 2018 5:59:33 AM|882|1256|70.22|Common|Bronze
6844|Blend It Like Beckham|Unlock the gorepack called Juiced.|7792|12 Jul 2018 5:57:56 AM|869|1256|69.19|Common|Bronze
6844|The Bees|Unlock the gorepack called Not the Bees.|7791|12 Jul 2018 5:57:39 AM|904|1256|71.97|Common|Bronze
6844|Blow Out|Unlock the gorepack called Puffed Up.|7790|12 Jul 2018 5:57:23 AM|827|1256|65.84|Common|Silver
6844|Day of the Dead|Unlock the gorepack called Cinco de Slayo.|7789|12 Jul 2018 5:56:59 AM|846|1256|67.36|Common|Silver
6844|Nailed It!|Unlock the gorepack called Pincusioned.|7788|12 Jul 2018 5:56:46 AM|876|1256|69.75|Common|Bronze
6844|Lawnmower Man|Unlock the gorepack called Party's Over.|7787|12 Jul 2018 5:54:56 AM|826|1256|65.76|Common|Silver
6844|Sheer Terror|Unlock the gorepack called Pruned.|7786|12 Jul 2018 5:54:38 AM|883|1256|70.3|Common|Silver
6844|Hellraiser|Unlock the gorepack called Demonized.|7785|12 Jul 2018 5:54:16 AM|853|1256|67.91|Common|Silver
6844|Firestarter|Unlock the gorepack called Charbroiled.|7784|12 Jul 2018 5:54:01 AM|826|1256|65.76|Common|Bronze
6844|Milton's Revenge|Unlock the gorepack called Face Stapled.|7783|12 Jul 2018 5:52:29 AM|836|1256|66.56|Common|Silver
6844|The Texas Pitchfork Massacre|Unlock the gorepack called Spronged.|7782|12 Jul 2018 5:52:08 AM|874|1256|69.59|Common|Bronze
6844|Little Shop of Horrors|Unlock 13 Gore Packs.|7781|12 Jul 2018 5:51:43 AM|943|1256|75.08|Common|Gold
6844|See No Evil|Unlock the gorepack called Double Blind.|7780|12 Jul 2018 5:51:42 AM|894|1256|71.18|Common|Bronze
6844|The Silencer|Unlock the gorepack called Grenade!.|7779|12 Jul 2018 5:51:25 AM|879|1256|69.98|Common|Bronze
6844|My Bloody Valentine|Unlock the gorepack called Broken Heart.|7778|12 Jul 2018 5:51:08 AM|892|1256|71.02|Common|Bronze
6844|Child's Play|Unlock one new psycho killer using the Mystery Box.|7777|12 Jul 2018 5:47:53 AM|1031|1256|82.09|Common|Bronze
6844|Pupper Master|Unlock 13 Killers using the Mystery Box.|7776|12 Jul 2018 5:46:40 AM|883|1256|70.3|Common|Silver
6844|Creepshow|Unlock 5 Killers using the Mystery Box.|7775|12 Jul 2018 5:42:48 AM|919|1256|73.17|Common|Bronze
6844|Galaxy of Terror|Complete Slayaway Camp X "Space Camp".|7774|12 Jul 2018 5:39:03 AM|877|1256|69.82|Common|Silver
6844|Frankenweenie|Complete Slayaway Camp 8 "Manhattan Manslaughter".|7773|12 Jul 2018 5:24:32 AM|888|1256|70.7|Common|Bronze
6844|Graveyard Shift|Complete Slayaway Camp 7 "Office Hours".|7772|12 Jul 2018 5:09:35 AM|907|1256|72.21|Common|Bronze
6844|Shocker|Kill a victim by scaring them into an electric fence.|7771|12 Jul 2018 5:00:42 AM|925|1256|73.65|Common|Bronze
6844|Flatliners|Complete Slayaway Camp 6 "Fatality Ward".|7770|12 Jul 2018 4:59:15 AM|930|1256|74.04|Common|Bronze
6844|Prince of Darkness|Kill a victim when the lights are off.|7769|12 Jul 2018 4:50:29 AM|953|1256|75.88|Common|Bronze
6844|Deep Rising|Complete Slayaway Camp 5 "Bloodbath Beach".|7768|12 Jul 2018 4:49:41 AM|957|1256|76.19|Common|Bronze
6844|Killer of the Elite|Kill a swat cop.|7767|12 Jul 2018 4:48:40 AM|959|1256|76.35|Common|Bronze
6844|Psycho Cop|Kill 30 dumb cops across all Slayaway Camp movies.|7766|12 Jul 2018 4:45:47 AM|967|1256|76.99|Common|Bronze
6844|The Faculty|Complete Slayaway Camp 4 "Slash'em High".|7765|12 Jul 2018 4:38:05 AM|978|1256|77.87|Common|Bronze
6844|Carnival of Souls|Complete Slayaway Camp 3D "The Abusement Park".|7764|12 Jul 2018 4:22:47 AM|1010|1256|80.41|Common|Bronze
6844|House of 100 Corpses|Kill 100 victims across all Slayaway Camp movies.|7763|12 Jul 2018 4:16:18 AM|1043|1256|83.04|Common|Bronze
6844|Faster, Pussycat!|Get through a level with a cat without killing it.|7762|12 Jul 2018 4:15:26 AM|1020|1256|81.21|Common|Bronze
6844|Rest in Pieces|Kill a victim with a Landmine.|7761|12 Jul 2018 4:09:31 AM|1123|1256|89.41|Common|Bronze
6844|The Mummy|Complete Slayaway Camp 2.5 "Another Return to Slayaway Camp".|7760|12 Jul 2018 4:08:42 AM|1116|1256|88.85|Common|Bronze
6844|The Hunger|Kill a victim by knocking over a fridge onto them.|7759|12 Jul 2018 4:03:24 AM|1161|1256|92.44|Common|Bronze
6844|Part II|Complete Slayaway Camp 2 "Return to Slayaway Camp".|7758|12 Jul 2018 3:54:12 AM|1197|1256|95.3|Common|Bronze
6844|The Deep|Kill a victim by scarin them into water.|7757|12 Jul 2018 3:36:44 AM|1217|1256|96.89|Common|Bronze
6844|Maniac Cop|Kill a dumb cop.|7756|12 Jul 2018 3:36:25 AM|1219|1256|97.05|Common|Bronze
6844|Needful Things|Unlock 1 Gore Pack.|7755|12 Jul 2018 3:34:21 AM|1231|1256|98.01|Common|Bronze
6844|Cannonball? Run!|Unlock the gorepack called Ball'd Faced Lier.|7754|12 Jul 2018 3:34:20 AM|862|1256|68.63|Common|Silver
6844|Cabin in the Woods|Complete Slayaway Camp.|7753|12 Jul 2018 3:32:55 AM|1231|1256|98.01|Common|Bronze
6844|Six Feet Under|Kill a victim by scaring them into a hole.|7752|12 Jul 2018 3:32:48 AM|1230|1256|97.93|Common|Bronze
6844|Fire Walk With Me|Kill a victim by scaring them into a fire.|7751|12 Jul 2018 3:27:05 AM|1239|1256|98.65|Common|Bronze
5146|Narrow Margins|Completed Chapter 6 of Episode 2|7750|11 Jul 2018 10:07:41 PM|87278|122729|71.11|Common|Gold
5146|The Incumbent|Completed Chapter 5 of Episode 2|7749|11 Jul 2018 9:33:21 PM|87673|122729|71.44|Common|Silver
5146|Two of a Kind|Completed Chapter 4 of Episode 2|7748|11 Jul 2018 9:22:45 PM|87850|122729|71.58|Common|Silver
5146|A Big Fan|Completed Chapter 3 of Episode 2|7747|11 Jul 2018 9:12:20 PM|88218|122729|71.88|Common|Bronze
5146|The Children|Completed Chapter 2 of Episode 2|7746|11 Jul 2018 8:53:26 PM|88737|122729|72.3|Common|Bronze
5146|Broken Memories|Completed Chapter 1 of Episode 2|7745|11 Jul 2018 8:17:30 PM|89406|122729|72.85|Common|Bronze
5531|My Name is Mayo!|Unlock all the trophies!|7744|11 Jul 2018 5:06:43 AM|43704|45221|96.65|Common|Platinum
5531|What do we do now?|Unlock all the rewards!|7743|11 Jul 2018 5:06:43 AM|43712|45221|96.66|Common|Gold
5531|An ingredient to rule them all|Hit 10000 times!|7742|11 Jul 2018 5:06:37 AM|43913|45221|97.11|Common|Gold
5531|*The Crow movie pun*|Hit 8000 times!|7741|11 Jul 2018 4:58:31 AM|43972|45221|97.24|Common|Bronze
5531|Venus-wise|Hit 5000 times!|7740|11 Jul 2018 4:49:41 AM|44222|45221|97.79|Common|Bronze
5531|A Mime?|In the end... (Hit this 50 times)|7739|11 Jul 2018 4:48:51 AM|44036|45221|97.38|Common|Gold
5531|Support!|While my guitar gently weeps. (Hit this 300 times)|7738|11 Jul 2018 4:48:38 AM|44072|45221|97.46|Common|Bronze
5531|Glam Rock|Follow in his footsteps. (Hit this 100 times)|7737|11 Jul 2018 4:48:06 AM|44132|45221|97.59|Common|Bronze
5531|Best Seller|It's not a phase, it's who I am! (Hit this 10 times)|7736|11 Jul 2018 4:47:50 AM|44166|45221|97.67|Common|Bronze
5531|Identity issues...|Old fashioned and boring. (Hit this 200 times)|7735|11 Jul 2018 4:47:39 AM|44202|45221|97.75|Common|Bronze
5531|Ordinary|Daddy issues. (Hit this 100 times)|7734|11 Jul 2018 4:47:00 AM|44314|45221|97.99|Common|Bronze
5531|Elephant fun times!|Feline Ketchup. (Hit this 500 times)|7733|11 Jul 2018 4:46:01 AM|44016|45221|97.34|Common|Gold
5531|Red Cheetah|Red Mayonnaise. (Hit this 300 times)|7732|11 Jul 2018 4:44:44 AM|44076|45221|97.47|Common|Bronze
5531|Catsup|Starchy fashion. (Hit this 200 times)|7731|11 Jul 2018 4:43:58 AM|44124|45221|97.57|Common|Bronze
5531|Knee record|Hit 3000 times!|7730|11 Jul 2018 4:43:50 AM|44403|45221|98.19|Common|Bronze
5531|Potato!|Banana? (Hit this 300 times)|7729|11 Jul 2018 4:43:10 AM|44177|45221|97.69|Common|Bronze
5531|Banana!|Cool whip is sexy. (Hit this 200 times)|7728|11 Jul 2018 4:42:29 AM|44238|45221|97.83|Common|Bronze
5531|I'm just a mayo.|Flipped. (Hit this 500 times)|7727|11 Jul 2018 4:41:45 AM|44003|45221|97.31|Common|Bronze
5531|Vanished...|Screw that. (Hit this 300 times)|7726|11 Jul 2018 4:40:42 AM|44074|45221|97.46|Common|Bronze
5531|Screwed|Drink coffee. (Hit this 150 times)|7725|11 Jul 2018 4:39:55 AM|44122|45221|97.57|Common|Bronze
5531|Short timer|Hit 1500 times!|7724|11 Jul 2018 4:39:45 AM|44647|45221|98.73|Common|Bronze
5531|Catch my cold!|Slap that cheese! (Hit this 250 times)|7723|11 Jul 2018 4:39:20 AM|44147|45221|97.62|Common|Bronze
5531|Cheesy Rap|Drop the bombshell! (Hit this 50 times)|7722|11 Jul 2018 4:38:39 AM|44233|45221|97.82|Common|Bronze
5531|Blonde bombshell!|Zzz... (Hit this 150 times)|7721|11 Jul 2018 4:38:24 AM|44265|45221|97.89|Common|Bronze
5531|Crme a la Mayo|Tap it wild and free. (Hit this 125 times)|7720|11 Jul 2018 4:38:06 AM|44321|45221|98.01|Common|Bronze
5531|Z's|Furry Rain. (Hit this 100 times)|7719|11 Jul 2018 4:37:00 AM|44351|45221|98.08|Common|Bronze
5531|Club|Hit 700 times!|7718|11 Jul 2018 4:36:18 AM|44826|45221|99.13|Common|Bronze
5531|I am Mayonnaise!|Talking about life. (10 hits, follow the life)|7717|11 Jul 2018 4:36:00 AM|44137|45221|97.6|Common|Bronze
5531|Talking about life|Philosophy. (10 hits, follow the life)|7716|11 Jul 2018 4:35:53 AM|44167|45221|97.67|Common|Bronze
5531|Philosophy|Part of life. (10 hits, follow the life)|7715|11 Jul 2018 4:35:47 AM|44194|45221|97.73|Common|Bronze
5531|Part of life|Muscles. (10 hits, follow the life)|7714|11 Jul 2018 4:35:39 AM|44212|45221|97.77|Common|Bronze
5531|Muscles|Move. (10 hits, follow the life)|7713|11 Jul 2018 4:35:32 AM|44233|45221|97.82|Common|Bronze
5531|Move|Just kidding... (10 hits, follow the life)|7712|11 Jul 2018 4:35:25 AM|44258|45221|97.87|Common|Bronze
5531|Just kidding...|The Box of Love. (10 hits, follow the life)|7711|11 Jul 2018 4:35:15 AM|44366|45221|98.11|Common|Bronze
5531|Nosey Caesar|Hit 550 times!|7710|11 Jul 2018 4:35:00 AM|44863|45221|99.21|Common|Bronze
5531|Dad|Like that old time Rock and Roll! (Hit this 50 times)|7709|11 Jul 2018 4:34:31 AM|44396|45221|98.18|Common|Bronze
5531|Go eat cake|Hit 500 times!|7708|11 Jul 2018 4:34:29 AM|44898|45221|99.29|Common|Bronze
5531|Topless!|Keep wearing the leopard (Hit this 100 times)|7707|11 Jul 2018 4:34:17 AM|44439|45221|98.27|Common|Bronze
5531|Cheetah|Wear the bikini. (Hit this 50 times)|7706|11 Jul 2018 4:33:52 AM|44584|45221|98.59|Common|Bronze
5531|20th century diet|Hit 350 times!|7705|11 Jul 2018 4:33:33 AM|44933|45221|99.36|Common|Bronze
5531|Rain|Spin the yarn. (Hit this 50 times)|7704|11 Jul 2018 4:33:25 AM|44520|45221|98.45|Common|Bronze
5531|Micro downsizing|Hit 200 times!|7703|11 Jul 2018 4:32:52 AM|44977|45221|99.46|Common|Bronze
5531|The Box of Love|Something important. (10 hits, follow the life)|7702|11 Jul 2018 4:32:36 AM|44557|45221|98.53|Common|Bronze
5531|Balls of yarn|Amazing Story (150 hits)|7701|11 Jul 2018 4:32:18 AM|44989|45221|99.49|Common|Bronze
5531|Rock Star!|Young soul. (Hit this 10 times)|7700|11 Jul 2018 4:32:12 AM|44605|45221|98.64|Common|Bronze
5531|Something important|A Story About Life. (120 hits)|7699|11 Jul 2018 4:32:02 AM|45009|45221|99.53|Common|Bronze
5531|Young Boy|I am Mayonnaise (90 hits)|7698|11 Jul 2018 4:31:45 AM|45022|45221|99.56|Common|Bronze
5531|Red Bikini!|This will cheer you up! (Hit Mayo 75 times)|7697|11 Jul 2018 4:31:28 AM|45023|45221|99.56|Common|Bronze
5531|Trimmed hearts|Hit 50 times!|7696|11 Jul 2018 4:30:57 AM|45035|45221|99.59|Common|Bronze
5531|No brainer|Hit 20 times!|7695|11 Jul 2018 4:30:51 AM|45051|45221|99.62|Common|Bronze
6272|Adept Kate|In a public match, escape with Kate, using only her 3 unique perks.|7694|11 Jul 2018 3:45:29 AM|452|1487|7.19|Very Rare|Bronze
6272|Adept Clown|In a public match, achieve a merciless victory with The Clown, using only his 3 unique perks.|7693|11 Jul 2018 2:36:25 AM|319|1487|5.07|Very Rare|Bronze
5146|Family Secrets|Completed Chapter 6 of Episode 1|7692|11 Jul 2018 12:13:46 AM|96121|122729|78.32|Common|Gold
5146|Room with a View|Completed Chapter 5 of Episode 1|7691|11 Jul 2018 12:10:57 AM|96295|122729|78.46|Common|Silver
5146|World's Greatest Detective|Completed Chapter 4 of Episode 1|7690|10 Jul 2018 11:43:15 PM|97902|122729|79.77|Common|Silver
5146|Meet the Press|Completed Chapter 3 of Episode 1|7689|10 Jul 2018 11:17:30 PM|100723|122729|82.07|Common|Bronze
5146|The One that Got Away|Completed Chapter 2 of Episode 1|7688|10 Jul 2018 10:48:47 PM|103788|122729|84.57|Common|Bronze
5531|You can see the hits!|Hit the Mayo 5 times!|7687|10 Jul 2018 6:00:55 PM|45074|45221|99.67|Common|Bronze
5146|Welcome to Gotham|Completed Chapter 1 of Episode 1|7686|9 Jul 2018 5:58:35 PM|113160|122729|92.2|Common|Bronze
5316|Virginia|I never made decisions. Things always came up and made them for me.|7685|7 Jul 2018 7:30:24 AM|10085|15564|64.8|Common|Platinum
5316|Doam|Bis!|7684|7 Jul 2018 7:30:24 AM|10188|15564|65.46|Common|Gold
5316|Dead Road|Along comes the driver, Pulls the little lever. Puff, puff! Chuff, chuff! Off we go!|7683|7 Jul 2018 7:00:49 AM|10530|15564|67.66|Common|Gold
5316|Paris|A bird of the air shall carry the voice, and that which hath wings shall tell the matter|7682|7 Jul 2018 7:00:40 AM|10252|15564|65.87|Common|Gold
5316|Fever|To me the meanest flower that blows can give, thoughts that do often lie too deep for tears|7681|7 Jul 2018 7:00:26 AM|10294|15564|66.14|Common|Gold
5316|Toet|Ms. Paul didn't get to be PA to the AD by making a spectacle of herself|7680|7 Jul 2018 6:57:02 AM|10355|15564|66.53|Common|Gold
5316|Lemon|Susan's checked between the booths and under the counter, but where she left it is anyone's guess|7679|7 Jul 2018 6:48:36 AM|10502|15564|67.48|Common|Gold
5316|Ganesha|Orbed is the moon and bright, and the stars they glisten, glisten|7678|7 Jul 2018 6:41:41 AM|10418|15564|66.94|Common|Gold
5316|Iris|Do what you can for Edith Fairfax. A little kindness goes a long way.|7677|7 Jul 2018 6:33:18 AM|10918|15564|70.15|Common|Gold
5316|Aleph|Get your foot off my neck|7676|7 Jul 2018 5:59:51 AM|12267|15564|78.82|Common|Bronze
5316|Ariadne|Thank you|7675|6 Jul 2018 4:07:59 AM|13477|15564|86.59|Common|Silver
5316|Red Night|There are no passengers on spaceship earth. We are all crew.|7674|6 Jul 2018 4:07:58 AM|13291|15564|85.4|Common|Silver
5316|Benway|The true ship is the ship-builder|7673|6 Jul 2018 3:51:03 AM|10984|15564|70.57|Common|Gold
5316|Meda|Beta vulgaris|7672|6 Jul 2018 3:38:15 AM|11758|15564|75.55|Common|Silver
5316|Mausoleum|Durch die Blume gesprochen|7671|6 Jul 2018 2:54:29 AM|11472|15564|73.71|Common|Silver
5316|Madam|For closers only|7670|6 Jul 2018 2:50:21 AM|14414|15564|92.61|Common|Bronze
5316|Beatrice|Strictly for the birds|7669|6 Jul 2018 2:45:00 AM|12507|15564|80.36|Common|Silver
5316|Flea|Victories in space and time|7668|6 Jul 2018 2:37:57 AM|11709|15564|75.23|Common|Silver
6272|Campbell's Chapel Legacy|In a public match, repair the generator in the chapel and live to tell the tale.|7667|5 Jul 2018 9:26:45 PM|1263|1487|20.09|Uncommon|Bronze
5940|Jeweller|Find three talismans.|7666|4 Jul 2018 6:13:19 AM|780|2072|37.64|Uncommon|Bronze
5940|Nature Lover|Get rid of wolves without killing.|7665|4 Jul 2018 5:58:31 AM|1103|2072|53.23|Common|Bronze
5940|Frosty Relationship|Complete Gisle Lachance's vision.|7664|4 Jul 2018 5:06:29 AM|1374|2072|66.31|Common|Bronze
6011|Platinum Trophy|A full Trophy cabinet|7663|3 Jul 2018 1:11:45 AM|1464|1715|85.36|Common|Platinum
6011|Not a happy bunny|Find these weathered toys|7662|3 Jul 2018 1:11:45 AM|1477|1715|86.12|Common|Bronze
6011|Catharsis|Set Finn's emotions free|7661|3 Jul 2018 1:00:58 AM|1491|1715|86.94|Common|Silver
6011|Pull the other one|Inspect this emergency feature|7660|3 Jul 2018 12:30:53 AM|1524|1715|88.86|Common|Silver
6011|Simon Says: Don't lose|Can you beat this nostalgic game?|7659|3 Jul 2018 12:26:13 AM|1529|1715|89.15|Common|Gold
6011|Masquerade|Collect your mask from Finn|7658|2 Jul 2018 6:23:37 AM|1564|1715|91.2|Common|Gold
6011|Poster Club|Inspect all the film posters in the game|7657|2 Jul 2018 5:39:29 AM|1481|1715|86.36|Common|Gold
6011|Dark Destroyer|Acquire your Umbrakinesis Powers|7656|2 Jul 2018 5:37:25 AM|1583|1715|92.3|Common|Gold
6011|A moment captured|Inspect this instant memory maker|7655|2 Jul 2018 5:34:20 AM|1580|1715|92.13|Common|Bronze
6011|Big Cheater|Look for Finn as quickly as you can|7654|2 Jul 2018 5:32:05 AM|1495|1715|87.17|Common|Gold
6011|Pure Folly|Find this fanciful hideout|7653|2 Jul 2018 5:28:05 AM|1578|1715|92.01|Common|Bronze
6011|Alas, Poor Isaac!|Uncover Isaac's past secrets|7652|2 Jul 2018 5:26:36 AM|1570|1715|91.55|Common|Gold
6011|Who's the daddy?|An ego waiting to be found|7651|2 Jul 2018 5:25:39 AM|1583|1715|92.3|Common|Silver
6011|Redemption|Redeem your mistakes|7650|2 Jul 2018 5:22:04 AM|1546|1715|90.15|Common|Silver
6011|Fire Starter|Acquire your Pyrokinesis Powers|7649|2 Jul 2018 5:18:30 AM|1594|1715|92.94|Common|Gold
6011|Doodle dandy|Find this moment of teenage fancy|7648|2 Jul 2018 5:13:28 AM|1585|1715|92.42|Common|Bronze
6011|Life Giver|Acquire your Life Powers|7647|2 Jul 2018 4:59:31 AM|1609|1715|93.82|Common|Gold
6011|You spin me right round|Inspect this moment in space|7646|2 Jul 2018 4:55:15 AM|1589|1715|92.65|Common|Bronze
6011|Good kitty|Inspect your purrrfect pet|7645|2 Jul 2018 4:52:40 AM|1580|1715|92.13|Common|Bronze
6011|Prize draw|Inspect this shared success|7644|2 Jul 2018 4:52:19 AM|1572|1715|91.66|Common|Bronze
6011|Green Fingered|Find Grandad's refuge|7643|2 Jul 2018 4:46:35 AM|1623|1715|94.64|Common|Silver
6011|Guitar man|Inspect this once loved instrument|7642|2 Jul 2018 4:46:00 AM|1607|1715|93.7|Common|Bronze
6011|Simon Says: Good to Go|Complete your first adventure|7641|2 Jul 2018 4:31:31 AM|1675|1715|97.67|Common|Bronze
4458|Hovercat|Stay airborne for 3 seconds|7640|1 Jul 2018 11:24:57 PM|6951|9538|72.88|Common|Bronze
4458|Objective Pro|Get a score of 2,000 or more in Objective Mode|7639|1 Jul 2018 11:16:50 PM|4900|9538|51.37|Common|Silver
4458|Night at the Mewseum|Unlock and complete the mewseum in Objective Mode|7638|1 Jul 2018 11:16:50 PM|4149|9538|43.5|Uncommon|Bronze
4458|The Cat Life|Be a cat for 30 minutes straight|7637|1 Jul 2018 11:16:07 PM|5612|9538|58.84|Common|Bronze
4458|These and Those|Topple 150 unique objects|7636|1 Jul 2018 11:12:05 PM|5552|9538|58.21|Common|Silver
4458|Mess Maker|Knock over 1,000 objects|7635|1 Jul 2018 11:10:48 PM|6456|9538|67.69|Common|Bronze
4458|Mouse Catcher|Catch a mouse|7634|1 Jul 2018 11:04:05 PM|6156|9538|64.54|Common|Bronze
4458|Photo Gatherer|Collect 10 photos|7633|1 Jul 2018 10:57:24 PM|7027|9538|73.67|Common|Bronze
4458|This and That|Topple 50 unique objects|7632|1 Jul 2018 10:52:29 PM|7776|9538|81.53|Common|Bronze
4458|Seeing Red|Defeat the laser pointer|7631|1 Jul 2018 10:39:52 PM|6477|9538|67.91|Common|Bronze
4458|Cat Training Complete!|Complete the tutorial|7630|1 Jul 2018 10:34:32 PM|9353|9538|98.06|Common|Bronze
5940|Last Stand|Complete Gilles Lachance's vision.|7629|1 Jul 2018 7:44:27 PM|1503|2072|72.54|Common|Bronze
5940|Photographer|Take a picture needed for the investigation.|7628|1 Jul 2018 7:29:08 PM|1860|2072|89.77|Common|Bronze
5940|Rendezvous|Reach the General Store.|7627|1 Jul 2018 7:16:59 PM|1884|2072|90.93|Common|Bronze
5940|Sorry, eh?|In typical Canadian fashion, Carl left $10 for the cutoff chain.|7626|1 Jul 2018 7:03:49 PM|1007|2072|48.6|Uncommon|Bronze
2863|Sniper Duel|Kill a skeleton with an arrow from more than 50 meters.|7625|1 Jul 2018 3:02:02 AM|52787|336926|15.67|Rare|Bronze
