6125|Where Did You Come From?|Destroy A Fire Bug|23070|31 Jul 2018 11:49:01 PM|355|968|36.67|Uncommon|Bronze
6125|Is That All You've Got?|Defeat A Boss In All Its Incarnations|23069|31 Jul 2018 11:34:31 PM|420|968|43.39|Uncommon|Silver
6125|Axing For It|Finish A Regular Room Without Using A Weapon Pickup|23068|31 Jul 2018 11:27:20 PM|638|968|65.91|Common|Bronze
6125|What Does It Mean?|Get Rainbow Power|23067|31 Jul 2018 2:43:59 AM|338|968|34.92|Uncommon|Silver
6125|Golden Retriever|Find The Golden Kitty|23066|31 Jul 2018 2:19:29 AM|274|968|28.31|Uncommon|Bronze
6125|Shell Shock|Defeat Hexapod|23065|31 Jul 2018 2:07:36 AM|282|968|29.13|Uncommon|Silver
6125|Fist Full Of Dynamite?|Use The Atomic Fist 20 Times|23064|31 Jul 2018 1:59:18 AM|477|968|49.28|Uncommon|Bronze
6125|Lemon Aid|Collect 30 Lemons In A Single Game|23063|31 Jul 2018 1:57:14 AM|361|968|37.29|Uncommon|Silver
6125|Muddy Waters|Complete The Mud Pits|23062|31 Jul 2018 1:48:12 AM|376|968|38.84|Uncommon|Bronze
6125|Scholar|Use 5 Different Scroll Types|23061|31 Jul 2018 1:47:39 AM|449|968|46.38|Uncommon|Silver
6125|Gold Grabber|Collect 1000 Points Worth Of Coins|23060|31 Jul 2018 1:46:43 AM|479|968|49.48|Uncommon|Silver
6125|Pest Control|Complete An Infestation Room|23059|31 Jul 2018 1:43:37 AM|378|968|39.05|Uncommon|Bronze
6125|Not The Boss Of Me!|Defeat Boulderface|23058|31 Jul 2018 1:38:45 AM|662|968|68.39|Common|Silver
6125|Room Service|Clear 50 Rooms Of Monsters|23057|31 Jul 2018 1:09:29 AM|530|968|54.75|Common|Silver
6125|Shopaholic|Buy 10 Items In A Shop|23056|31 Jul 2018 1:05:15 AM|507|968|52.38|Common|Bronze
6125|You Can Do It!|Complete The First Floor On Hard Difficulty|23055|31 Jul 2018 12:53:39 AM|327|968|33.78|Uncommon|Silver
6125|Magic Pockets|Collect 1000 Food Items (Increasing Score Type)|23054|31 Jul 2018 12:49:12 AM|503|968|51.96|Common|Silver
6125|Master At Arms|Use 10 Different Weapon Types|23053|31 Jul 2018 12:28:16 AM|455|968|47.0|Uncommon|Bronze
6125|Never Ending Story|Complete 10 Waves In Endless Mode|23052|31 Jul 2018 12:25:44 AM|406|968|41.94|Uncommon|Silver
6125|Got The Idea|Get 100 100x8s In A Single Game|23051|31 Jul 2018 12:23:09 AM|365|968|37.71|Uncommon|Silver
6125|Unscathed|Defeat A Boss Without Taking Any Damage|23050|30 Jul 2018 11:57:47 PM|476|968|49.17|Uncommon|Silver
6125|Axes Of Evil|Defeat A Boss Without Using A Weapon Pickup|23049|30 Jul 2018 11:57:23 PM|350|968|36.16|Uncommon|Gold
6125|The Eyes Have It|Defeat The Giant Peepwort|23048|30 Jul 2018 11:57:22 PM|648|968|66.94|Common|Silver
6125|Monstrous|Defeat 1000 Monsters|23047|30 Jul 2018 11:50:16 PM|708|968|73.14|Common|Silver
6125|Statistically Significant|Collect Or Buy 5 Stat Increases In A Single Game|23046|30 Jul 2018 11:45:54 PM|498|968|51.45|Common|Bronze
6125|Arcade Addict|Complete Castle Crushers 3 Times|23045|30 Jul 2018 11:44:53 PM|617|968|63.74|Common|Silver
6125|Under The Skin|Complete The Catacombs|23044|30 Jul 2018 11:42:43 PM|832|968|85.95|Common|Bronze
6125|Take Heart|Pick Up 10 Hearts In A Single-Player Game Session|23043|30 Jul 2018 11:36:53 PM|630|968|65.08|Common|Silver
6125|Bonus Payment|Collect All BONUS Letters|23042|30 Jul 2018 11:36:40 PM|496|968|51.24|Common|Silver
6125|Forward Planning|Find A Map|23041|30 Jul 2018 11:36:15 PM|861|968|88.95|Common|Bronze
6125|Holy Teeth, Bat-Thing!|Defeat Gnasher|23040|30 Jul 2018 11:34:10 PM|613|968|63.33|Common|Silver
6125|Consolation Prize|Get The Golden Poop|23039|30 Jul 2018 11:34:07 PM|695|968|71.8|Common|Bronze
6125|Grave Encounters|Complete The Graveyard|23038|30 Jul 2018 11:30:34 PM|819|968|84.61|Common|Bronze
6125|Safe And Sound|Finish A Non-Boss, Non-Empty Room Without Taking Damage|23037|30 Jul 2018 11:26:02 PM|906|968|93.6|Common|Bronze
7534|Platinum Hero|Get all trophies|23036|30 Jul 2018 3:49:58 AM|457|559|81.75|Common|Platinum
7534|Key Master|Collect 100 keys.|23035|30 Jul 2018 3:49:58 AM|465|559|83.18|Common|Silver
7534|Determined!|Resurrect more than 25 times.|23034|30 Jul 2018 3:39:18 AM|472|559|84.44|Common|Gold
7534|Legendary Hero|Complete the game!|23033|30 Jul 2018 3:33:52 AM|459|559|82.11|Common|Gold
7534|Fus-Ro-Dragonslayer|Defeat the Dragon Boss.|23032|30 Jul 2018 3:33:51 AM|459|559|82.11|Common|Gold
7534|Pebbled|Defeat the Stone Golem Boss.|23031|30 Jul 2018 3:11:45 AM|464|559|83.01|Common|Silver
7534|Battle Tested|Play over 100 levels!|23030|30 Jul 2018 2:50:04 AM|484|559|86.58|Common|Gold
7534|Crate Smasher!|Destroy 500 crates.|23029|30 Jul 2018 2:38:37 AM|477|559|85.33|Common|Gold
7534|Slaughtered|Defeat the Butcher Boss.|23028|30 Jul 2018 2:36:21 AM|469|559|83.9|Common|Silver
7534|Slayer!|Kill more than 500 enemies.|23027|30 Jul 2018 2:07:05 AM|488|559|87.3|Common|Gold
7534|Eye of the Beholder|Defeat the Ancient Beholder Boss.|23026|30 Jul 2018 1:58:19 AM|492|559|88.01|Common|Silver
7534|Sick Reﬂexes|Destroy an arrow in mid-air.|23025|30 Jul 2018 1:26:48 AM|533|559|95.35|Common|Gold
7534|Knowledge Is Power!|Read your ﬁrst tome.|23024|29 Jul 2018 10:38:48 PM|533|559|95.35|Common|Silver
7534|Horde No More|Defeat the Orc Chief Boss.|23023|29 Jul 2018 10:35:47 PM|519|559|92.84|Common|Bronze
7534|Magic Brew|Bought a potion.|23022|29 Jul 2018 10:32:49 PM|526|559|94.1|Common|Bronze
7534|Shop-a-holic|Spend more than 1500 coins.|23021|29 Jul 2018 10:32:38 PM|525|559|93.92|Common|Gold
7534|King of Bling|Bought an amulet.|23020|29 Jul 2018 10:25:23 PM|532|559|95.17|Common|Bronze
7534|Sharpened Blade|Bought a new weapon.|23019|29 Jul 2018 10:19:12 PM|536|559|95.89|Common|Bronze
7534|Blessed|Receive a blessing from the Priest.|23018|29 Jul 2018 10:11:35 PM|526|559|94.1|Common|Silver
7534|Til Death Do Us Part|Bought a ring.|23017|29 Jul 2018 10:11:28 PM|531|559|94.99|Common|Bronze
7534|Armored!|Bought some armor.|23016|29 Jul 2018 10:11:15 PM|536|559|95.89|Common|Bronze
7534|Level Up!|Leveled up for the ﬁrst time!|23015|29 Jul 2018 10:06:54 PM|547|559|97.85|Common|Silver
7534|I'm Not Lost!|Checked the map screen.|23014|29 Jul 2018 10:05:55 PM|546|559|97.67|Common|Bronze
7534|Quest Has Begun|Completed the training level.|23013|29 Jul 2018 10:04:54 PM|548|559|98.03|Common|Bronze
5617|Platinum|Unlock every Trophy.|23012|29 Jul 2018 2:42:04 AM|4164|4765|87.39|Common|Platinum
5617|Prequel|Finish the bonus chapter.|23011|29 Jul 2018 2:42:04 AM|4340|4765|91.08|Common|Silver
5617|Undercover Agent|Complete the game on Normal Difficulty.|23010|29 Jul 2018 2:20:03 AM|4394|4765|92.21|Common|Silver
5617|Spy Master|Complete the game on Expert Difficulty.|23009|29 Jul 2018 2:20:03 AM|4220|4765|88.56|Common|Gold
5617|World Owes You|Destroy Barber’s Tremor Machine.|23008|29 Jul 2018 2:18:15 AM|4397|4765|92.28|Common|Gold
5617|The Challenge|Solve all minigames without skipping.|23007|29 Jul 2018 2:18:11 AM|4285|4765|89.93|Common|Gold
5617|Catch Them All|Find all underground steambugs.|23006|29 Jul 2018 2:16:58 AM|4287|4765|89.97|Common|Silver
5617|My Savior|Rescue Dr. Ink.|23005|29 Jul 2018 1:27:44 AM|4408|4765|92.51|Common|Gold
5617|Even Deeper|Enter Barber’s underground laboratory.|23004|29 Jul 2018 1:13:41 AM|4428|4765|92.93|Common|Gold
5617|Master Debugger|Find all castle steambugs.|23003|29 Jul 2018 1:01:04 AM|4348|4765|91.25|Common|Silver
5617|Gliding Over All|Get to Barber's castle.|23002|29 Jul 2018 12:34:12 AM|4490|4765|94.23|Common|Gold
5617|Entomologist|Find all Hochwald steambugs.|23001|29 Jul 2018 12:29:43 AM|4328|4765|90.83|Common|Silver
5617|Too Many Legs|Get rid of Barber's Myriapod.|23000|29 Jul 2018 12:26:01 AM|4505|4765|94.54|Common|Gold
5617|No Skipping|Finish 3 minigames without skipping.|22999|29 Jul 2018 12:22:26 AM|4511|4765|94.67|Common|Bronze
5617|Hello, Birdie|Get Matthew up and running.|22998|29 Jul 2018 12:13:54 AM|4499|4765|94.42|Common|Gold
5617|People Person|Talk to everyone at the inn.|22997|29 Jul 2018 12:08:01 AM|4402|4765|92.38|Common|Bronze
5617|Amongst Bugs|Finish your first FROG puzzle.|22996|29 Jul 2018 12:02:14 AM|4553|4765|95.55|Common|Bronze
5617|Marksman|Complete a HO scene without more than a single mistake.|22995|29 Jul 2018 12:02:13 AM|4332|4765|90.91|Common|Silver
6940|Master of the dungeon|Collect all the trophies|22994|28 Jul 2018 10:05:41 PM|19|129|14.73|Rare|Platinum
6940|Full set|Buy all the mutators|22993|28 Jul 2018 10:05:41 PM|23|129|17.83|Rare|Gold
6940|Insects must die!|Squash 25 bugs|22992|28 Jul 2018 10:05:23 PM|23|129|17.83|Rare|Silver
6940|Trader|Spend 50 coins|22991|28 Jul 2018 8:25:25 PM|20|129|15.5|Rare|Gold
6940|Full equipment|Put the items in all the inventory slots|22990|28 Jul 2018 8:15:38 PM|20|129|15.5|Rare|Gold
6940|Bring 'em on!|Complete the game with "No margin for error" or "Curse" mutator|22989|28 Jul 2018 1:53:05 AM|19|129|14.73|Rare|Gold
6940|Time is money|Finish the level in under 3 minutes|22988|28 Jul 2018 1:43:29 AM|27|129|20.93|Uncommon|Silver
6940|I can't see anything!|Complete the game with "Fog" or "Broken cartridge" mutator|22987|28 Jul 2018 1:08:06 AM|19|129|14.73|Rare|Gold
6940|Finish the game|Complete the game|22986|28 Jul 2018 1:08:04 AM|22|129|17.05|Rare|Gold
6940|Conclusion|Complete eight levels|22985|28 Jul 2018 1:03:34 AM|22|129|17.05|Rare|Gold
6940|Ancient Necromancer|Kill the Ancient Necromancer|22984|28 Jul 2018 12:30:19 AM|24|129|18.6|Rare|Gold
6940|Half way|Complete five levels|22983|27 Jul 2018 1:32:59 AM|24|129|18.6|Rare|Silver
6940|Elder Flower|Kill the Elder Flower|22982|27 Jul 2018 12:44:12 AM|36|129|27.91|Uncommon|Gold
6940|First step|Complete the first level|22981|27 Jul 2018 12:28:28 AM|90|129|69.77|Common|Bronze
6940|Drink me|Die after drinking the poison|22980|27 Jul 2018 12:16:36 AM|41|129|31.78|Uncommon|Gold
6940|Changes the rules|Start the game with any mutator|22979|27 Jul 2018 12:14:30 AM|83|129|64.34|Common|Bronze
5617|First of Many|Find your first steambug.|22978|25 Jul 2018 12:01:35 PM|4608|4765|96.71|Common|Bronze
7853|Platinum Destronaut|Get all the trophies|22977|24 Jul 2018 11:49:23 PM|2469|2509|98.41|Common|Platinum
7853|Countdown|Reach 10K in Time Attack Mode|22976|24 Jul 2018 11:49:23 PM|2489|2509|99.2|Common|Gold
7853|Saving the galaxy|Reach 1K in Hardcore Mode|22975|24 Jul 2018 11:47:41 PM|2487|2509|99.12|Common|Gold
7853|Excellent|Reach to 100K points in Classic Mode|22974|24 Jul 2018 11:47:28 PM|2479|2509|98.8|Common|Gold
7853|Well done|Reach to 25K points in Classic Mode|22973|24 Jul 2018 11:47:20 PM|2493|2509|99.36|Common|Gold
7853|Working hard|Reach to 50K points in Classic Mode|22972|24 Jul 2018 11:47:20 PM|2488|2509|99.16|Common|Gold
7853|Challenge me|Complete 12 challenges|22971|24 Jul 2018 11:45:24 PM|2475|2509|98.64|Common|Gold
7853|The whole crew was lost|Die once|22970|24 Jul 2018 11:43:22 PM|2501|2509|99.68|Common|Silver
7853|Mastering challenges|Complete 6 challenges|22969|24 Jul 2018 11:38:54 PM|2484|2509|99.0|Common|Gold
7853|I like challenges|Complete 3 challenges|22968|24 Jul 2018 11:37:21 PM|2491|2509|99.28|Common|Gold
7853|Up for a challenge|Complete 1 challenge|22967|24 Jul 2018 11:35:47 PM|2500|2509|99.64|Common|Gold
7853|Persistent|Hit one of the grey enemies|22966|24 Jul 2018 11:35:31 PM|2502|2509|99.72|Common|Gold
7853|Changing weapons|Kill 1 special red enemy|22965|24 Jul 2018 11:35:26 PM|2501|2509|99.68|Common|Gold
7853|Starter|Kill 1 enemy|22964|24 Jul 2018 11:35:24 PM|2506|2509|99.88|Common|Silver
7610|Theme Master|Finish the game by choosing 10 different background themes.|22963|23 Jul 2018 11:40:01 PM|776|1347|57.61|Common|Silver
7610|Normal Size|Finish the game in normal size.|22962|23 Jul 2018 11:37:02 PM|889|1347|66.0|Common|Bronze
7610|Normal Diffuculty|Finish the game in normal mode.|22961|23 Jul 2018 11:35:26 PM|890|1347|66.07|Common|Bronze
7610|Select Theme|Finish the game by choosing 5 different background themes.|22960|23 Jul 2018 11:33:52 PM|835|1347|61.99|Common|Bronze
7610|Hurry Up!|Finish the game under 10 seconds.|22959|23 Jul 2018 11:33:50 PM|885|1347|65.7|Common|Silver
7610|Win streak|Finish the game third times in a row.|22958|23 Jul 2018 11:32:45 PM|781|1347|57.98|Common|Silver
7610|Tiny Size|Finish the game in small size.|22957|23 Jul 2018 11:30:33 PM|1161|1347|86.19|Common|Bronze
7610|Take it Easy|Finish the game in easy mode.|22956|23 Jul 2018 11:30:31 PM|1162|1347|86.27|Common|Bronze
7610|Grand Master|Finish the game in hard and huge mode!|22955|23 Jul 2018 11:29:00 PM|696|1347|51.67|Common|Gold
7610|Gigantic|Finish the game in the huge map.|22954|23 Jul 2018 11:28:53 PM|813|1347|60.36|Common|Silver
7610|Rocky Mode|Finish the game in hard mode.|22953|23 Jul 2018 11:28:52 PM|801|1347|59.47|Common|Silver
7852|Platinum Destronaut|Get all the trophies|22952|23 Jul 2018 2:30:35 AM|1702|1735|98.1|Common|Platinum
7852|Saving the galaxy|Reach 1K in Hardcore Mode|22951|23 Jul 2018 2:30:35 AM|1714|1735|98.79|Common|Gold
7852|Excellent|Reach to 100K points in Classic Mode|22950|23 Jul 2018 2:29:32 AM|1711|1735|98.62|Common|Gold
7852|Well done|Reach to 25K points in Classic Mode|22949|23 Jul 2018 2:29:31 AM|1714|1735|98.79|Common|Gold
7852|Working hard|Reach to 50K points in Classic Mode|22948|23 Jul 2018 2:29:31 AM|1712|1735|98.67|Common|Gold
7852|The whole crew was lost|Die once|22947|23 Jul 2018 2:29:30 AM|1729|1735|99.65|Common|Silver
7852|Countdown|Reach 10K in Time Attack Mode|22946|23 Jul 2018 2:27:50 AM|1716|1735|98.9|Common|Gold
7852|Challenge me|Complete 12 challenges|22945|23 Jul 2018 2:23:34 AM|1710|1735|98.56|Common|Gold
7852|Mastering challenges|Complete 6 challenges|22944|23 Jul 2018 2:18:52 AM|1715|1735|98.85|Common|Gold
7852|I like challenges|Complete 3 challenges|22943|23 Jul 2018 2:17:04 AM|1718|1735|99.02|Common|Gold
7852|Up for a challenge|Complete 1 challenge|22942|23 Jul 2018 2:14:19 AM|1721|1735|99.19|Common|Gold
7852|Persistent|Hit one of the grey enemies|22941|23 Jul 2018 2:13:45 AM|1728|1735|99.6|Common|Gold
7852|Changing weapons|Kill 1 special red enemy|22940|23 Jul 2018 2:13:37 AM|1727|1735|99.54|Common|Gold
7852|Starter|Kill 1 enemy|22939|23 Jul 2018 2:13:31 AM|1729|1735|99.65|Common|Silver
7609|Theme Master|Finish the game by choosing 10 different background themes.|22938|23 Jul 2018 2:07:33 AM|477|700|68.14|Common|Silver
7609|Grand Master|Finish the game in hard and huge mode!|22937|23 Jul 2018 1:58:24 AM|435|700|62.14|Common|Gold
7609|Gigantic|Finish the game in the huge map.|22936|23 Jul 2018 1:58:17 AM|483|700|69.0|Common|Silver
7609|Rocky Mode|Finish the game in hard mode.|22935|23 Jul 2018 1:58:16 AM|478|700|68.29|Common|Silver
7609|Normal Diffuculty|Finish the game in normal mode.|22934|23 Jul 2018 1:02:35 AM|518|700|74.0|Common|Bronze
7609|Normal Size|Finish the game in normal size.|22933|23 Jul 2018 1:00:48 AM|499|700|71.29|Common|Bronze
7609|Select Theme|Finish the game by choosing 5 different background themes.|22932|23 Jul 2018 12:54:51 AM|502|700|71.71|Common|Bronze
7609|Win streak|Finish the game third times in a row.|22931|23 Jul 2018 12:53:28 AM|479|700|68.43|Common|Silver
7609|Hurry Up!|Finish the game under 10 seconds.|22930|23 Jul 2018 12:48:59 AM|524|700|74.86|Common|Silver
7609|Tiny Size|Finish the game in small size.|22929|23 Jul 2018 12:48:58 AM|628|700|89.71|Common|Bronze
7609|Take it Easy|Finish the game in easy mode.|22928|23 Jul 2018 12:48:55 AM|629|700|89.86|Common|Bronze
7854|Platinum Destronaut|Get all the trophies|22927|22 Jul 2018 4:44:59 PM|732|745|98.26|Common|Platinum
7854|Saving the galaxy|Reach 1K in Hardcore Mode|22926|22 Jul 2018 4:44:59 PM|737|745|98.93|Common|Gold
7854|Excellent|Reach to 100K points in Classic Mode|22925|22 Jul 2018 4:44:15 PM|736|745|98.79|Common|Gold
7854|Working hard|Reach to 50K points in Classic Mode|22924|22 Jul 2018 4:40:59 PM|739|745|99.19|Common|Gold
7854|Well done|Reach to 25K points in Classic Mode|22923|22 Jul 2018 4:40:58 PM|742|745|99.6|Common|Gold
7854|Challenge me|Complete 12 challenges|22922|22 Jul 2018 4:39:47 PM|733|745|98.39|Common|Gold
7854|Mastering challenges|Complete 6 challenges|22921|22 Jul 2018 4:22:15 PM|737|745|98.93|Common|Gold
7854|The whole crew was lost|Die once|22920|22 Jul 2018 4:20:11 PM|744|745|99.87|Common|Silver
7854|I like challenges|Complete 3 challenges|22919|22 Jul 2018 4:18:26 PM|741|745|99.46|Common|Gold
7854|Up for a challenge|Complete 1 challenge|22918|22 Jul 2018 4:16:52 PM|743|745|99.73|Common|Gold
7854|Countdown|Reach 10K in Time Attack Mode|22917|22 Jul 2018 4:16:12 PM|738|745|99.06|Common|Gold
7854|Changing weapons|Kill 1 special red enemy|22916|22 Jul 2018 4:15:21 PM|744|745|99.87|Common|Gold
7854|Persistent|Hit one of the grey enemies|22915|22 Jul 2018 4:14:55 PM|744|745|99.87|Common|Gold
7854|Starter|Kill 1 enemy|22914|22 Jul 2018 4:14:45 PM|744|745|99.87|Common|Silver
7193|The last letter|He got to the end of this story|22913|22 Jul 2018 12:26:23 AM|170|206|82.52|Common|Gold
7193|The doctors test|The doctors test passed successfully|22912|22 Jul 2018 12:21:17 AM|167|206|81.07|Common|Silver
7193|Special pills|Do not talk about them to doctors|22911|22 Jul 2018 12:19:12 AM|183|206|88.83|Common|Bronze
7193|Listener|Listened to the radio|22910|22 Jul 2018 12:18:54 AM|191|206|92.72|Common|Bronze
7193|Prayer|Took a new religion|22909|22 Jul 2018 12:18:03 AM|173|206|83.98|Common|Silver
7193|Police test|Police test successfully passed|22908|22 Jul 2018 12:16:55 AM|172|206|83.5|Common|Silver
7193|This door will open later|He tried to enter the immigration office, but the door was closed|22907|22 Jul 2018 12:14:57 AM|173|206|83.98|Common|Silver
7193|Good worker|For today, the work is done|22906|22 Jul 2018 12:13:08 AM|178|206|86.41|Common|Silver
7193|Burned out at work|He did not do the job|22905|22 Jul 2018 12:10:53 AM|194|206|94.17|Common|Bronze
7193|Job description|He learned about his new job|22904|22 Jul 2018 12:09:29 AM|194|206|94.17|Common|Bronze
6890|Everyone loves you|Ray attending the award ceremony.|22903|21 Jul 2018 10:25:00 PM|149|254|58.66|Common|Gold
6890|Back to school|Follow Wei back to Greenwood High.|22902|21 Jul 2018 10:13:02 PM|108|254|42.52|Uncommon|Gold
6890|Collector|Picked up all the notes.|22901|21 Jul 2018 9:56:51 PM|113|254|44.49|Uncommon|Silver
6890|I am who I am|Initiate conversation with the other Ray.|22900|21 Jul 2018 9:47:21 PM|167|254|65.75|Common|Bronze
6890|More than a teacher|Watch a movie with Mr. Chang.|22899|21 Jul 2018 9:35:20 PM|168|254|66.14|Common|Bronze
6890|Outstanding observer|Find more than 90% of all observation points.|22898|21 Jul 2018 9:27:00 PM|147|254|57.87|Common|Silver
6890|What made you think this would work?|Dial 119 or 110 with the phone.|22897|21 Jul 2018 8:51:59 PM|146|254|57.48|Common|Bronze
6890|Foreign land|Waking up in the field.|22896|21 Jul 2018 8:30:01 PM|185|254|72.83|Common|Bronze
6964|Platinum Chalice|You unlocked all other trophies.|22895|21 Jul 2018 3:41:36 AM|310|415|74.7|Common|Platinum
6964|Thanks!|Was that our 15 minutes of fame?|22894|21 Jul 2018 3:41:36 AM|314|415|75.66|Common|Bronze
6964|Huzzah let's hope far away|Now what?|22893|21 Jul 2018 3:36:35 AM|314|415|75.66|Common|Bronze
6964|Not in the face!|Thank you, sir, may I have another?|22892|21 Jul 2018 3:30:30 AM|313|415|75.42|Common|Silver
6964|Behind the mirror|An alternative ending to another game|22891|21 Jul 2018 3:22:34 AM|313|415|75.42|Common|Silver
6964|Huzzah we'll work overtime|Swimming certificate earned|22890|21 Jul 2018 3:20:12 AM|315|415|75.9|Common|Bronze
6964|Flipper out|Hunt for the Red October|22889|21 Jul 2018 3:12:36 AM|314|415|75.66|Common|Silver
6964|Woooghieee|Did you see that?|22888|21 Jul 2018 2:53:27 AM|313|415|75.42|Common|Silver
6964|Pin-up Goal|I only read it for the articles|22887|21 Jul 2018 2:51:49 AM|313|415|75.42|Common|Gold
6964|Captain Planet|… and Fay wept quietly|22886|21 Jul 2018 2:51:21 AM|316|415|76.14|Common|Bronze
6964|Animal lover|No animals were harmed in the making of this game!|22885|21 Jul 2018 2:45:49 AM|314|415|75.66|Common|Gold
6964|A bond for life|Force your luck|22884|21 Jul 2018 2:35:17 AM|316|415|76.14|Common|Bronze
6964|Freestyler|Prove your street cred|22883|21 Jul 2018 2:23:39 AM|316|415|76.14|Common|Bronze
6964|Tease the dragon|I thought you couldn't die here?|22882|21 Jul 2018 2:19:53 AM|316|415|76.14|Common|Silver
6964|Huzzah put balls to the wall|After them!|22881|21 Jul 2018 1:36:26 AM|320|415|77.11|Common|Bronze
6964|Pre-paradox|Back to the future|22880|21 Jul 2018 1:19:08 AM|318|415|76.63|Common|Bronze
6964|Family drama|Darth Vader is Luke Skywalker's father!|22879|21 Jul 2018 12:59:29 AM|321|415|77.35|Common|Bronze
6964|Supercool|Make a fool of yourself|22878|21 Jul 2018 12:51:55 AM|319|415|76.87|Common|Gold
6964|Animal husbandry|Catch 'em all!|22877|21 Jul 2018 12:45:16 AM|321|415|77.35|Common|Silver
6964|Egg race|No egg on your face|22876|21 Jul 2018 12:31:44 AM|323|415|77.83|Common|Silver
6964|Shut up, Simon!|Training is for losers!|22875|21 Jul 2018 12:00:12 AM|323|415|77.83|Common|Silver
6964|What women want|Survive the interview|22874|19 Jul 2018 10:48:53 PM|330|415|79.52|Common|Silver
6964|Collecting agent|Collecting agent|22873|19 Jul 2018 2:17:38 AM|327|415|78.8|Common|Gold
6964|Garden work|Is it Easter already?|22872|19 Jul 2018 2:17:08 AM|331|415|79.76|Common|Silver
6964|Deponia Idol|The Droggeljug searches for the supersinger|22871|19 Jul 2018 2:06:43 AM|329|415|79.28|Common|Silver
6964|T-415411293|I'll be back!|22870|19 Jul 2018 2:04:09 AM|329|415|79.28|Common|Silver
6964|With love from Porta Fisco|Expert in platypus poetry|22869|19 Jul 2018 1:03:26 AM|335|415|80.72|Common|Silver
6964|All mine!|Omnomnom! Nomnomnomnomnomnom!|22868|18 Jul 2018 1:09:25 AM|335|415|80.72|Common|Bronze
6964|Bloody nose|Rake up another achievement!|22867|18 Jul 2018 12:55:17 AM|336|415|80.96|Common|Silver
6964|Endurance test|These foreign models are junk.|22866|18 Jul 2018 12:52:03 AM|337|415|81.2|Common|Silver
6964|Lollipop or love?|Set priorities|22865|18 Jul 2018 12:14:39 AM|348|415|83.86|Common|Bronze
6964|Cheater|I see what you did there...|22864|16 Jul 2018 10:42:41 PM|344|415|82.89|Common|Silver
6964|Huzzah with booze and so forth|Rube Goldberg can pack up and go home|22863|16 Jul 2018 10:37:35 PM|368|415|88.67|Common|Bronze
6964|Blow job|Actually, that would have been Toni's job...|22862|16 Jul 2018 10:31:59 PM|361|415|86.99|Common|Bronze
6964|Huzzah – once more from the top|I didn't do anything?!|22861|16 Jul 2018 10:21:38 PM|381|415|91.81|Common|Bronze
6011|Platinum Trophy|A full Trophy cabinet|22860|16 Jul 2018 9:26:47 PM|1464|1715|85.36|Common|Platinum
6011|Masquerade|Collect your mask from Finn|22859|16 Jul 2018 9:26:47 PM|1564|1715|91.2|Common|Gold
6011|Not a happy bunny|Find these weathered toys|22858|16 Jul 2018 9:02:54 PM|1477|1715|86.12|Common|Bronze
6011|Poster Club|Inspect all the film posters in the game|22857|16 Jul 2018 9:02:37 PM|1481|1715|86.36|Common|Gold
6011|Dark Destroyer|Acquire your Umbrakinesis Powers|22856|16 Jul 2018 9:01:48 PM|1583|1715|92.3|Common|Gold
6011|A moment captured|Inspect this instant memory maker|22855|16 Jul 2018 9:00:34 PM|1580|1715|92.13|Common|Bronze
6011|Big Cheater|Look for Finn as quickly as you can|22854|16 Jul 2018 8:58:01 PM|1495|1715|87.17|Common|Gold
6011|Who's the daddy?|An ego waiting to be found|22853|16 Jul 2018 8:51:07 PM|1583|1715|92.3|Common|Silver
6011|Alas, Poor Isaac!|Uncover Isaac's past secrets|22852|16 Jul 2018 8:50:39 PM|1570|1715|91.55|Common|Gold
6011|Pure Folly|Find this fanciful hideout|22851|16 Jul 2018 8:49:46 PM|1578|1715|92.01|Common|Bronze
6011|Catharsis|Set Finn's emotions free|22850|16 Jul 2018 8:45:49 PM|1491|1715|86.94|Common|Silver
6011|Redemption|Redeem your mistakes|22849|16 Jul 2018 8:41:23 PM|1546|1715|90.15|Common|Silver
6011|Fire Starter|Acquire your Pyrokinesis Powers|22848|16 Jul 2018 8:37:59 PM|1594|1715|92.94|Common|Gold
6011|Doodle dandy|Find this moment of teenage fancy|22847|16 Jul 2018 8:33:16 PM|1585|1715|92.42|Common|Bronze
6011|Life Giver|Acquire your Life Powers|22846|16 Jul 2018 8:24:51 PM|1609|1715|93.82|Common|Gold
6011|You spin me right round|Inspect this moment in space|22845|16 Jul 2018 8:20:21 PM|1589|1715|92.65|Common|Bronze
6011|Good kitty|Inspect your purrrfect pet|22844|16 Jul 2018 8:19:21 PM|1580|1715|92.13|Common|Bronze
6011|Prize draw|Inspect this shared success|22843|16 Jul 2018 8:19:07 PM|1572|1715|91.66|Common|Bronze
6011|Green Fingered|Find Grandad's refuge|22842|16 Jul 2018 8:15:41 PM|1623|1715|94.64|Common|Silver
6011|Guitar man|Inspect this once loved instrument|22841|16 Jul 2018 8:15:14 PM|1607|1715|93.7|Common|Bronze
6011|Pull the other one|Inspect this emergency feature|22840|16 Jul 2018 8:07:36 PM|1524|1715|88.86|Common|Silver
6011|Simon Says: Good to Go|Complete your first adventure|22839|16 Jul 2018 8:00:32 PM|1675|1715|97.67|Common|Bronze
6011|Simon Says: Don't lose|Can you beat this nostalgic game?|22838|16 Jul 2018 8:00:30 PM|1529|1715|89.15|Common|Gold
7232|Platinum Midnight|Unlock all the trophies.|22837|16 Jul 2018 5:57:54 PM|3233|3311|97.64|Common|Platinum
7232|Expert|Complete 40 levels.|22836|16 Jul 2018 5:57:54 PM|3236|3311|97.73|Common|Gold
7232|Stunned|Die by a laser.|22835|16 Jul 2018 5:52:38 PM|3244|3311|97.98|Common|Gold
7232|Professional|Complete 20 levels.|22834|16 Jul 2018 5:40:28 PM|3254|3311|98.28|Common|Gold
7232|Not squared anymore|Die by a saw.|22833|16 Jul 2018 5:33:28 PM|3274|3311|98.88|Common|Gold
7232|Improving|Complete 10 levels.|22832|16 Jul 2018 5:33:13 PM|3278|3311|99.0|Common|Gold
7232|Stabbed|Die by a spike.|22831|16 Jul 2018 5:31:11 PM|3280|3311|99.06|Common|Gold
7232|Engineer|Pull a lever.|22830|16 Jul 2018 5:30:39 PM|3287|3311|99.28|Common|Gold
7232|Starter|Complete 5 levels.|22829|16 Jul 2018 5:30:15 PM|3289|3311|99.34|Common|Gold
7232|You made it|Complete level 4 making Midnight's friend smile.|22828|16 Jul 2018 5:30:06 PM|3267|3311|98.67|Common|Gold
7232|Making friends|Bump into one of Midnight's friends.|22827|16 Jul 2018 5:30:05 PM|3292|3311|99.43|Common|Silver
7232|Went to explore|Die by getting out of a level.|22826|16 Jul 2018 5:30:00 PM|3295|3311|99.52|Common|Gold
7232|Not overworking|Get 3 stars in one level.|22825|16 Jul 2018 5:29:16 PM|3299|3311|99.64|Common|Gold
7232|Go into the light|Complete level 1.|22824|16 Jul 2018 5:29:14 PM|3305|3311|99.82|Common|Silver
5564|Cynical master|Unlock all trophies in Demetrios.|22823|16 Jul 2018 12:59:05 AM|1213|1622|74.78|Common|Platinum
5564|Leaving without closing the faucet|Forget to close the faucet before leaving Paris|22822|16 Jul 2018 12:59:05 AM|1238|1622|76.33|Common|Bronze
5564|Insulting the parents|Sandra insults her parents in her postcard|22821|16 Jul 2018 12:59:00 AM|1229|1622|75.77|Common|Bronze
5564|Chapter 6 complete|Finish the game|22820|16 Jul 2018 12:58:10 AM|1265|1622|77.99|Common|Gold
5564|Game Over expert|Experience all of the Game Overs|22819|16 Jul 2018 12:41:05 AM|1220|1622|75.22|Common|Gold
5564|Insulting the statue|Insult the statue in the last room|22818|16 Jul 2018 12:39:29 AM|1242|1622|76.57|Common|Bronze
5564|Lick that!|Order Sandra to lick the statue|22817|16 Jul 2018 12:39:15 AM|1251|1622|77.13|Common|Bronze
5564|Doctor Frankenstein|Create a clone of Bjorn and Caroline|22816|16 Jul 2018 12:38:40 AM|1246|1622|76.82|Common|Bronze
5564|Cookie expert|Get all the game cookies|22815|16 Jul 2018 12:37:43 AM|1235|1622|76.14|Common|Gold
5564|I wanna live!|Decide not to commit suicide after being poisoned|22814|16 Jul 2018 12:23:54 AM|1235|1622|76.14|Common|Bronze
5564|Chapter 5 complete|Finish Chapter 5|22813|16 Jul 2018 12:21:52 AM|1273|1622|78.48|Common|Bronze
5564|Play on tombs|Win 10,000 points on the pinball tombstone|22812|16 Jul 2018 12:19:07 AM|1256|1622|77.44|Common|Silver
5564|I hate little girls|Get rid of Caroline at the hideout|22811|16 Jul 2018 12:06:58 AM|1251|1622|77.13|Common|Bronze
5564|Chapter 4 complete|Finish Chapter 4|22810|16 Jul 2018 12:04:45 AM|1282|1622|79.04|Common|Bronze
5564|Insulting the hotel|Sandra write insults about the hotel|22809|16 Jul 2018 12:00:30 AM|1249|1622|77.0|Common|Bronze
5564|Oops, I fell|Fall from the roof accidentally|22808|15 Jul 2018 11:57:46 PM|1268|1622|78.18|Common|Bronze
5564|Game Over fan|Experience half of the Game Overs|22807|15 Jul 2018 11:54:35 PM|1271|1622|78.36|Common|Silver
5564|I thought that would work!|Put the entire plant in the sorcerer's glass|22806|15 Jul 2018 11:47:39 PM|1271|1622|78.36|Common|Bronze
5564|Flood the museum ground|Spill all the water in the container at the museum|22805|15 Jul 2018 11:46:11 PM|1262|1622|77.81|Common|Bronze
5564|Chapter 3 complete|Finish Chapter 3|22804|15 Jul 2018 11:42:40 PM|1299|1622|80.09|Common|Bronze
5564|Will you wake up?!|Try disturbing things on Henri|22803|15 Jul 2018 11:41:58 PM|1268|1622|78.18|Common|Bronze
5564|Just die, I don't care|Refuse to help Henri|22802|15 Jul 2018 11:10:49 PM|1259|1622|77.62|Common|Bronze
5564|Chapter 2 complete|Finish Chapter 2|22801|15 Jul 2018 11:03:22 PM|1334|1622|82.24|Common|Bronze
5564|Funfair complete|Get all funfair items|22800|15 Jul 2018 10:56:43 PM|1303|1622|80.33|Common|Gold
5564|Let's get them all|Win all the plushes at the funfair claw machines|22799|15 Jul 2018 10:55:50 PM|1337|1622|82.43|Common|Silver
5564|Bad luck!|Turn the wheel and die|22798|15 Jul 2018 10:51:39 PM|1334|1622|82.24|Common|Bronze
5564|Trophy Pet Shoot|Win the Pet Shoot trophy|22797|15 Jul 2018 10:42:52 PM|1318|1622|81.26|Common|Bronze
5564|Trophy Plate Shoot|Win the Plate Shoot trophy|22796|15 Jul 2018 10:41:41 PM|1313|1622|80.95|Common|Bronze
5564|Mommy, I wanna stay at the funfair!|Win 1,000 coins at the funfair|22795|15 Jul 2018 5:45:37 PM|1285|1622|79.22|Common|Gold
5564|Mommy, let's go to the funfair!|Win 100 coins at the funfair|22794|15 Jul 2018 5:35:20 PM|1339|1622|82.55|Common|Silver
5564|Trophy Horse Race|Win the Horse Race trophy|22793|15 Jul 2018 5:17:00 PM|1343|1622|82.8|Common|Bronze
5564|Trophy Worm Race|Win the Worm Race trophy|22792|15 Jul 2018 5:16:19 PM|1341|1622|82.68|Common|Bronze
5564|Cookie eater|Get half of the game cookies|22791|15 Jul 2018 5:15:22 PM|1328|1622|81.87|Common|Silver
5564|Please help!|Use at least 10 cookies|22790|15 Jul 2018 5:14:40 PM|1325|1622|81.69|Common|Bronze
5564|I love to die|Die ten times|22789|15 Jul 2018 5:09:31 PM|1349|1622|83.17|Common|Silver
5564|Chapter 1 complete|Finish Chapter 1|22788|15 Jul 2018 5:00:26 PM|1398|1622|86.19|Common|Bronze
5564|I love to eat rotten things|Eat 3 rotten things on the floor|22787|15 Jul 2018 4:53:27 PM|1389|1622|85.64|Common|Bronze
5564|No respect for the police|Do dirty things at the police station|22786|15 Jul 2018 4:50:24 PM|1436|1622|88.53|Common|Bronze
6433|Cynical master|Unlock all trophies in Demetrios.|22785|15 Jul 2018 2:16:10 AM|801|938|85.39|Common|Platinum
6433|Please help!|Use at least 10 cookies|22784|15 Jul 2018 2:16:10 AM|852|938|90.83|Common|Bronze
6433|Leaving without closing the faucet|Forget to close the faucet before leaving Paris|22783|15 Jul 2018 2:06:56 AM|818|938|87.21|Common|Bronze
6433|Insulting the parents|Sandra insults her parents in her postcard|22782|15 Jul 2018 2:06:42 AM|815|938|86.89|Common|Bronze
6433|Chapter 6 complete|Finish the game|22781|15 Jul 2018 2:05:48 AM|825|938|87.95|Common|Gold
6433|Game Over expert|Experience all of the Game Overs|22780|15 Jul 2018 2:03:25 AM|805|938|85.82|Common|Gold
6433|Insulting the statue|Insult the statue in the last room|22779|15 Jul 2018 2:01:47 AM|821|938|87.53|Common|Bronze
6433|Lick that!|Order Sandra to lick the statue|22778|15 Jul 2018 2:01:29 AM|824|938|87.85|Common|Bronze
6433|Doctor Frankenstein|Create a clone of Bjorn and Caroline|22777|15 Jul 2018 2:00:16 AM|820|938|87.42|Common|Bronze
6433|Cookie expert|Get all the game cookies|22776|15 Jul 2018 1:58:29 AM|812|938|86.57|Common|Gold
6433|I wanna live!|Decide not to commit suicide after being poisoned|22775|15 Jul 2018 1:42:35 AM|818|938|87.21|Common|Bronze
6433|Chapter 5 complete|Finish Chapter 5|22774|15 Jul 2018 1:14:57 AM|826|938|88.06|Common|Silver
6433|Play on tombs|Win 10,000 points on the pinball tombstone|22773|15 Jul 2018 1:11:12 AM|823|938|87.74|Common|Silver
6433|I hate little girls|Get rid of Caroline at the hideout|22772|15 Jul 2018 12:44:21 AM|822|938|87.63|Common|Bronze
6433|Chapter 4 complete|Finish Chapter 4|22771|15 Jul 2018 12:37:53 AM|828|938|88.27|Common|Silver
6433|Insulting the hotel|Sandra write insults about the hotel|22770|15 Jul 2018 12:33:04 AM|819|938|87.31|Common|Bronze
6433|Oops, I fell|Fall from the roof accidentally|22769|15 Jul 2018 12:29:59 AM|824|938|87.85|Common|Bronze
6433|Game Over fan|Experience half of the Game Overs|22768|15 Jul 2018 12:26:24 AM|828|938|88.27|Common|Silver
6433|I thought that would work!|Put the entire plant in the sorcerer's glass|22767|15 Jul 2018 12:09:18 AM|827|938|88.17|Common|Bronze
6433|Flood the museum ground|Spill all the water in the container at the museum|22766|15 Jul 2018 12:07:51 AM|826|938|88.06|Common|Bronze
6433|Chapter 3 complete|Finish Chapter 3|22765|15 Jul 2018 12:01:32 AM|837|938|89.23|Common|Silver
6433|Will you wake up?!|Try disturbing things on Henri|22764|15 Jul 2018 12:00:53 AM|831|938|88.59|Common|Bronze
6433|Just die, I don't care|Refuse to help Henri|22763|14 Jul 2018 11:45:28 PM|828|938|88.27|Common|Bronze
6433|Chapter 2 complete|Finish Chapter 2|22762|14 Jul 2018 11:35:09 PM|849|938|90.51|Common|Silver
6433|Funfair complete|Get all funfair items|22761|14 Jul 2018 11:28:18 PM|831|938|88.59|Common|Gold
6433|Let's get them all|Win all the plushes at the funfair claw machines|22760|14 Jul 2018 11:27:23 PM|855|938|91.15|Common|Silver
6433|Bad luck!|Turn the wheel and die|22759|14 Jul 2018 11:22:36 PM|855|938|91.15|Common|Bronze
6433|Trophy Pet Shoot|Win the Pet Shoot trophy|22758|14 Jul 2018 11:21:52 PM|848|938|90.41|Common|Bronze
6433|Trophy Plate Shoot|Win the Plate Shoot trophy|22757|14 Jul 2018 11:20:35 PM|835|938|89.02|Common|Bronze
6433|Mommy, let's go to the funfair!|Win 100 coins at the funfair|22756|14 Jul 2018 11:16:20 PM|867|938|92.43|Common|Silver
6433|Trophy Horse Race|Win the Horse Race trophy|22755|14 Jul 2018 11:15:23 PM|866|938|92.32|Common|Bronze
6433|Trophy Worm Race|Win the Worm Race trophy|22754|14 Jul 2018 11:13:51 PM|863|938|92.0|Common|Bronze
6433|Cookie eater|Get half of the game cookies|22753|14 Jul 2018 11:12:40 PM|854|938|91.04|Common|Silver
6433|I love to die|Die ten times|22752|14 Jul 2018 10:59:24 PM|865|938|92.22|Common|Silver
6433|Chapter 1 complete|Finish Chapter 1|22751|14 Jul 2018 10:44:22 PM|891|938|94.99|Common|Silver
6433|I love to eat rotten things|Eat 3 rotten things on the floor|22750|14 Jul 2018 10:35:58 PM|897|938|95.63|Common|Bronze
6433|No respect for the police|Do dirty things at the police station|22749|14 Jul 2018 10:32:30 PM|936|938|99.79|Common|Bronze
6728|How Did You Like Them Apples?|Obtain every trophy.|22748|14 Jul 2018 4:18:48 AM|486|771|63.04|Common|Platinum
6728|Look at this Watasegraph|See every CG of Watase.|22747|14 Jul 2018 4:18:48 AM|503|771|65.24|Common|Gold
6728|Perfect Score|See every CG of Satoru.|22746|14 Jul 2018 4:18:20 AM|507|771|65.76|Common|Gold
6728|How Many CGs Does Higa?|See every CG of Higa.|22745|14 Jul 2018 4:18:19 AM|505|771|65.5|Common|Gold
6728|Art Show|See every CG of Shikishima.|22744|14 Jul 2018 4:18:19 AM|509|771|66.02|Common|Gold
6728|You've Seen Alma CGs|See every CG of Alma.|22743|14 Jul 2018 4:18:18 AM|511|771|66.28|Common|Gold
6728|Gone with the Flow|Achieve 100% completion of the flowchart.|22742|14 Jul 2018 4:18:17 AM|486|771|63.04|Common|Silver
6728|The Apple of My Ear|Achieve 100% completion for the music player.|22741|14 Jul 2018 4:18:16 AM|587|771|76.13|Common|Silver
6728|A Day at the Movies|Achieve 100% completion for the movie gallery.|22740|14 Jul 2018 4:18:15 AM|489|771|63.42|Common|Silver
6728|Worth a Couple Thousand Words|Achieve 100% completion for the CG gallery.|22739|14 Jul 2018 4:18:14 AM|486|771|63.04|Common|Gold
6728|Her Despair|See Watase's NEVAEH ending.|22738|14 Jul 2018 4:18:02 AM|516|771|66.93|Common|Silver
6728|A Promised Kiss|See Watase's ending and epilogue.|22737|14 Jul 2018 4:12:12 AM|523|771|67.83|Common|Silver
6728|Repeated Meetings|See Satoru's NEVAEH ending.|22736|14 Jul 2018 3:19:25 AM|510|771|66.15|Common|Silver
6728|The Person I Love|See Satoru's ending and epilogue.|22735|14 Jul 2018 3:15:22 AM|540|771|70.04|Common|Silver
6728|A Colorless Place|See Shikishima's NEVAEH ending.|22734|14 Jul 2018 2:37:18 AM|513|771|66.54|Common|Silver
6728|Beautiful World|See Shikishima's ending and epilogue.|22733|14 Jul 2018 2:34:09 AM|536|771|69.52|Common|Silver
6728|Don't You Need Me?|See Higa's NEVAEH ending.|22732|14 Jul 2018 2:01:13 AM|509|771|66.02|Common|Silver
6728|All of Me|See Higa's ending and epilogue.|22731|14 Jul 2018 1:57:25 AM|533|771|69.13|Common|Silver
6728|The Reason for My Tears|See Alma's NEVAEH ending.|22730|14 Jul 2018 1:19:03 AM|518|771|67.19|Common|Silver
6728|A Promise is a Promise|See Alma's ending and epilogue.|22729|14 Jul 2018 1:00:06 AM|541|771|70.17|Common|Silver
6728|Bad Touch|Touched your first Soul.|22728|13 Jul 2018 10:19:13 PM|669|771|86.77|Common|Bronze
6728|That First Day's a Killer|Got accepted to NEVAEH Academy.|22727|12 Jul 2018 11:23:44 PM|707|771|91.7|Common|Bronze
1714|Golden Completed|Earn all trophies|22726|12 Jul 2018 12:20:45 AM|4860|77218|6.29|Very Rare|Platinum
1714|One Who Has Proven Their Power|Defeat Margaret|22725|12 Jul 2018 12:20:45 AM|7120|77218|9.22|Very Rare|Gold
7571|Sorcerer|Complete Ice, Fire, Water, Earth, Air, Chaos and Ultra|22724|11 Jul 2018 12:06:49 AM|954|1110|85.95|Common|Platinum
7571|Ultra mastery|Reach the exit|22723|11 Jul 2018 12:06:49 AM|958|1110|86.31|Common|Gold
7571|Ultra|50 percent complete|22722|11 Jul 2018 12:04:23 AM|965|1110|86.94|Common|Silver
7571|Chaos mastery|Reach the exit|22721|11 Jul 2018 12:03:40 AM|957|1110|86.22|Common|Gold
7571|Chaos|50 percent complete|22720|11 Jul 2018 12:02:27 AM|968|1110|87.21|Common|Gold
7571|Air elemental mastery|Reach the exit|22719|11 Jul 2018 12:00:06 AM|970|1110|87.39|Common|Gold
7571|Air|50 percent complete|22718|10 Jul 2018 11:58:53 PM|978|1110|88.11|Common|Gold
7571|Earth elemental mastery|Reach the exit|22717|10 Jul 2018 11:56:25 PM|974|1110|87.75|Common|Gold
7571|Earth|50 percent complete|22716|10 Jul 2018 11:55:13 PM|993|1110|89.46|Common|Silver
7571|Water elemental mastery|Reach the exit|22715|10 Jul 2018 11:53:43 PM|961|1110|86.58|Common|Gold
7571|Water|50 percent complete|22714|10 Jul 2018 11:52:30 PM|976|1110|87.93|Common|Silver
7571|Ice mastery|Reach the exit|22713|10 Jul 2018 11:47:18 PM|1008|1110|90.81|Common|Gold
7571|Ice|50 percent complete|22712|10 Jul 2018 11:46:05 PM|1029|1110|92.7|Common|Bronze
7571|Fire elemental mastery|Reach the exit|22711|10 Jul 2018 11:44:39 PM|997|1110|89.82|Common|Gold
7571|Fire|50 percent complete|22710|10 Jul 2018 11:43:26 PM|1015|1110|91.44|Common|Silver
7571|Death|Persevere|22709|10 Jul 2018 11:34:19 PM|1109|1110|99.91|Common|Bronze
1714|The Power of Truth|Create Izanagi-no-Okami|22708|10 Jul 2018 1:06:39 AM|8751|77218|11.33|Rare|Silver
6637|Eye of the Storm|Collect all other trophies.|22707|9 Jul 2018 12:37:49 AM|3215|3398|94.61|Common|Platinum
6637|The End|Fin.|22706|9 Jul 2018 12:37:49 AM|3231|3398|95.09|Common|Gold
6637|Energy Room|Have a rest. Now carry on.|22705|9 Jul 2018 12:32:26 AM|3232|3398|95.11|Common|Gold
6637|Lava Forever|Heatwave.|22704|9 Jul 2018 12:16:56 AM|3242|3398|95.41|Common|Silver
6637|Secret Pipe|Oldest trick in the book.|22703|9 Jul 2018 12:07:47 AM|3228|3398|95.0|Common|Gold
6637|End of the Tunnel|Explore the dead end.|22702|9 Jul 2018 12:04:43 AM|3259|3398|95.91|Common|Gold
6637|Laser Survivor|Making light of the situation.|22701|9 Jul 2018 12:00:20 AM|3257|3398|95.85|Common|Silver
6637|Running into Walls|Sometimes, a hidden passage opens up.|22700|8 Jul 2018 11:58:11 PM|3241|3398|95.38|Common|Gold
6637|Death From Above|Should’ve kept an eye out.|22699|8 Jul 2018 11:53:53 PM|3267|3398|96.14|Common|Silver
6637|Bottom of the Pool|Darkest depths.|22698|8 Jul 2018 11:49:03 PM|3256|3398|95.82|Common|Gold
6637|Jump for Fun|Raindrops keep fallin’ on my head.|22697|8 Jul 2018 11:43:18 PM|3291|3398|96.85|Common|Gold
6637|Shock Therapy|It’ll learn.|22696|8 Jul 2018 11:34:39 PM|3313|3398|97.5|Common|Gold
6637|Spiderbot|Spider-bot, spider-bot…|22695|8 Jul 2018 11:29:06 PM|3278|3398|96.47|Common|Gold
6637|Boogie Time|Just dance.|22694|8 Jul 2018 11:25:20 PM|3347|3398|98.5|Common|Silver
6637|Wreckage|No way back.|22693|8 Jul 2018 11:25:10 PM|3291|3398|96.85|Common|Silver
1714|The Reaper Becomes the Reaped|Defeat The Reaper|22692|8 Jul 2018 8:10:15 PM|14272|77218|18.48|Rare|Silver
7472|No more League of Evil|Defeat the League of Evil completing all challenges!|22691|8 Jul 2018 3:29:06 AM|202|361|55.96|Common|Platinum
7472|The dragon starlord|Get 3 stars in all missions on chapter 3|22690|8 Jul 2018 3:29:06 AM|208|361|57.62|Common|Gold
7472|The addict to information|Collect all briefcases on chapter 3|22689|8 Jul 2018 3:28:59 AM|204|361|56.51|Common|Gold
7472|The dragon hero|Complete all missions on chapter 3|22688|8 Jul 2018 3:28:58 AM|208|361|57.62|Common|Silver
7472|The astrologer|Get 3 stars in 100 missions|22687|8 Jul 2018 2:51:44 AM|221|361|61.22|Common|Silver
7472|The hope|Complete 100 missions|22686|8 Jul 2018 2:51:12 AM|224|361|62.05|Common|Silver
7472|The researcher|Collect 100 briefcases|22685|8 Jul 2018 2:51:12 AM|215|361|59.56|Common|Silver
7472|The bionic warrior|Defeat 250 enemies|22684|8 Jul 2018 2:49:13 AM|246|361|68.14|Common|Gold
7472|The jungle starlord|Get 3 stars in all missions on chapter 2|22683|8 Jul 2018 2:36:35 AM|220|361|60.94|Common|Gold
7472|The jungle hero|Complete all missions on chapter 2|22682|8 Jul 2018 2:34:58 AM|223|361|61.77|Common|Silver
7472|The detective|Collect all briefcases on chapter 2|22681|8 Jul 2018 2:34:58 AM|209|361|57.89|Common|Gold
7472|The warrior|Defeat 100 enemies|22680|8 Jul 2018 2:06:26 AM|274|361|75.9|Common|Silver
7472|The soldier|Defeat 50 enemies|22679|8 Jul 2018 1:40:18 AM|289|361|80.06|Common|Bronze
7472|The starlord|Get 3 stars in all missions on chapter 1|22678|8 Jul 2018 1:38:10 AM|264|361|73.13|Common|Gold
7472|The spy|Collect all briefcases on chapter 1|22677|8 Jul 2018 1:38:09 AM|262|361|72.58|Common|Gold
7472|The hero|Complete all missions on chapter 1|22676|8 Jul 2018 1:38:03 AM|270|361|74.79|Common|Silver
7472|The savior|Complete 50 missions|22675|8 Jul 2018 1:07:05 AM|278|361|77.01|Common|Silver
7472|The informer|Collect 50 briefcases|22674|8 Jul 2018 1:07:04 AM|273|361|75.62|Common|Silver
7472|The stargazer|Get 3 stars in 50 missions|22673|8 Jul 2018 1:07:04 AM|271|361|75.07|Common|Silver
7472|The apprentice|Complete 25 missions|22672|8 Jul 2018 12:52:16 AM|313|361|86.7|Common|Bronze
7472|I <3 stars|Get 3 stars in 25 missions|22671|8 Jul 2018 12:52:09 AM|301|361|83.38|Common|Bronze
7472|The whistleblower|Collect 25 briefcases|22670|8 Jul 2018 12:52:03 AM|305|361|84.49|Common|Bronze
6889|The last letter|He got to the end of this story|22669|8 Jul 2018 12:32:20 AM|548|628|87.26|Common|Gold
6889|The doctors test|The doctors test passed successfully|22668|8 Jul 2018 12:27:29 AM|549|628|87.42|Common|Silver
6889|Prayer|Took a new religion|22667|8 Jul 2018 12:24:47 AM|550|628|87.58|Common|Silver
6889|Police test|Police test successfully passed|22666|8 Jul 2018 12:18:56 AM|550|628|87.58|Common|Silver
6889|This door will open later|He tried to enter the immigration office, but the door was closed|22665|8 Jul 2018 12:14:45 AM|551|628|87.74|Common|Silver
6889|Good worker|For today, the work is done|22664|8 Jul 2018 12:08:43 AM|551|628|87.74|Common|Silver
6889|Burned out at work|He did not do the job|22663|8 Jul 2018 12:01:36 AM|597|628|95.06|Common|Bronze
6889|Job description|He learned about his new job|22662|7 Jul 2018 11:57:59 PM|597|628|95.06|Common|Bronze
6889|Special pills|Do not talk about them to doctors|22661|7 Jul 2018 11:56:48 PM|586|628|93.31|Common|Bronze
6889|Listener|Listened to the radio|22660|7 Jul 2018 11:56:36 PM|592|628|94.27|Common|Bronze
6416|Collar×Malice|You earned all trophies.|22659|7 Jul 2018 9:37:10 PM|609|1083|56.23|Common|Platinum
6416|Vivid Ideals|You unlocked everything in the gallery.|22658|7 Jul 2018 9:37:10 PM|662|1083|61.13|Common|Gold
6416|Eat Your Dessert|You got all of the Bonus Tracks.|22657|7 Jul 2018 9:36:36 PM|651|1083|60.11|Common|Gold
6416|A Clearer Picture|You viewed the perpetrators' pasts.|22656|7 Jul 2018 9:32:32 PM|681|1083|62.88|Common|Gold
6416|All Possibilities Observed|You viewed all endings in the game, including the bad ones.|22655|7 Jul 2018 9:30:36 PM|616|1083|56.88|Common|Gold
6416|World of Continuous Despair|You cleared Saeki's route.|22654|7 Jul 2018 9:30:34 PM|691|1083|63.8|Common|Gold
6416|Sorrow|You reached all 5 tragic love endings.|22653|7 Jul 2018 9:20:47 PM|675|1083|62.33|Common|Silver
6416|The View I Dreamt of|You cleared Aiji Yanagi's route.|22652|7 Jul 2018 9:20:15 PM|715|1083|66.02|Common|Silver
6416|The 1st Executor|You experienced Rei Mikuni's blind faith.|22651|7 Jul 2018 9:15:23 PM|717|1083|66.2|Common|Bronze
6416|Man Behind the Collar|You exposed the mastermind.|22650|7 Jul 2018 9:10:42 PM|720|1083|66.48|Common|Silver
6416|Shackles|You gained Aiji Yanagi's trust.|22649|7 Jul 2018 9:07:00 PM|720|1083|66.48|Common|Bronze
6416|Indelible Memories|You cleared Kageyuki Shiraishi's route.|22648|7 Jul 2018 8:09:29 PM|748|1083|69.07|Common|Bronze
6416|4th and 3rd Executors|You experienced Shion and Suzune Uno's hatred.|22647|7 Jul 2018 8:02:36 PM|752|1083|69.44|Common|Bronze
6416|Intelligent Curiosity|You gained Kageyuki Shiraishi's trust.|22646|7 Jul 2018 7:53:40 PM|758|1083|69.99|Common|Bronze
6416|Happy Pet|You cleared Takeru Sasazuka's route.|22645|7 Jul 2018 4:21:33 PM|798|1083|73.68|Common|Bronze
6416|7th Executor|You experienced Akito Sera's guilt.|22644|7 Jul 2018 4:18:32 PM|798|1083|73.68|Common|Bronze
6416|5th Executor|You experienced Manabu Souda's solitude.|22643|7 Jul 2018 4:17:01 PM|802|1083|74.05|Common|Bronze
6416|Making the Grade|You gained Takeru Sasazuka's trust.|22642|7 Jul 2018 4:14:37 PM|807|1083|74.52|Common|Bronze
6416|Give Yourself to the Rhythm|You listened to all the BGM tracks.|22641|7 Jul 2018 4:09:15 PM|783|1083|72.3|Common|Silver
6416|Four Leaf Clover|You cleared Mineo Enomoto's route.|22640|7 Jul 2018 3:54:34 PM|789|1083|72.85|Common|Bronze
6416|9th Executor|You experienced Tomoki Ogata's justice.|22639|7 Jul 2018 3:54:07 PM|791|1083|73.04|Common|Bronze
6416|8th Executor|You experienced Hanako Kobayashi's crazed love.|22638|7 Jul 2018 3:46:56 PM|810|1083|74.79|Common|Bronze
6416|Partners at Last|You gained Mineo Enomoto's trust.|22637|7 Jul 2018 3:41:27 PM|821|1083|75.81|Common|Bronze
6416|Wavering Spirit, Wavering Aim|You failed in Trigger Mode.|22636|7 Jul 2018 3:34:48 PM|822|1083|75.9|Common|Bronze
6416|Mistakes Were Made...|You reached your first bad ending.|22635|7 Jul 2018 3:29:46 PM|930|1083|85.87|Common|Bronze
6416|Eternity by Your Side|You cleared Kei Okazaki's route.|22634|7 Jul 2018 3:29:29 PM|798|1083|73.68|Common|Bronze
6416|Shooting with Resolve|You succeeded in Trigger Mode.|22633|7 Jul 2018 3:28:46 PM|855|1083|78.95|Common|Bronze
6416|2nd Executor|You experienced Keisuke Sanjo's despair.|22632|7 Jul 2018 3:28:31 PM|801|1083|73.96|Common|Bronze
6416|Promise|You gained Kei Okazaki's trust.|22631|7 Jul 2018 3:18:40 PM|821|1083|75.81|Common|Bronze
6416|6th Executor|You experienced Rika Sugawara's fear.|22630|7 Jul 2018 3:16:56 PM|823|1083|75.99|Common|Bronze
6416|Good Communicator|You politely returned a message.|22629|7 Jul 2018 3:15:20 PM|873|1083|80.61|Common|Bronze
6416|On the Scene|You explored a specific location.|22628|7 Jul 2018 3:14:49 PM|885|1083|81.72|Common|Bronze
6416|Unsolved Mystery|You incorrectly deduced an answer.|22627|7 Jul 2018 3:10:53 PM|876|1083|80.89|Common|Bronze
6416|Clued In|You deduced the correct answer.|22626|7 Jul 2018 3:10:41 PM|910|1083|84.03|Common|Bronze
6416|Partners|You entered a character specific route.|22625|7 Jul 2018 3:10:02 PM|923|1083|85.23|Common|Bronze
6416|Information Gathering|You obtained information at Shinjuku police station.|22624|7 Jul 2018 3:09:23 PM|925|1083|85.41|Common|Bronze
6416|The First Night|You cleared the prologue.|22623|7 Jul 2018 1:27:57 AM|1007|1083|92.98|Common|Bronze
6333|Save the Ninja Clan Platinum|Good job! Completed all tasks!|22622|6 Jul 2018 3:25:44 AM|375|670|55.97|Common|Platinum
6333|Oops! Yea that's a bug.|Level 19, crash the game.|22621|6 Jul 2018 3:25:44 AM|412|670|61.49|Common|Silver
6333|Controls Reversed|Beat level 4 with controls reversed.|22620|6 Jul 2018 3:20:59 AM|434|670|64.78|Common|Silver
6333|You fell for it!|Fall for it on level two.|22619|6 Jul 2018 3:20:11 AM|561|670|83.73|Common|Bronze
6333|The Legend|Beat 10 levels without dying.|22618|6 Jul 2018 3:18:52 AM|380|670|56.72|Common|Gold
6333|Battle Hardened|Beat 5 levels without dying.|22617|6 Jul 2018 3:00:09 AM|398|670|59.4|Common|Silver
6333|Upgraded!|Get a knife modification.|22616|6 Jul 2018 2:45:16 AM|430|670|64.18|Common|Silver
6333|For Debugging Only!|Find and complete the secret ending.|22615|6 Jul 2018 2:43:39 AM|383|670|57.16|Common|Gold
6333|Play Pong!|Play Pong in the game.|22614|6 Jul 2018 2:37:23 AM|386|670|57.61|Common|Bronze
6333|Who's Laughing Now|Beat the third boss.|22613|6 Jul 2018 2:33:36 AM|389|670|58.06|Common|Gold
6333|Completely Completed|Complete all the levels.|22612|6 Jul 2018 2:33:35 AM|389|670|58.06|Common|Gold
6333|New Perspective|Level 29, play as a scroll.|22611|6 Jul 2018 2:18:26 AM|391|670|58.36|Common|Silver
6333|The Collector|Collect 15 Collectables.|22610|6 Jul 2018 2:16:05 AM|409|670|61.04|Common|Silver
6333|Cloud Nine|Level 25, ride a cloud.|22609|6 Jul 2018 2:05:24 AM|390|670|58.21|Common|Bronze
6333|God Like|Kill 50 enemies.|22608|6 Jul 2018 2:04:43 AM|487|670|72.69|Common|Silver
6333|Seppuku|Kill yourself with your own weapon.|22607|6 Jul 2018 1:54:37 AM|447|670|66.72|Common|Bronze
6333|I Am > Than Mechs|Beat the second boss.|22606|6 Jul 2018 1:53:18 AM|417|670|62.24|Common|Gold
6333|Spontaneous Combustion|Explode 50 times|22605|6 Jul 2018 1:42:47 AM|513|670|76.57|Common|Silver
6333|You're good at dying.|Die 100 times.|22604|6 Jul 2018 1:34:32 AM|522|670|77.91|Common|Bronze
6333|Living On a Prayer|Beat half the levels.|22603|6 Jul 2018 1:32:58 AM|434|670|64.78|Common|Bronze
6333|2 Stones 1 Bird|Attempt a level 25 times.|22602|6 Jul 2018 1:31:30 AM|549|670|81.94|Common|Silver
6333|Death is my friend!|Die 50 times.|22601|6 Jul 2018 12:51:37 AM|562|670|83.88|Common|Bronze
6333|Stop breaking the game.|Complete 10 secrets.|22600|6 Jul 2018 12:51:30 AM|400|670|59.7|Common|Silver
6333|Killing Spree|Kill 25 enemies.|22599|6 Jul 2018 12:51:15 AM|537|670|80.15|Common|Bronze
6333|Off to the Slammer|Level 11, go to "prison".|22598|6 Jul 2018 12:49:49 AM|451|670|67.31|Common|Bronze
6333|Teachers Pet|Beat a level with an A+ time.|22597|6 Jul 2018 12:29:36 AM|501|670|74.78|Common|Bronze
6333|Eat My Dust|Beat the first boss.|22596|6 Jul 2018 12:29:35 AM|507|670|75.67|Common|Gold
6333|Smiley|Level 9, see a smiley face.|22595|6 Jul 2018 12:24:03 AM|439|670|65.52|Common|Bronze
6333|Never Surrender!|Attempt a level 10 times.|22594|6 Jul 2018 12:13:04 AM|605|670|90.3|Common|Bronze
6333|You have found a bug.|Complete one secret.|22593|6 Jul 2018 12:10:39 AM|530|670|79.1|Common|Bronze
6333|Beat Level One|Beat the first level|22592|6 Jul 2018 12:08:14 AM|644|670|96.12|Common|Bronze
7524|Platinum-explosion|Complete all the trophies|22591|5 Jul 2018 11:17:40 PM|1889|2134|88.52|Common|Platinum
7524|Brave|Kill your first enemy in hard mode|22590|5 Jul 2018 11:17:40 PM|1900|2134|89.03|Common|Gold
7524|Kill them all|Kill 100 enemies in Arena Mode|22589|5 Jul 2018 11:17:08 PM|1891|2134|88.61|Common|Gold
7524|Without any mercy|Kill 75 enemies in Arena Mode|22588|5 Jul 2018 11:12:30 PM|1901|2134|89.08|Common|Gold
7524|Getting used|Kill 50 enemies in Arena Mode|22587|5 Jul 2018 11:11:49 PM|1906|2134|89.32|Common|Gold
7524|Kill or get killed|Kill 25 enemies in Arena Mode|22586|5 Jul 2018 11:09:46 PM|1909|2134|89.46|Common|Gold
7524|Getting better|Reach level 10 in Classic Mode|22585|5 Jul 2018 11:08:46 PM|1960|2134|91.85|Common|Gold
7524|Unlock the Arena Mode|Reach 100,000 points in Classic Mode|22584|5 Jul 2018 11:08:30 PM|1909|2134|89.46|Common|Gold
7524|Show them who's boss|Reach 75,000 points in Classic Mode|22583|5 Jul 2018 11:08:21 PM|1924|2134|90.16|Common|Gold
7524|Go get them|Reach 50,000 points in Classic Mode|22582|5 Jul 2018 11:08:09 PM|1963|2134|91.99|Common|Gold
7524|Overpowered|Die for the first time|22581|5 Jul 2018 11:07:16 PM|2129|2134|99.77|Common|Silver
7524|Little by little|Reach 25,000 points in Classic Mode|22580|5 Jul 2018 11:07:09 PM|2013|2134|94.33|Common|Gold
7524|Leveling up|Reach level 5 in Classic Mode|22579|5 Jul 2018 11:06:58 PM|2049|2134|96.02|Common|Gold
7524|Getting Started|Kill your first enemy|22578|5 Jul 2018 11:06:23 PM|2127|2134|99.67|Common|Silver
6988|Fait Accompli|For Stamina and Time On Your Hands and an insatiable need for completion|22577|5 Jul 2018 12:10:14 AM|2881|6282|45.86|Uncommon|Platinum
6988|The Orbiter of Record|Collect 600 Precursor Orbs|22576|5 Jul 2018 12:10:14 AM|2885|6282|45.92|Uncommon|Gold
6988|The Orbiter of Taste|Collect 300 Precursor Orbs|22575|5 Jul 2018 12:10:03 AM|3102|6282|49.38|Uncommon|Silver
6988|Head Over Here|Collect 250 Metal Head Skull Gems|22574|4 Jul 2018 11:10:54 PM|4137|6282|65.85|Common|Gold
6988|The Orbiter of Faith|Collect 50 Precursor Orbs|22573|4 Jul 2018 11:10:47 PM|4171|6282|66.4|Common|Bronze
6988|My Head Hurts|Collect 125 Metal Head Skull Gems|22572|4 Jul 2018 11:10:27 PM|4469|6282|71.14|Common|Silver
6988|Oh My Head|Collect 25 Metal Head Skull Gems|22571|4 Jul 2018 10:59:24 PM|4963|6282|79.0|Common|Bronze
6988|Taking Him Down|Destroy Final Boss|22570|4 Jul 2018 10:54:01 PM|4258|6282|67.78|Common|Gold
6988|They Were Ruined Anyway|Break through Ruins|22569|4 Jul 2018 10:53:32 PM|4305|6282|68.53|Common|Bronze
6988|Plasma Ball|Destroy Dark Ship|22568|4 Jul 2018 10:53:32 PM|4292|6282|68.32|Common|Bronze
6988|Shields are Down|Destroy Dark Ship Shield|22567|4 Jul 2018 10:53:31 PM|4341|6282|69.1|Common|Bronze
6988|Big Tower Fall Down|Destroy Metal Head Tower|22566|4 Jul 2018 10:53:31 PM|4325|6282|68.85|Common|Silver
6988|Duck and Dodge|Reach Catacombs via Palace Ruins|22565|4 Jul 2018 10:53:31 PM|4308|6282|68.58|Common|Bronze
6988|Dude in Distress|Rescue Seem at Temple|22564|4 Jul 2018 10:53:30 PM|4371|6282|69.58|Common|Bronze
6988|Shoot 'em High|Defend Spargus from Attack|22563|4 Jul 2018 10:53:30 PM|4362|6282|69.44|Common|Bronze
6988|Clear Vision|Activate Astro-Viewer in Forest|22562|4 Jul 2018 10:53:30 PM|4347|6282|69.2|Common|Bronze
6988|Batter the Boss|Beat Cyber-Errol Boss|22561|4 Jul 2018 10:53:24 PM|4396|6282|69.98|Common|Silver
6988|Empty Nesters|Destroy Metal-pedes in Nest|22560|4 Jul 2018 10:53:23 PM|4475|6282|71.24|Common|Bronze
6988|I Want to Destroy!|Destroy War Factory Defenses|22559|4 Jul 2018 10:53:23 PM|4400|6282|70.04|Common|Bronze
6988|Gate Crasher Masher|Defend Spargus' Front Gate|22558|4 Jul 2018 10:53:22 PM|4484|6282|71.38|Common|Bronze
6988|The Masked Marauders|Take Out Marauder Stronghold|22557|4 Jul 2018 10:53:22 PM|4477|6282|71.27|Common|Silver
6988|Zoom Zoom|Race for More Artifacts|22556|4 Jul 2018 10:53:21 PM|4503|6282|71.68|Common|Bronze
6988|The Best Defense|Defend HQ from Attack|22555|4 Jul 2018 10:53:15 PM|4464|6282|71.06|Common|Bronze
6988|Switcheroo|Find Switch in Sewers|22554|4 Jul 2018 10:53:15 PM|4445|6282|70.76|Common|Bronze
6988|Hi Jak!|Hijack Eco Vehicle|22553|4 Jul 2018 10:53:14 PM|4538|6282|72.24|Common|Bronze
6988|Port to Starboard|Defend Port from Attack|22552|4 Jul 2018 10:53:14 PM|4539|6282|72.25|Common|Silver
6988|Blam!|Break Barrier with Blast Bot|22551|4 Jul 2018 10:53:14 PM|4501|6282|71.65|Common|Bronze
6988|Black Thumb Too|Kill Dark Plants in Forest|22550|4 Jul 2018 10:53:07 PM|4582|6282|72.94|Common|Bronze
6988|Tanks for the Mammaries|Destroy Dark Eco Tanks|22549|4 Jul 2018 10:53:06 PM|4594|6282|73.13|Common|Bronze
6988|Can Can Cannon|Destroy Sniper Cannons|22548|4 Jul 2018 10:53:05 PM|4644|6282|73.93|Common|Silver
6988|Swimming Hole|Reach Metal Head Area via Sewer|22547|4 Jul 2018 10:53:05 PM|4601|6282|73.24|Common|Bronze
6988|Boom Bada Boom|Destroy Incoming Blast Bots|22546|4 Jul 2018 10:53:04 PM|4699|6282|74.8|Common|Bronze
6988|Swamp Gas|Reach Port via Sewer|22545|4 Jul 2018 10:53:03 PM|4716|6282|75.07|Common|Bronze
6988|Bossing the Bot Boss|Defeat Veger's Precursor Robot|22544|4 Jul 2018 10:52:56 PM|4760|6282|75.77|Common|Silver
6988|Ex-plorer|Explore Eco Mine|22543|4 Jul 2018 10:52:55 PM|4775|6282|76.01|Common|Bronze
6988|Bombs on a Train|Escort Bomb Train|22542|4 Jul 2018 10:52:55 PM|4769|6282|75.92|Common|Bronze
6988|Railing at the Wind|Travel through Catacomb Subrails|22541|4 Jul 2018 10:52:54 PM|4794|6282|76.31|Common|Bronze
6988|Hot Babe|Defend Ashelin at Oasis|22540|4 Jul 2018 10:52:53 PM|4834|6282|76.95|Common|Bronze
6988|Is It Hot in Here?|Hang Glide to Volcano|22539|4 Jul 2018 10:52:52 PM|5007|6282|79.7|Common|Bronze
6988|Crunched|Destroy Eggs in Nest|22538|4 Jul 2018 10:52:45 PM|4855|6282|77.28|Common|Bronze
6988|World Wild Fight|Defeat Marauders in Arena|22537|4 Jul 2018 10:52:44 PM|4890|6282|77.84|Common|Bronze
6988|Do Gooder|Rescue Wastelanders|22536|4 Jul 2018 10:52:42 PM|4918|6282|78.29|Common|Silver
6988|Yippie Ki-Yay|Corral Wild Leapers|22535|4 Jul 2018 10:52:39 PM|5058|6282|80.52|Common|Bronze
6988|The Beast Beater|Destroy Metal Head Beasts|22534|4 Jul 2018 10:52:37 PM|5151|6282|82.0|Common|Bronze
6988|Art or Facts?|Race for Artifacts|22533|4 Jul 2018 10:52:36 PM|5279|6282|84.03|Common|Bronze
6988|Beat It|Beat Kleiver in Desert Race|22532|4 Jul 2018 10:52:34 PM|5328|6282|84.81|Common|Bronze
6988|I Smell A Rat|Catch Kanga-Rats|22531|4 Jul 2018 10:52:33 PM|5553|6282|88.4|Common|Bronze
6341|Spotless|Unlock all Trophies in Serial Cleaner!|22530|4 Jul 2018 2:46:35 AM|434|1360|31.91|Uncommon|Platinum
6341|Nocturnal|Complete any night-time contract 20 times|22529|4 Jul 2018 2:46:35 AM|472|1360|34.71|Uncommon|Silver
6341|Challenge Seeker|Play all Challenge modes|22528|4 Jul 2018 2:35:01 AM|481|1360|35.37|Uncommon|Silver
6341|Here Comes A New Challenger!|Check out any Challenge mode|22527|4 Jul 2018 2:23:04 AM|608|1360|44.71|Uncommon|Bronze
6341|Moviegoer|Complete all movie-themed bonus contracts|22526|4 Jul 2018 2:22:52 AM|437|1360|32.13|Uncommon|Gold
6341|Cleaner's New Threads|Play a contract wearing an unlockable costume|22525|4 Jul 2018 12:15:22 AM|777|1360|57.13|Common|Bronze
6341|Mommy's Little Boy|Talk to Mom 15 times|22524|3 Jul 2018 4:21:05 AM|603|1360|44.34|Uncommon|Silver
6341|Well Informed|Read a newspaper 15 times|22523|3 Jul 2018 4:20:20 AM|624|1360|45.88|Uncommon|Silver
6341|TV and Chill|Watch TV 15 times|22522|3 Jul 2018 4:20:11 AM|613|1360|45.07|Uncommon|Silver
6341|Tuned In|Listen to the radio 15 times|22521|3 Jul 2018 4:20:03 AM|607|1360|44.63|Uncommon|Silver
6341|I Can See Clearly Now|Complete any daytime contract 20 times|22520|3 Jul 2018 4:19:49 AM|472|1360|34.71|Uncommon|Silver
6341|Done Cleaning|Complete all story contracts|22519|3 Jul 2018 4:19:35 AM|503|1360|36.99|Uncommon|Silver
6341|Expert Collector|Find all secret items|22518|3 Jul 2018 4:04:03 AM|447|1360|32.87|Uncommon|Gold
6341|Fashion Freak|Unlock all costumes|22517|3 Jul 2018 4:04:02 AM|449|1360|33.01|Uncommon|Silver
6341|Stickler|Clean 100% of blood in all story contracts|22516|3 Jul 2018 3:50:23 AM|459|1360|33.75|Uncommon|Gold
6341|Well Oriented|Use Cleaner Vision for a total of at least 10 minutes|22515|3 Jul 2018 3:49:23 AM|683|1360|50.22|Common|Silver
6341|BOOM! Headshot!|Get killed by a Shooter for the first time|22514|3 Jul 2018 3:18:53 AM|535|1360|39.34|Uncommon|Bronze
6341|Body Removal Service|Dispose of 150 bodies|22513|3 Jul 2018 2:43:59 AM|500|1360|36.76|Uncommon|Gold
6341|Hello Boys!|Be pursued by at least three enemies simultaneously|22512|3 Jul 2018 12:09:35 AM|686|1360|50.44|Common|Silver
6341|Out of the Frying Pan and into the Fire|Use a shortcut to escape an enemy and then get caught by an enemy at the other side|22511|2 Jul 2018 11:52:28 PM|561|1360|41.25|Uncommon|Silver
6341|Made You Look|Make an enemy react to a missing item or body bag 100 times|22510|2 Jul 2018 11:23:02 PM|706|1360|51.91|Common|Silver
6341|Hey, Listen!|Get at least four enemies to investigate a sound decoy|22509|2 Jul 2018 10:59:41 PM|706|1360|51.91|Common|Silver
6341|…Now You Don't|Hide while in view of an enemy five times during any single contract.|22508|2 Jul 2018 10:47:22 PM|730|1360|53.68|Common|Silver
6341|Wheeee!|Slide on blood for a total of 45 seconds in any single contract|22507|2 Jul 2018 10:25:07 PM|609|1360|44.78|Uncommon|Silver
6341|Squeaky Clean|Clean 100% of blood in any contract|22506|2 Jul 2018 10:07:34 PM|832|1360|61.18|Common|Bronze
6341|Now You See Me...|Escape capture five times in any single contract|22505|2 Jul 2018 10:03:46 PM|1028|1360|75.59|Common|Silver
6341|I Will Survive|Fail a contract five times during a single playthrough|22504|2 Jul 2018 9:55:06 PM|1065|1360|78.31|Common|Bronze
6341|Novice Collector|Find your first secret item|22503|2 Jul 2018 9:54:25 PM|1064|1360|78.24|Common|Bronze
6341|Catch Me If You Can|Be pursued by an enemy for five seconds|22502|2 Jul 2018 9:53:26 PM|990|1360|72.79|Common|Silver
7503|Platinum-explosion|Complete all the trophies|22501|2 Jul 2018 9:43:00 PM|2806|3292|85.24|Common|Platinum
7503|Brave|Kill your first enemy in hard mode|22500|2 Jul 2018 9:43:00 PM|2830|3292|85.97|Common|Gold
7503|Kill them all|Kill 100 enemies in Arena Mode|22499|2 Jul 2018 9:42:42 PM|2813|3292|85.45|Common|Gold
7503|Without any mercy|Kill 75 enemies in Arena Mode|22498|2 Jul 2018 9:41:52 PM|2829|3292|85.94|Common|Gold
7503|Getting used|Kill 50 enemies in Arena Mode|22497|2 Jul 2018 9:41:09 PM|2849|3292|86.54|Common|Gold
7503|Kill or get killed|Kill 25 enemies in Arena Mode|22496|2 Jul 2018 9:40:22 PM|2858|3292|86.82|Common|Gold
7503|Overpowered|Die for the first time|22495|2 Jul 2018 9:39:27 PM|3281|3292|99.67|Common|Silver
7503|Getting better|Reach level 10 in Classic Mode|22494|2 Jul 2018 9:39:25 PM|2964|3292|90.04|Common|Gold
7503|Unlock the Arena Mode|Reach 100,000 points in Classic Mode|22493|2 Jul 2018 9:39:15 PM|2858|3292|86.82|Common|Gold
7503|Show them who's boss|Reach 75,000 points in Classic Mode|22492|2 Jul 2018 9:39:07 PM|2895|3292|87.94|Common|Gold
7503|Go get them|Reach 50,000 points in Classic Mode|22491|2 Jul 2018 9:38:55 PM|2955|3292|89.76|Common|Gold
7503|Little by little|Reach 25,000 points in Classic Mode|22490|2 Jul 2018 9:38:42 PM|3069|3292|93.23|Common|Gold
7503|Leveling up|Reach level 5 in Classic Mode|22489|2 Jul 2018 9:38:35 PM|3121|3292|94.81|Common|Gold
7503|Getting Started|Kill your first enemy|22488|2 Jul 2018 9:38:00 PM|3278|3292|99.57|Common|Silver
6815|Platinum Robot|Unlock all other trophies|22487|2 Jul 2018 9:36:28 PM|1366|1729|79.01|Common|Platinum
6815|Acid addict|Die 5 times inside an acid pool|22486|2 Jul 2018 9:36:28 PM|1554|1729|89.88|Common|Bronze
6815|See ya in another life, brotha|Finish a level using only 1 robot, not switching control even once|22485|2 Jul 2018 9:35:58 PM|1627|1729|94.1|Common|Silver
6815|Under pressure|Both robots die smashed together|22484|2 Jul 2018 9:31:31 PM|1539|1729|89.01|Common|Silver
6815|Finished!|Finish all the levels|22483|2 Jul 2018 9:29:44 PM|1378|1729|79.7|Common|Gold
6815|Battery hunter|Collect all batteries across all levels|22482|2 Jul 2018 9:29:44 PM|1372|1729|79.35|Common|Silver
6815|Always together|Finish all the levels with both robots alive|22481|2 Jul 2018 9:29:38 PM|1373|1729|79.41|Common|Gold
6815|Call it even|Finish all the even levels with both robots alive|22480|2 Jul 2018 9:29:33 PM|1373|1729|79.41|Common|Gold
6815|This is odd|Finish all the odd levels with both robots alive|22479|2 Jul 2018 9:26:31 PM|1373|1729|79.41|Common|Gold
6815|I am the one who knocks|Run against a closed door|22478|2 Jul 2018 9:14:06 PM|1472|1729|85.14|Common|Bronze
6815|Gruyère robot|Die on the spikes over 25 times|22477|2 Jul 2018 9:10:15 PM|1528|1729|88.37|Common|Bronze
6815|Two and two makes 22|Finish level 22 with both robots alive|22476|2 Jul 2018 9:01:28 PM|1391|1729|80.45|Common|Gold
6815|The floor is lava|Perform 10 consecutive wall jumps|22475|2 Jul 2018 8:14:58 PM|1540|1729|89.07|Common|Gold
6815|Frogger|Jump 75 times in one level, using the same robot|22474|2 Jul 2018 7:55:56 PM|1542|1729|89.18|Common|Gold
6815|No rush|Press the red button at the last minute, just before your twin gets crushed|22473|2 Jul 2018 7:52:25 PM|1616|1729|93.46|Common|Gold
7674|Muv-Luv Alternative|Aquire all trophies.|22472|2 Jul 2018 7:25:20 PM|154|242|63.64|Common|Platinum
7674|Mikoto's Farewell|Read Mikoto's Testament|22471|2 Jul 2018 7:25:20 PM|156|242|64.46|Common|Gold
7674|Miki's Farewell|Read Miki's Testament|22470|2 Jul 2018 6:15:05 PM|155|242|64.05|Common|Gold
6815|Lifeguard|Share energy when your twin is about to die|22469|2 Jul 2018 6:07:57 PM|1617|1729|93.52|Common|Silver
6815|Two on two|Finish level 2 with both robots alive|22468|2 Jul 2018 5:51:21 PM|1680|1729|97.17|Common|Silver
6815|So generous|Give all your energy to your twin|22467|2 Jul 2018 5:50:01 PM|1642|1729|94.97|Common|Gold
6815|Better together|Reach the exit with both robots|22466|2 Jul 2018 5:49:41 PM|1705|1729|98.61|Common|Bronze
6815|Blue tiles|Step on all of them in one level|22465|2 Jul 2018 5:49:32 PM|1667|1729|96.41|Common|Silver
7674|Kei's Farewell|Read Kei's Testament|22464|2 Jul 2018 5:22:59 PM|157|242|64.88|Common|Gold
7674|Chizuru's Farewell|Read Chizuru's Testament|22463|2 Jul 2018 4:31:21 PM|156|242|64.46|Common|Gold
7674|Guiding Light|Unlocked Chapter Select|22462|2 Jul 2018 3:44:13 PM|163|242|67.36|Common|Silver
7674|Causality Conductor|Unlocked CG Gallery|22461|2 Jul 2018 3:44:10 PM|163|242|67.36|Common|Silver
7674|Kasumi's Farewell|Heard Kasumi's Confession|22460|2 Jul 2018 3:44:07 PM|160|242|66.12|Common|Gold
7674|Love Nucleus|Restored order to the multiverse|22459|2 Jul 2018 3:44:04 PM|163|242|67.36|Common|Gold
7674|A Crack in Spacetime|Completed Episode 10|22458|2 Jul 2018 3:35:49 PM|163|242|67.36|Common|Gold
7674|The Unending Fight|Completed Episode 9|22457|2 Jul 2018 3:15:13 PM|164|242|67.77|Common|Gold
7674|No Tears Left to Shed|Completed Episode 8|22456|2 Jul 2018 3:01:00 PM|171|242|70.66|Common|Silver
7674|Unforgiven|Completed Episode 7|22455|2 Jul 2018 2:57:17 PM|171|242|70.66|Common|Silver
7674|Insatiable Ambition|Completed Episode 6|22454|2 Jul 2018 2:45:57 PM|175|242|72.31|Common|Silver
7674|Coming Home|Completed Episode 5|22453|2 Jul 2018 2:38:45 PM|183|242|75.62|Common|Silver
7674|Hollow Glory|Completed Episode 4|22452|2 Jul 2018 2:36:22 PM|184|242|76.03|Common|Bronze
7674|Across the Island|Completed Episode 3|22451|2 Jul 2018 2:33:22 PM|186|242|76.86|Common|Bronze
7674|Soldier, Ask Not|Completed Episode 2|22450|2 Jul 2018 2:32:33 PM|189|242|78.1|Common|Bronze
7674|The Light of Other Days|Completed Episode 1|22449|2 Jul 2018 2:31:04 PM|193|242|79.75|Common|Bronze
7674|ALTERNATIVE|Back to the Battlefield!|22448|2 Jul 2018 2:29:53 PM|202|242|83.47|Common|Bronze
7233|Platinum Midnight|Unlock all the trophies.|22447|2 Jul 2018 4:23:35 AM|1198|1244|96.3|Common|Platinum
7233|Expert|Complete 40 levels.|22446|2 Jul 2018 4:23:35 AM|1202|1244|96.62|Common|Gold
7233|Stunned|Die by a laser.|22445|2 Jul 2018 4:08:13 AM|1206|1244|96.95|Common|Gold
7233|Professional|Complete 20 levels.|22444|2 Jul 2018 3:51:10 AM|1215|1244|97.67|Common|Gold
7233|Not squared anymore|Die by a saw.|22443|2 Jul 2018 3:46:52 AM|1228|1244|98.71|Common|Gold
7233|Improving|Complete 10 levels.|22442|2 Jul 2018 3:42:54 AM|1233|1244|99.12|Common|Gold
7233|Stabbed|Die by a spike.|22441|2 Jul 2018 3:39:39 AM|1232|1244|99.04|Common|Gold
7233|Engineer|Pull a lever.|22440|2 Jul 2018 3:39:16 AM|1236|1244|99.36|Common|Gold
7233|Starter|Complete 5 levels.|22439|2 Jul 2018 3:39:00 AM|1237|1244|99.44|Common|Gold
7233|Went to explore|Die by getting out of a level.|22438|2 Jul 2018 3:38:25 AM|1239|1244|99.6|Common|Gold
7233|You made it|Complete level 4 making Midnight's friend smile.|22437|2 Jul 2018 3:38:05 AM|1225|1244|98.47|Common|Gold
7233|Making friends|Bump into one of Midnight's friends.|22436|2 Jul 2018 3:37:47 AM|1238|1244|99.52|Common|Silver
7233|Not overworking|Get 3 stars in one level.|22435|2 Jul 2018 3:36:45 AM|1239|1244|99.6|Common|Gold
7233|Go into the light|Complete level 1.|22434|2 Jul 2018 3:36:34 AM|1242|1244|99.84|Common|Silver
7675|Muv-Luv|Aquire all trophies.|22433|2 Jul 2018 2:50:43 AM|205|417|49.16|Uncommon|Platinum
7675|ALBUM 100%|Completed the CG Gallery|22432|2 Jul 2018 2:50:43 AM|205|417|49.16|Uncommon|Gold
7675|Unlimited Complete!!|Saw all possible endings of UNLIMITED|22431|2 Jul 2018 2:49:31 AM|205|417|49.16|Uncommon|Gold
7675|JUKEBOX|Unlocked Jukebox mode|22430|2 Jul 2018 1:56:38 AM|222|417|53.24|Common|Gold
7675|Songs of Distant Earth|Saw one possible ending of Unlimited|22429|2 Jul 2018 1:56:35 AM|222|417|53.24|Common|Gold
7675|Extra Complete!!|Saw all possible endings of EXTRA|22428|1 Jul 2018 11:44:26 PM|218|417|52.28|Common|Gold
7675|Taming of the Shrew|Saw Chizuru ending in EXTRA|22427|1 Jul 2018 11:44:23 PM|227|417|54.44|Common|Gold
7675|Arrow to the Feels|Saw Miki ending in EXTRA|22426|1 Jul 2018 11:31:21 PM|225|417|53.96|Common|Gold
7675|I Luv Lacrosse|Saw Common End 2 ending in EXTRA|22425|1 Jul 2018 11:21:00 PM|224|417|53.72|Common|Silver
7675|Yakisoba Krusaderz|Saw Kei ending in EXTRA|22424|1 Jul 2018 11:19:56 PM|230|417|55.16|Common|Gold
7675|Brocean Safari|Saw Common End 1 ending in EXTRA|22423|1 Jul 2018 11:03:16 PM|238|417|57.07|Common|Silver
7675|UNLIMITED|Ready for Unlimited|22422|1 Jul 2018 11:01:19 PM|239|417|57.31|Common|Silver
7675|Wedding Crasher|Saw Meiya ending in EXTRA|22421|1 Jul 2018 11:01:15 PM|241|417|57.79|Common|Gold
7675|Punch Drunker|Took five Drill Milky Punches to the face|22420|1 Jul 2018 10:54:12 PM|241|417|57.79|Common|Bronze
7675|Girl Next Door|Saw Sumika ending in EXTRA|22419|1 Jul 2018 10:43:47 PM|250|417|59.95|Common|Gold
7675|EXTRA|Started Muv-Luv!|22418|1 Jul 2018 10:21:30 PM|356|417|85.37|Common|Bronze
7525|Platinum-explosion|Complete all the trophies|22417|1 Jul 2018 9:25:08 PM|691|812|85.1|Common|Platinum
7525|Kill them all|Kill 100 enemies in Arena Mode|22416|1 Jul 2018 9:25:08 PM|691|812|85.1|Common|Gold
7525|Brave|Kill your first enemy in hard mode|22415|1 Jul 2018 9:20:22 PM|694|812|85.47|Common|Gold
7525|Without any mercy|Kill 75 enemies in Arena Mode|22414|1 Jul 2018 9:19:55 PM|695|812|85.59|Common|Gold
7525|Getting used|Kill 50 enemies in Arena Mode|22413|1 Jul 2018 9:18:25 PM|702|812|86.45|Common|Gold
7525|Kill or get killed|Kill 25 enemies in Arena Mode|22412|1 Jul 2018 9:17:39 PM|707|812|87.07|Common|Gold
7525|Overpowered|Die for the first time|22411|1 Jul 2018 9:16:38 PM|811|812|99.88|Common|Silver
7525|Unlock the Arena Mode|Reach 100,000 points in Classic Mode|22410|1 Jul 2018 9:16:20 PM|709|812|87.32|Common|Gold
7525|Show them who's boss|Reach 75,000 points in Classic Mode|22409|1 Jul 2018 9:15:33 PM|719|812|88.55|Common|Gold
7525|Go get them|Reach 50,000 points in Classic Mode|22408|1 Jul 2018 9:15:09 PM|732|812|90.15|Common|Gold
7525|Getting better|Reach level 10 in Classic Mode|22407|1 Jul 2018 9:15:00 PM|731|812|90.02|Common|Gold
7525|Little by little|Reach 25,000 points in Classic Mode|22406|1 Jul 2018 9:14:10 PM|754|812|92.86|Common|Gold
7525|Leveling up|Reach level 5 in Classic Mode|22405|1 Jul 2018 9:14:00 PM|767|812|94.46|Common|Gold
7525|Getting Started|Kill your first enemy|22404|1 Jul 2018 9:13:17 PM|809|812|99.63|Common|Silver
6098|Arcadia Master!|Obtained all Trophies.|22403|1 Jul 2018 9:10:40 PM|702|970|72.37|Common|Platinum
6098|Archive of Wisdom|Viewed all content in the Dictionary.|22402|1 Jul 2018 9:10:40 PM|710|970|73.2|Common|Gold
6098|Others, Complete!|Viewed all other CGs.|22401|1 Jul 2018 9:10:23 PM|704|970|72.58|Common|Silver
6098|Demento, Complete!|Viewed all of Demento's CGs.|22400|1 Jul 2018 9:10:22 PM|712|970|73.4|Common|Silver
6098|Poyo-poyo, Complete!|Viewed all of Poyo-poyo's CGs.|22399|1 Jul 2018 9:10:21 PM|709|970|73.09|Common|Silver
6098|Zain, Complete!|Viewed all of Zain's CGs.|22398|1 Jul 2018 9:10:20 PM|722|970|74.43|Common|Silver
6098|Astrum, Complete!|Viewed all of Astrum's CGs.|22397|1 Jul 2018 9:10:19 PM|740|970|76.29|Common|Silver
6098|Libera, Complete!|Viewed all of Libera's CGs.|22396|1 Jul 2018 9:10:18 PM|723|970|74.54|Common|Silver
6098|Radius, Complete!|Viewed all of Radius's CGs.|22395|1 Jul 2018 9:10:17 PM|737|970|75.98|Common|Silver
6098|Hiroya, Complete!|Viewed all of Hiroya's CGs.|22394|1 Jul 2018 9:10:16 PM|727|970|74.95|Common|Silver
6098|Etched Memories|Viewed everyone's CGs.|22393|1 Jul 2018 9:10:15 PM|704|970|72.58|Common|Gold
6098|The Proof of Our Existence|Viewed all CGs in the Album.|22392|1 Jul 2018 9:10:14 PM|704|970|72.58|Common|Gold
6098|Eternal Days|Viewed all stories from His Perspective.|22391|1 Jul 2018 9:09:29 PM|710|970|73.2|Common|Gold
6098|The Truth Within Our Hearts|Experienced every ending.|22390|1 Jul 2018 9:09:18 PM|705|970|72.68|Common|Gold
6098|Beautiful Nightmares|Experienced every Merry Bad Ending.|22389|1 Jul 2018 9:09:17 PM|705|970|72.68|Common|Silver
6098|Perfect World|Experienced the Merry Bad Ending with Poyo-poyo.|22388|1 Jul 2018 9:09:15 PM|710|970|73.2|Common|Bronze
6098|Where Happiness Resides|Experienced every Happy Ending.|22387|1 Jul 2018 9:05:57 PM|713|970|73.51|Common|Silver
6098|Don't Hold Back|Experienced the Happy Ending with Poyo-poyo.|22386|1 Jul 2018 9:05:56 PM|723|970|74.54|Common|Bronze
6098|Truly Alive|Experienced the Merry Bad Ending with Demento.|22385|1 Jul 2018 5:49:21 PM|727|970|74.95|Common|Bronze
6098|Mixed Feelings|Experienced the Happy Ending with Demento.|22384|1 Jul 2018 5:46:22 PM|737|970|75.98|Common|Bronze
6098|Peaceful Days|Experienced the Merry Bad Ending with Zain.|22383|1 Jul 2018 5:24:37 PM|726|970|74.85|Common|Bronze
6098|We're Both the Same|Experienced the Happy Ending with Zain.|22382|1 Jul 2018 5:21:58 PM|742|970|76.49|Common|Bronze
6098|Eternal Love|Experienced the Merry Bad Ending with Astrum.|22381|1 Jul 2018 5:05:19 PM|756|970|77.94|Common|Bronze
6098|You're My Girlfriend!|Experienced the Happy Ending with Astrum.|22380|1 Jul 2018 5:00:51 PM|789|970|81.34|Common|Bronze
6098|Never-Ending Dream|Experienced the Merry Bad Ending with Libera.|22379|1 Jul 2018 4:41:08 PM|734|970|75.67|Common|Bronze
6098|I Want to Know|Experienced the Happy Ending with Libera.|22378|1 Jul 2018 4:36:03 PM|750|970|77.32|Common|Bronze
6098|Endless Paradise|Experienced the Merry Bad Ending with Radius.|22377|1 Jul 2018 4:16:07 PM|747|970|77.01|Common|Bronze
6098|It's All Your Fault|Experienced the Happy Ending with Radius.|22376|1 Jul 2018 4:10:34 PM|766|970|78.97|Common|Bronze
6098|Sweet Curse|Experienced the Merry Bad Ending with Hiroya.|22375|1 Jul 2018 3:50:47 PM|734|970|75.67|Common|Bronze
6098|Number One in Your Life|Experienced the Happy Ending with Hiroya.|22374|1 Jul 2018 3:46:13 PM|765|970|78.87|Common|Bronze
6098|The Adventure Begins|Cleared Chapter 1.|22373|1 Jul 2018 3:27:29 PM|883|970|91.03|Common|Bronze
6098|Feelings Come Together|Affection increased for the first time.|22372|1 Jul 2018 3:27:05 PM|883|970|91.03|Common|Bronze
6098|Awakening into the Game World|Cleared the Prologue.|22371|1 Jul 2018 3:23:56 PM|933|970|96.19|Common|Bronze
6098|First Battle|Made a selection in battle for the first time.|22370|1 Jul 2018 3:23:33 PM|942|970|97.11|Common|Bronze
7020|SQUAREBOY VS BULLIES|DEFEAT ALL THE BULLIES|22369|1 Jul 2018 4:14:50 AM|1689|1899|88.94|Common|Platinum
7020|BULLYING IS UNCOOL|FINISH THE GAME|22368|1 Jul 2018 4:14:50 AM|1691|1899|89.05|Common|Gold
7020|KNOWLEDGE IS KEY|OPEN THE MOVES LIST IN THE PAUSED MENU|22367|1 Jul 2018 4:14:31 AM|1866|1899|98.26|Common|Bronze
7020|BIGGER THEY ARE, HARDER THEY FALL|DEFEAT BIG BOSS BULLY|22366|1 Jul 2018 4:14:29 AM|1691|1899|89.05|Common|Gold
1714|Thorough Bookkeeper|Complete the Persona Compendium|22365|1 Jul 2018 4:10:53 AM|7328|77218|9.49|Very Rare|Gold
