1804|Artists know how to mix!|Mixed colors on pallet|3876|30 Jul 2018 11:32:00 PM|25745|53799|47.85|Uncommon|Bronze
1804|Curiosity for colors!|Selected coloring mode|3875|30 Jul 2018 11:29:03 PM|40980|53799|76.17|Common|Silver
1804|Dots to lines!|Selected connecting dots mode|3874|30 Jul 2018 11:28:30 PM|42393|53799|78.8|Common|Silver
1804|Participation matters!|Participated an Ad-hoc contest.|3873|30 Jul 2018 11:26:49 PM|23792|53799|44.22|Uncommon|Bronze
1804|First victory!|Won an Ad-hoc contest.|3872|30 Jul 2018 11:26:49 PM|23731|53799|44.11|Uncommon|Gold
1804|Beauty of starting over!|Pressed undo|3871|30 Jul 2018 11:15:57 PM|41350|53799|76.86|Common|Bronze
1804|First touch on Photos!|Opened Photos|3870|30 Jul 2018 11:15:44 PM|40403|53799|75.1|Common|Bronze
1804|Love for stickers!|Pasted a sticker|3869|30 Jul 2018 11:15:23 PM|38192|53799|70.99|Common|Bronze
1804|Photo master!|Took a photo with camera|3868|30 Jul 2018 11:15:02 PM|35560|53799|66.1|Common|Bronze
1804|Potentially a genious…!|Drew a picture for the first time|3867|30 Jul 2018 11:14:39 PM|45055|53799|83.75|Common|Silver
1804|Rookie of New Paint Park!|Played New Paint Park for the first time|3866|30 Jul 2018 11:14:13 PM|49946|53799|92.84|Common|Bronze
1768|Sweet Tooth|Select game settings in Arcade Mode while holding ↑ to unlock Candy's appearance in 2nd Attract Mode|3865|27 Jul 2018 7:49:24 PM|4905|9673|50.71|Common|Bronze
1768|Skirt Destroyer|As Candy unequip armor each Arcade stg or break her lower armor after 10 straight wins in Offline VS|3864|27 Jul 2018 7:46:35 PM|4264|9673|44.08|Uncommon|Gold
1768|Who needs armor?|Unequip armor in Arcade Mode or Offline Versus (quickly input →←→←+P+K+D)|3863|27 Jul 2018 7:31:08 PM|4479|9673|46.3|Uncommon|Bronze
1768|Wall Breaker|Destroy a stage wall in Arcade Mode or Offline Versus|3862|27 Jul 2018 7:21:41 PM|7787|9673|80.5|Common|Bronze
1768|Kids Mode|Select game settings in Arcade Mode or Offline Versus while holding L1 button+R1 button to activate Kids Mode|3861|27 Jul 2018 7:19:11 PM|5420|9673|56.03|Common|Bronze
1768|Random Mode|Hold↑and hit START button during Attract Mode in Arcade Mode|3860|27 Jul 2018 7:18:20 PM|5402|9673|55.85|Common|Bronze
1768|Ranking Mode|Play Ranking Mode in Arcade Mode (hold down P+K+D+START button during Attract Mode)|3859|27 Jul 2018 7:17:58 PM|5201|9673|53.77|Common|Bronze
1768|Class of '95|Select game settings in Arcade Mode while holding the □ button to enter Attract Mode|3858|27 Jul 2018 7:14:55 PM|5216|9673|53.92|Common|Bronze
1768|Perfect|Win a round without receiving any damage in Arcade Mode (any difficulty)|3857|27 Jul 2018 7:14:12 PM|6423|9673|66.4|Common|Silver
1768|Armor Destroyer|Break an opponent's armor in Arcade Mode or Offline Versus|3856|27 Jul 2018 7:11:41 PM|8415|9673|86.99|Common|Bronze
1768|Stage 4 Complete|Complete Stage 4 of Arcade Mode (any difficulty)|3855|27 Jul 2018 7:05:24 PM|7032|9673|72.7|Common|Bronze
1768|Stage 3 Complete|Complete Stage 3 of Arcade Mode (any difficulty)|3854|27 Jul 2018 7:04:32 PM|7340|9673|75.88|Common|Bronze
1768|Stage 2 Complete|Complete Stage 2 of Arcade Mode (any difficulty)|3853|27 Jul 2018 7:03:55 PM|8141|9673|84.16|Common|Bronze
1768|Stage 1 Complete|Complete Stage 1 of Arcade Mode (any difficulty)|3852|27 Jul 2018 7:03:17 PM|8864|9673|91.64|Common|Bronze
1768|Mahler|Use Mahler in Arcade Mode or Offline Versus (move cursor left of Grace during character selection)|3851|27 Jul 2018 7:02:46 PM|6109|9673|63.16|Common|Bronze
1770|Certifiable|Play Ranking Mode in Arcade Mode (hold down P+K+D+START button during Attract Mode)|3850|27 Jul 2018 6:28:52 PM|5769|9451|61.04|Common|Bronze
1770|Class of '94|Select game settings in Arcade Mode while holding the □ button to enter Attract Mode|3849|27 Jul 2018 6:23:28 PM|5740|9451|60.73|Common|Bronze
1770|Sudden Death|Play the Sudden Death stage in Arcade Mode or Offline Versus|3848|27 Jul 2018 6:19:12 PM|5357|9451|56.68|Common|Gold
1770|Dural|Use Dural in Arcade Mode or Offline Versus (In Ver.2.1 hold START button when selecting a character)|3847|27 Jul 2018 6:16:21 PM|6138|9451|64.95|Common|Silver
1770|2.0|Play Arcade Mode or Offline Versus in ver. 2.0|3846|27 Jul 2018 6:15:38 PM|6678|9451|70.66|Common|Bronze
1770|Expert Mode|Enter ↓↓↑↑←←→→ at the character select screen in Arcade Mode|3845|27 Jul 2018 6:14:27 PM|6099|9451|64.53|Common|Silver
1770|Ring Out|Win a round by ring out in Arcade Mode (any difficulty)|3844|27 Jul 2018 6:02:35 PM|7695|9451|81.42|Common|Silver
1770|Excellent|Win a round without receiving any damage in Arcade Mode (any difficulty)|3843|27 Jul 2018 6:00:58 PM|7966|9451|84.29|Common|Silver
1770|Stage 5 Complete|Complete Stage 5 of Arcade Mode (any difficulty)|3842|27 Jul 2018 5:47:00 PM|6507|9451|68.85|Common|Bronze
1770|Stage 3 Complete|Complete Stage 3 of Arcade Mode (any difficulty)|3841|27 Jul 2018 5:31:14 PM|8453|9451|89.44|Common|Bronze
1770|Stage 2 Complete|Complete Stage 2 of Arcade Mode (any difficulty)|3840|27 Jul 2018 5:30:10 PM|8712|9451|92.18|Common|Bronze
1770|Stage 1 Complete|Complete Stage 1 of Arcade Mode (any difficulty)|3839|27 Jul 2018 5:29:17 PM|9027|9451|95.51|Common|Bronze
3695|What happens then?|Another story, kid. What else?|3838|26 Jul 2018 8:25:59 PM|11705|18761|62.39|Common|Gold
3695|Acceptance|Solved the death of Ed|3837|26 Jul 2018 8:20:25 PM|11900|18761|63.43|Common|Bronze
3695|Unfinished Story|Found the sniper rifle|3836|26 Jul 2018 8:08:37 PM|9026|18761|48.11|Uncommon|Silver
3695|Bargaining|Solved the death of Dale|3835|26 Jul 2018 8:06:59 PM|12195|18761|65.0|Common|Bronze
3695|The Curse of the Sea-Thing|The Cursed World|3834|26 Jul 2018 7:57:00 PM|12105|18761|64.52|Common|Bronze
3695|Anger|Solved the death of Missy|3833|26 Jul 2018 7:49:07 PM|12055|18761|64.26|Common|Bronze
3695|The Wish|Wish come true|3832|26 Jul 2018 7:35:16 PM|14119|18761|75.26|Common|Bronze
3695|Denial|Solved the death of Chad|3831|26 Jul 2018 7:25:46 PM|12995|18761|69.27|Common|Bronze
3695|Home|Explored the family house|3830|26 Jul 2018 7:15:22 PM|13067|18761|69.65|Common|Bronze
3695|Behind the Veil|Discovered the magic behind the potions|3829|26 Jul 2018 7:09:13 PM|13572|18761|72.34|Common|Bronze
3695|Fangs|A beast outsmarted|3828|26 Jul 2018 6:50:20 PM|14512|18761|77.35|Common|Bronze
3695|Depression|Solved the death of Travis|3827|26 Jul 2018 6:41:54 PM|13346|18761|71.14|Common|Bronze
3695|Sap|Survivor's guilt|3826|26 Jul 2018 6:23:26 PM|14448|18761|77.01|Common|Bronze
3695|The Tunnel|Walked towards the light|3825|26 Jul 2018 6:18:56 PM|11696|18761|62.34|Common|Bronze
7232|Platinum Midnight|Unlock all the trophies.|3824|26 Jul 2018 5:44:46 PM|3233|3311|97.64|Common|Platinum
7232|Expert|Complete 40 levels.|3823|26 Jul 2018 5:44:46 PM|3236|3311|97.73|Common|Gold
7232|You made it|Complete level 4 making Midnight's friend smile.|3822|26 Jul 2018 5:40:56 PM|3267|3311|98.67|Common|Gold
7232|Stunned|Die by a laser.|3821|26 Jul 2018 5:32:35 PM|3244|3311|97.98|Common|Gold
7232|Stabbed|Die by a spike.|3820|26 Jul 2018 5:18:52 PM|3280|3311|99.06|Common|Gold
7232|Professional|Complete 20 levels.|3819|26 Jul 2018 5:18:37 PM|3254|3311|98.28|Common|Gold
7232|Not squared anymore|Die by a saw.|3818|26 Jul 2018 5:09:49 PM|3274|3311|98.88|Common|Gold
7232|Improving|Complete 10 levels.|3817|26 Jul 2018 5:00:46 PM|3278|3311|99.0|Common|Gold
7232|Went to explore|Die by getting out of a level.|3816|26 Jul 2018 4:57:51 PM|3295|3311|99.52|Common|Gold
7232|Engineer|Pull a lever.|3815|26 Jul 2018 4:55:49 PM|3287|3311|99.28|Common|Gold
7232|Starter|Complete 5 levels.|3814|26 Jul 2018 4:55:06 PM|3289|3311|99.34|Common|Gold
7232|Making friends|Bump into one of Midnight's friends.|3813|26 Jul 2018 4:54:26 PM|3292|3311|99.43|Common|Silver
7232|Not overworking|Get 3 stars in one level.|3812|26 Jul 2018 4:48:28 PM|3299|3311|99.64|Common|Gold
7232|Go into the light|Complete level 1.|3811|26 Jul 2018 4:48:27 PM|3305|3311|99.82|Common|Silver
7525|Platinum-explosion|Complete all the trophies|3810|26 Jul 2018 2:21:13 AM|691|812|85.1|Common|Platinum
7525|Brave|Kill your first enemy in hard mode|3809|26 Jul 2018 2:21:13 AM|694|812|85.47|Common|Gold
7525|Kill them all|Kill 100 enemies in Arena Mode|3808|26 Jul 2018 2:16:30 AM|691|812|85.1|Common|Gold
7525|Without any mercy|Kill 75 enemies in Arena Mode|3807|26 Jul 2018 2:15:36 AM|695|812|85.59|Common|Gold
7525|Getting used|Kill 50 enemies in Arena Mode|3806|26 Jul 2018 2:14:43 AM|702|812|86.45|Common|Gold
7525|Kill or get killed|Kill 25 enemies in Arena Mode|3805|26 Jul 2018 2:13:46 AM|707|812|87.07|Common|Gold
7525|Unlock the Arena Mode|Reach 100,000 points in Classic Mode|3804|26 Jul 2018 2:09:55 AM|709|812|87.32|Common|Gold
7525|Show them who's boss|Reach 75,000 points in Classic Mode|3803|26 Jul 2018 2:09:33 AM|719|812|88.55|Common|Gold
7525|Getting better|Reach level 10 in Classic Mode|3802|26 Jul 2018 2:08:30 AM|731|812|90.02|Common|Gold
7525|Go get them|Reach 50,000 points in Classic Mode|3801|26 Jul 2018 2:08:19 AM|732|812|90.15|Common|Gold
7525|Little by little|Reach 25,000 points in Classic Mode|3800|26 Jul 2018 2:08:01 AM|754|812|92.86|Common|Gold
7525|Leveling up|Reach level 5 in Classic Mode|3799|26 Jul 2018 2:07:28 AM|767|812|94.46|Common|Gold
7525|Overpowered|Die for the first time|3798|26 Jul 2018 2:06:32 AM|811|812|99.88|Common|Silver
7525|Getting Started|Kill your first enemy|3797|26 Jul 2018 2:06:07 AM|809|812|99.63|Common|Silver
7524|Platinum-explosion|Complete all the trophies|3796|25 Jul 2018 8:48:32 PM|1889|2134|88.52|Common|Platinum
7524|Brave|Kill your first enemy in hard mode|3795|25 Jul 2018 8:48:32 PM|1900|2134|89.03|Common|Gold
7524|Kill them all|Kill 100 enemies in Arena Mode|3794|25 Jul 2018 8:47:42 PM|1891|2134|88.61|Common|Gold
7524|Without any mercy|Kill 75 enemies in Arena Mode|3793|25 Jul 2018 8:14:53 PM|1901|2134|89.08|Common|Gold
7524|Getting used|Kill 50 enemies in Arena Mode|3792|25 Jul 2018 8:08:34 PM|1906|2134|89.32|Common|Gold
7524|Kill or get killed|Kill 25 enemies in Arena Mode|3791|25 Jul 2018 8:07:39 PM|1909|2134|89.46|Common|Gold
7524|Unlock the Arena Mode|Reach 100,000 points in Classic Mode|3790|25 Jul 2018 8:05:24 PM|1909|2134|89.46|Common|Gold
7524|Show them who's boss|Reach 75,000 points in Classic Mode|3789|25 Jul 2018 8:05:10 PM|1924|2134|90.16|Common|Gold
7524|Go get them|Reach 50,000 points in Classic Mode|3788|25 Jul 2018 8:05:00 PM|1963|2134|91.99|Common|Gold
7524|Getting better|Reach level 10 in Classic Mode|3787|25 Jul 2018 7:52:44 PM|1960|2134|91.85|Common|Gold
7524|Little by little|Reach 25,000 points in Classic Mode|3786|25 Jul 2018 7:51:56 PM|2013|2134|94.33|Common|Gold
7524|Leveling up|Reach level 5 in Classic Mode|3785|25 Jul 2018 7:51:47 PM|2049|2134|96.02|Common|Gold
7524|Overpowered|Die for the first time|3784|25 Jul 2018 7:50:08 PM|2129|2134|99.77|Common|Silver
7524|Getting Started|Kill your first enemy|3783|25 Jul 2018 7:50:02 PM|2127|2134|99.67|Common|Silver
4314|THE ALIEN|Who's who?|3782|25 Jul 2018 7:28:02 PM|3302|4010|82.34|Common|Platinum
4314|DR. MCCOY|I'm a nightwatchman, not a doctor!|3781|25 Jul 2018 7:28:02 PM|3308|4010|82.49|Common|Gold
4314|STAY PUFT|Don't cross the streams!|3780|25 Jul 2018 7:23:31 PM|3309|4010|82.52|Common|Bronze
4314|ZAMPONE|The real crowbar!|3779|25 Jul 2018 7:01:13 PM|3310|4010|82.54|Common|Bronze
4314|SUBMARINE|All submarines should be yellow...|3778|25 Jul 2018 6:04:38 PM|3363|4010|83.87|Common|Silver
4314|ESCARGOT|They go down slowly...|3777|25 Jul 2018 5:48:45 PM|3388|4010|84.49|Common|Silver
4314|BRAVE|Or stupid?|3776|25 Jul 2018 5:47:09 PM|3404|4010|84.89|Common|Bronze
4314|GREEN THUMB|Damn! I'm a watchman, not a gardener!|3775|25 Jul 2018 5:43:15 PM|3382|4010|84.34|Common|Silver
4314|BOOMBOX|So 80's...|3774|25 Jul 2018 5:27:34 PM|3438|4010|85.74|Common|Silver
4314|FANCY A COLA?|To cola! The cause of... and solution to... all of life's problems!|3773|25 Jul 2018 5:26:39 PM|3395|4010|84.66|Common|Gold
4314|COLA|Burp!|3772|25 Jul 2018 5:20:31 PM|3449|4010|86.01|Common|Bronze
4314|WRENCH|if you can dodge a wrench...|3771|25 Jul 2018 5:17:34 PM|3408|4010|84.99|Common|Silver
4314|DOPEFISH|The second-dumbest creature in the universe.|3770|25 Jul 2018 5:16:32 PM|3389|4010|84.51|Common|Gold
4314|FISHERMAN|I sleep with the fishes.|3769|25 Jul 2018 5:11:27 PM|3387|4010|84.46|Common|Silver
4314|HOARDER|I carry bricks with me everywhere I go.|3768|25 Jul 2018 5:10:56 PM|3415|4010|85.16|Common|Silver
4314|BACHELOR DEGREE|I'm a genius!|3767|25 Jul 2018 4:59:51 PM|3444|4010|85.89|Common|Silver
4314|ARACHNOPHILE|With great power, comes great responsibility!|3766|25 Jul 2018 4:56:43 PM|3397|4010|84.71|Common|Gold
4314|ARACHNOPHOBIA|I had no choice... It was me or it!|3765|25 Jul 2018 4:54:15 PM|3520|4010|87.78|Common|Bronze
4314|INVESTIGATOR|Elementary, my dear Watson!|3764|25 Jul 2018 4:53:12 PM|3406|4010|84.94|Common|Silver
4314|DON'T TRY THIS AT HOME|No, Really, Don't!|3763|25 Jul 2018 4:49:28 PM|3547|4010|88.45|Common|Bronze
4314|TWO POINTS|Easy!|3762|25 Jul 2018 4:47:45 PM|3476|4010|86.68|Common|Bronze
4314|THREE POINTS|I think I could be an NBA All Star!|3761|25 Jul 2018 4:47:36 PM|3451|4010|86.06|Common|Silver
4314|EYE POP|Oops!|3760|25 Jul 2018 4:46:13 PM|3566|4010|88.93|Common|Bronze
4314|PYROMAN|Barbecue time!|3759|25 Jul 2018 4:44:01 PM|3532|4010|88.08|Common|Bronze
4314|SPEED RUNNER|I'm lightning!|3758|25 Jul 2018 4:43:02 PM|3439|4010|85.76|Common|Silver
4314|DEADLY RAT|Never tempt fate...|3757|25 Jul 2018 4:12:23 PM|3583|4010|89.35|Common|Silver
4314|RAT BITE|I'll turn into Ratman!|3756|25 Jul 2018 4:11:51 PM|3707|4010|92.44|Common|Silver
4314|DEADLY DRINK|I should check the expiration date first!|3755|25 Jul 2018 4:10:10 PM|3584|4010|89.38|Common|Silver
4314|REDSHIRT|You don't want to wear a red shirt on landing-party duty|3754|25 Jul 2018 4:10:10 PM|3667|4010|91.45|Common|Bronze
4314|CRAZY DRINKER|My Doctor said I should drink more!|3753|25 Jul 2018 4:09:50 PM|3603|4010|89.85|Common|Bronze
4314|MAD SCIENTIST|Great Scott!|3752|25 Jul 2018 4:07:24 PM|3556|4010|88.68|Common|Silver
6015|I am the glorious Mr. Massagy!|Unlock all the trophies!|3751|24 Jul 2018 8:35:25 PM|10744|11109|96.71|Common|Platinum
6015|Bytes all over you!|Get a massagy with S.O.N.I.A.|3750|24 Jul 2018 8:35:25 PM|10771|11109|96.96|Common|Gold
6015|Hackerbruh!|Get three stars with S.O.N.I.A|3749|24 Jul 2018 8:34:05 PM|10771|11109|96.96|Common|Gold
6015|How does this even work?|Get a massagy with Papu-Aiye|3748|24 Jul 2018 8:31:17 PM|10820|11109|97.4|Common|Bronze
6015|Expert Datemeister|Date all dates!|3747|24 Jul 2018 8:31:09 PM|10816|11109|97.36|Common|Bronze
6015|Smooth Criminal|Get three stars with all dates!|3746|24 Jul 2018 8:31:08 PM|10774|11109|96.98|Common|Gold
6015|Real people are overrated|Get three stars with Papu-Aiye|3745|24 Jul 2018 8:31:08 PM|10803|11109|97.25|Common|Silver
6015|Who you gonna massage?|Get a massagy with Anne|3744|24 Jul 2018 8:28:05 PM|10826|11109|97.45|Common|Bronze
6015|I hope that's ectoplasm|Get three stars with Anne|3743|24 Jul 2018 8:27:57 PM|10808|11109|97.29|Common|Silver
6015|What a dairy experience|Get a massagy with Dorothy|3742|24 Jul 2018 8:26:18 PM|10842|11109|97.6|Common|Bronze
6015|Moooossagy!|Get three stars with Dorothy|3741|24 Jul 2018 8:26:08 PM|10827|11109|97.46|Common|Silver
6015|That's… a lot of toys|Get a massagy with Sarah|3740|24 Jul 2018 8:24:22 PM|10843|11109|97.61|Common|Bronze
6015|Sugar daddy time!|Get three stars with Sarah|3739|24 Jul 2018 8:24:15 PM|10848|11109|97.65|Common|Silver
6015|You'll be alone forever...|Fail 20 dates.|3738|24 Jul 2018 8:23:08 PM|10780|11109|97.04|Common|Gold
6015|Yo, where's your mojo?|Fail 10 dates.|3737|24 Jul 2018 8:21:28 PM|10811|11109|97.32|Common|Bronze
6015|You win some, you lose some!|Fail 5 dates.|3736|24 Jul 2018 8:20:40 PM|10882|11109|97.96|Common|Bronze
6015|Proud of your job!|Discover Johnny's true job in Sarah's date.|3735|24 Jul 2018 8:19:38 PM|10765|11109|96.9|Common|Silver
6015|Slippery everywhere|Get a massagy with Mayo|3734|24 Jul 2018 8:17:37 PM|10864|11109|97.79|Common|Bronze
6015|Watch the cholesterol|Get three stars with Mayo|3733|24 Jul 2018 8:17:28 PM|10872|11109|97.87|Common|Silver
6015|Poking around|Tap the Mayonnaise|3732|24 Jul 2018 8:16:20 PM|10836|11109|97.54|Common|Bronze
6015|It hurts so gooood...|Get a massagy with Janein|3731|24 Jul 2018 8:14:37 PM|10890|11109|98.03|Common|Bronze
6015|Don't put your massage in crazy, man|Get three stars with Janein|3730|24 Jul 2018 8:14:27 PM|10819|11109|97.39|Common|Silver
6015|Average Joe|Finish with a two-star date 5 times with any character.|3729|24 Jul 2018 8:13:01 PM|10873|11109|97.88|Common|Bronze
6015|It's something...|Get two stars in any date.|3728|24 Jul 2018 8:12:00 PM|11005|11109|99.06|Common|Silver
6015|Gotta love these app features|Get a massagy with Martha|3727|24 Jul 2018 7:56:46 PM|10867|11109|97.82|Common|Bronze
6015|Mother trucker!|Get three stars with Martha|3726|24 Jul 2018 7:56:35 PM|10819|11109|97.39|Common|Silver
6015|Careful with the claws|Get a massagy with Nicole|3725|24 Jul 2018 7:54:14 PM|10954|11109|98.6|Common|Bronze
6015|Awoo!|Get three stars with Nicole|3724|24 Jul 2018 7:54:05 PM|10840|11109|97.58|Common|Silver
6015|You blew it!|Fail any date|3723|24 Jul 2018 7:53:05 PM|11025|11109|99.24|Common|Bronze
6015|Duck killed!|Get killed by Nicole|3722|24 Jul 2018 7:52:54 PM|10895|11109|98.07|Common|Silver
6015|Tutorial with a happy ending|Get a massagy with Rial|3721|24 Jul 2018 7:51:08 PM|11021|11109|99.21|Common|Bronze
6015|You beat the Tuto-Rial!|Get three stars with Rial|3720|24 Jul 2018 7:50:56 PM|10938|11109|98.46|Common|Silver
6015|Moooom! Somebody likes me!|Match a date on Linger|3719|24 Jul 2018 7:49:29 PM|11059|11109|99.55|Common|Gold
6015|Nope!|Reject a date on Linger!|3718|24 Jul 2018 7:49:04 PM|11055|11109|99.51|Common|Bronze
6964|Platinum Chalice|You unlocked all other trophies.|3717|24 Jul 2018 7:25:33 PM|310|415|74.7|Common|Platinum
6964|Thanks!|Was that our 15 minutes of fame?|3716|24 Jul 2018 7:25:33 PM|314|415|75.66|Common|Bronze
6964|Huzzah let's hope far away|Now what?|3715|24 Jul 2018 7:21:27 PM|314|415|75.66|Common|Bronze
6964|Not in the face!|Thank you, sir, may I have another?|3714|24 Jul 2018 7:16:48 PM|313|415|75.42|Common|Silver
6964|Behind the mirror|An alternative ending to another game|3713|24 Jul 2018 7:11:58 PM|313|415|75.42|Common|Silver
6964|Huzzah we'll work overtime|Swimming certificate earned|3712|24 Jul 2018 7:09:18 PM|315|415|75.9|Common|Bronze
6964|Flipper out|Hunt for the Red October|3711|24 Jul 2018 7:00:57 PM|314|415|75.66|Common|Silver
6964|Woooghieee|Did you see that?|3710|24 Jul 2018 6:25:12 PM|313|415|75.42|Common|Silver
6964|Pin-up Goal|I only read it for the articles|3709|24 Jul 2018 6:24:08 PM|313|415|75.42|Common|Gold
3965|You Can't Scare Me!|Earn every Trophy.|3708|23 Jul 2018 7:20:02 PM|6858|9696|70.73|Common|Platinum
3965|Danger Time|Complete the game after draining your phone to 0% battery.|3707|23 Jul 2018 7:20:02 PM|7168|9696|73.93|Common|Silver
3965|My Friends Call Me Monster|Defeat Slappy while wearing the Haunted Mask.|3706|23 Jul 2018 7:04:25 PM|7097|9696|73.2|Common|Silver
3965|It's Only a Nightmare|Complete the game without ever using the cell phone.|3705|23 Jul 2018 7:04:24 PM|7042|9696|72.63|Common|Silver
3965|It Came From Ohio!|Track down RL Stine in the phone book and give him a call.|3704|23 Jul 2018 7:00:35 PM|7171|9696|73.96|Common|Bronze
3965|Creep from the Deep|Toss 10 expendable items into a deep, dark hole.|3703|23 Jul 2018 6:57:55 PM|7185|9696|74.1|Common|Bronze
3965|Go Eat Worms!|Have your life ended in 10 unique ways.|3702|23 Jul 2018 6:54:38 PM|7209|9696|74.35|Common|Silver
3965|Night of the Giant Inventory|Grab every item you possibly can.|3701|23 Jul 2018 6:52:30 PM|6930|9696|71.47|Common|Silver
3965|Be Careful What You Wish For…|Gather all possible items dropped from the laundry chute.|3700|23 Jul 2018 6:18:31 PM|7088|9696|73.1|Common|Silver
3965|Don't Go to Sleep!|Charge your cell phone.|3699|23 Jul 2018 5:48:43 PM|7280|9696|75.08|Common|Bronze
3965|The Monster Who Cried Girl|Recreate a crime scene to get security off your scent.|3698|23 Jul 2018 5:47:18 PM|7251|9696|74.78|Common|Silver
3965|Say Cheese--Again!|Take pictures of every monster possible using the Haunted Camera.|3697|23 Jul 2018 5:30:50 PM|7037|9696|72.58|Common|Gold
3965|Deep in the Jungle of Retail|Correctly answer a riddle as if your life depended on it.|3696|23 Jul 2018 5:18:20 PM|7345|9696|75.75|Common|Silver
3965|Earth Geeks Must Go!|Achieve a perfect game of skeeball.|3695|23 Jul 2018 5:08:49 PM|7271|9696|74.99|Common|Silver
3965|Trick or… Trapped!|Survive a power outage with gnome complications.|3694|23 Jul 2018 4:58:28 PM|7383|9696|76.14|Common|Bronze
3965|Heads, You Lose!|Pry the Haunted Mask off your face.|3693|23 Jul 2018 4:52:17 PM|7260|9696|74.88|Common|Silver
3965|A Shocker on Shock Street|Be proactive and start your laundry.|3692|23 Jul 2018 4:45:31 PM|7411|9696|76.43|Common|Bronze
3965|Toy Terror: Batteries Included|Disable a deadly toy bent on destruction.|3691|23 Jul 2018 4:35:51 PM|7628|9696|78.67|Common|Bronze
3965|Say Cheese|Take a photograph using the Haunted Camera.|3690|23 Jul 2018 4:20:23 PM|7609|9696|78.48|Common|Bronze
3965|Not the Living Dummy's Night|Survive the game to completion.|3689|23 Jul 2018 4:13:29 PM|7600|9696|78.38|Common|Silver
3965|All-Day Nightmare|Finish the game in 300 turns or fewer.|3688|23 Jul 2018 4:13:29 PM|7397|9696|76.29|Common|Silver
3965|How I Learned to Fly|Finish the game in 175 turns or fewer.|3687|23 Jul 2018 4:13:29 PM|7094|9696|73.16|Common|Gold
3965|Slappy's Nightmare|Discover Slappy's secret shame.|3686|23 Jul 2018 4:12:18 PM|7496|9696|77.31|Common|Silver
3965|Are You Terrified Yet?|Find entry into the bookstore.|3685|23 Jul 2018 4:11:13 PM|7630|9696|78.69|Common|Bronze
3965|Using the ol' Brain Juice|Find a way to call RL Stine without touching gross coins or a dirty phone receiver.|3684|23 Jul 2018 4:08:40 PM|7520|9696|77.56|Common|Bronze
3965|Shop Til You Drop… Dead!|Find a way inside the Mall.|3683|23 Jul 2018 4:05:44 PM|7729|9696|79.71|Common|Bronze
3965|Haunted Car|Convince your brother to give you a ride across town.|3682|23 Jul 2018 4:04:29 PM|7744|9696|79.87|Common|Bronze
3965|Be Afraid - Be Very Afraid!|Intimidate a very deadly creature.|3681|23 Jul 2018 4:03:08 PM|7953|9696|82.02|Common|Bronze
3965|You're Not Plant Food!|Narrowly escape defeat by wearing a talisman into the woods.|3680|23 Jul 2018 4:02:35 PM|8004|9696|82.55|Common|Bronze
3965|Elevator to Nowhere|Access the mysterious dimension from every possible angle.|3679|23 Jul 2018 4:00:24 PM|7684|9696|79.25|Common|Bronze
3965|I Was Your Evil Twin|Look into an antique mirror and do some self reflection.|3678|23 Jul 2018 3:58:36 PM|7758|9696|80.01|Common|Bronze
3965|How I Got my Shrunken Head|Solve a compression problem to reach the attic.|3677|23 Jul 2018 3:57:58 PM|7761|9696|80.04|Common|Silver
3965|The Ghost Next Door|See to the needs of the 3 unexpected guests.|3676|23 Jul 2018 3:54:33 PM|7785|9696|80.29|Common|Bronze
3965|It Came from the Internet!|Used modern technology to give the second Ghost Child his heart's desire.|3675|23 Jul 2018 3:54:33 PM|7580|9696|78.18|Common|Silver
3965|An Old Story's End|Evict an elderly intruder.|3674|23 Jul 2018 3:46:27 PM|8097|9696|83.51|Common|Bronze
3965|Invaders from the Big Screen|Tell Aunt Dahlia about your weekend plans|3673|23 Jul 2018 3:45:19 PM|7705|9696|79.47|Common|Silver
3965|It Came from Beneath the Sink!|Face what lies beneath the sink… and survive!|3672|23 Jul 2018 3:19:47 PM|8368|9696|86.3|Common|Bronze
3965|Welcome to Dead House|Complete Area 1 and return home.|3671|23 Jul 2018 3:05:37 PM|8855|9696|91.33|Common|Silver
3965|Good Hare Day|Place the Magician's Top Hat on its rightful owner.|3670|23 Jul 2018 2:56:24 PM|8132|9696|83.87|Common|Bronze
3965|Stay Out of the Forest|Find a way past the strange man in the woods.|3669|23 Jul 2018 2:53:48 PM|9022|9696|93.05|Common|Bronze
3965|Calling All Creeps!|Collect the cell phone from your school locker.|3668|23 Jul 2018 2:51:19 PM|9314|9696|96.06|Common|Bronze
3304|Number Nine Ticket|Get all other trophies in the game.|3667|21 Jul 2018 10:53:55 PM|30036|134944|22.26|Uncommon|Platinum
3304|Year 4|Spend four years in the Eighth Underworld.|3666|21 Jul 2018 10:53:55 PM|37206|134944|27.57|Uncommon|Gold
3304|The Right Way|Play the whole game with tank controls. Tim demanded this trophy.|3665|21 Jul 2018 10:53:37 PM|30472|134944|22.58|Uncommon|Gold
3304|"Manuel! Is everything okay?"|Play with the radio.|3664|21 Jul 2018 10:12:06 PM|36335|134944|26.93|Uncommon|Bronze
3304|"THAT'S NOT FUNNY!"|Crack a joke.|3663|21 Jul 2018 10:11:33 PM|32136|134944|23.81|Uncommon|Bronze
3304|"Oh, Lola..."|Revisit the place where you left Lola.|3662|21 Jul 2018 10:03:27 PM|35164|134944|26.06|Uncommon|Silver
3304|"...so large"|Meet the mechanics.|3661|21 Jul 2018 9:53:26 PM|33462|134944|24.8|Uncommon|Bronze
3304|"I could walk out out of this world and not look back..."|Hold to your commitments.|3660|21 Jul 2018 9:51:19 PM|36217|134944|26.84|Uncommon|Bronze
3304|"Happy trails, Captain."|See Chepito on his way.|3659|21 Jul 2018 9:51:07 PM|36886|134944|27.33|Uncommon|Bronze
3304|"I'm getting out of here. This world's for suckers."|See Bruno on his way.|3658|21 Jul 2018 9:49:55 PM|37902|134944|28.09|Uncommon|Bronze
3304|Year 3|Spend three years in the Eighth Underwold.|3657|21 Jul 2018 9:30:09 PM|38054|134944|28.2|Uncommon|Silver
3304|"Stop showing off for the girl!"|Try to beat Domino in a fair fight.|3656|21 Jul 2018 9:29:47 PM|31721|134944|23.51|Uncommon|Bronze
3304|"Okay, how much of this haven't you figured out, Calavera?"|Get Domino to explain the racket to you.|3655|21 Jul 2018 9:05:37 PM|38129|134944|28.26|Uncommon|Silver
3304|"IT'S A BUST-ALL!"|Talk to Chepito about his bartering tactics.|3654|21 Jul 2018 8:45:15 PM|37722|134944|27.95|Uncommon|Bronze
3304|"Save your breath..."|Try to explain to Meche.|3653|21 Jul 2018 8:39:57 PM|37477|134944|27.77|Uncommon|Bronze
3304|*sniff* *sniff*|Make the angelitos cry.|3652|21 Jul 2018 8:36:33 PM|38963|134944|28.87|Uncommon|Bronze
3304|"I wasn't always this color!"|Talk to Chepito about how long he's been down here.|3651|21 Jul 2018 8:29:44 PM|39014|134944|28.91|Uncommon|Bronze
3304|Year 2|Spend two years in the Eighth Underworld.|3650|21 Jul 2018 8:19:41 PM|40699|134944|30.16|Uncommon|Silver
3304|"ME, ME, ME-ME-ME!"|Chant with the bees.|3649|21 Jul 2018 8:14:41 PM|32539|134944|24.11|Uncommon|Bronze
3304|"Manny, we've given up. All of us."|Talk to Membrillo about why he's still here.|3648|21 Jul 2018 7:38:49 PM|44370|134944|32.88|Uncommon|Bronze
3304|"Here, let me hold that metal detector for you while you cry..."|Listen to Carla's whole story.|3647|21 Jul 2018 7:29:22 PM|36125|134944|26.77|Uncommon|Bronze
3304|"Oh Rusty Anchor"|Have Glottis sing you the rusty anchor song.|3646|21 Jul 2018 6:55:45 PM|32119|134944|23.8|Uncommon|Bronze
3304|"So, sorry, but I don't do... 'odd jobs.'"|Try to convince Verago to help you out.|3645|21 Jul 2018 6:44:20 PM|43888|134944|32.52|Uncommon|Bronze
3304|"We're straight stingers, you know?"|Talk to the worker bees about playing the game.|3644|21 Jul 2018 6:39:26 PM|45968|134944|34.06|Uncommon|Bronze
3304|"Consider it an homage."|Have Olivia recite one of your poems.|3643|21 Jul 2018 6:36:35 PM|40665|134944|30.13|Uncommon|Silver
3304|"Come to see how the big boys play, eh Manny?"|Visit with Maximino.|3642|21 Jul 2018 6:30:40 PM|39518|134944|29.28|Uncommon|Bronze
3304|"Oh, yeah, I could take you down..."|Try to convince Aitor to take you down to the wine cellar.|3641|21 Jul 2018 6:29:51 PM|41773|134944|30.96|Uncommon|Bronze
3304|"We are all citizens of the same nation, and our king rides a pale horse."|Try to get a passport from Chowchilla Charlie.|3640|21 Jul 2018 6:15:25 PM|47894|134944|35.49|Uncommon|Bronze
3304|"It shone, pale as bone..."|Look at the moon.|3639|21 Jul 2018 6:09:30 PM|37099|134944|27.49|Uncommon|Bronze
3304|"YOU'RE NOT EVEN LISTENING TO ME!!!"|Ask Lupe about her organizational system.|3638|21 Jul 2018 6:06:15 PM|48925|134944|36.26|Uncommon|Bronze
3304|"Well, maybe just a sip..."|Sample the Marillo de Oro.|3637|21 Jul 2018 6:04:48 PM|46112|134944|34.17|Uncommon|Bronze
3304|"Plus, we look good in these clothes!"|Talk to Glottis about leaving.|3636|21 Jul 2018 6:04:03 PM|48286|134944|35.78|Uncommon|Bronze
3304|"Great news -- we've discovered a new, secret talent of our tiny messengers!"|Catch up on how the pigeons are doing.|3635|21 Jul 2018 6:02:34 PM|39556|134944|29.31|Uncommon|Bronze
3304|Year 1|Spend a year in the Eighth Underworld.|3634|21 Jul 2018 5:59:18 PM|50408|134944|37.35|Uncommon|Silver
3304|"...Used to scream like a banshee when the trade winds blew..."|Ask Velasco about his eye patch.|3633|21 Jul 2018 5:54:54 PM|50238|134944|37.23|Uncommon|Bronze
3304|"We only have one mop."|Check your job qualifications with Celso.|3632|21 Jul 2018 5:52:28 PM|50249|134944|37.24|Uncommon|Bronze
3304|"The marrow of these trees, Manny, they suck it out, it's like cement!"|Ask Glottis about the tree farm.|3631|21 Jul 2018 5:28:12 PM|54749|134944|40.57|Uncommon|Bronze
3304|"Run you pigeons! It's Robert Frost!"|Try to intimidate the pigeons.|3630|21 Jul 2018 5:17:37 PM|41821|134944|30.99|Uncommon|Bronze
3304|"'ARROGANT FRAUD' doesn't work."|Try to guess Domino's password a few times.|3629|21 Jul 2018 5:13:47 PM|48232|134944|35.74|Uncommon|Silver
3304|"Precisamente, amigo."|Learn of a nefarious plot.|3628|21 Jul 2018 5:07:41 PM|61597|134944|45.65|Uncommon|Bronze
3304|"Join or Die! Again!"|Receive a message from Eva.|3627|21 Jul 2018 5:06:42 PM|61649|134944|45.68|Uncommon|Bronze
3304|"Well, I could do something bad right now if that would help."|Try to dig up some dirt on Meche.|3626|21 Jul 2018 5:04:03 PM|64182|134944|47.56|Uncommon|Bronze
3304|"I squeezed down one of these tubes, like a pixie!"|Talk to Brennis about how he got to the machine.|3625|21 Jul 2018 4:58:52 PM|68347|134944|50.65|Common|Bronze
3304|"Lousy bony fingers!"|Get the balloon twister to pop a ballon.|3624|21 Jul 2018 4:48:30 PM|89413|134944|66.26|Common|Bronze
3304|"Scaring the living is technically against the rules, but we all do it."|Scare the living a few times.|3623|21 Jul 2018 4:37:42 PM|60887|134944|45.12|Uncommon|Bronze
3304|"It's like I'm not happy unless I'm breathing in the thick, black, nauseating fumes..."|Talk to Glottis about cravings.|3622|21 Jul 2018 4:30:30 PM|57219|134944|42.4|Uncommon|Bronze
3304|"Gets the aggressions out, doesn't it?"|Use the hole punch.|3621|21 Jul 2018 4:26:46 PM|83997|134944|62.25|Common|Bronze
3304|"What I did back in the fat days is none of your business. You know the rules."|Talk to Eva about how she got stuck here.|3620|21 Jul 2018 4:26:13 PM|97162|134944|72.0|Common|Bronze
6637|Eye of the Storm|Collect all other trophies.|3619|20 Jul 2018 8:09:16 PM|3215|3398|94.61|Common|Platinum
6637|The End|Fin.|3618|20 Jul 2018 8:09:16 PM|3231|3398|95.09|Common|Gold
6637|Energy Room|Have a rest. Now carry on.|3617|20 Jul 2018 7:49:20 PM|3232|3398|95.11|Common|Gold
6637|Lava Forever|Heatwave.|3616|20 Jul 2018 7:30:12 PM|3242|3398|95.41|Common|Silver
6637|Secret Pipe|Oldest trick in the book.|3615|20 Jul 2018 7:18:24 PM|3228|3398|95.0|Common|Gold
6637|End of the Tunnel|Explore the dead end.|3614|20 Jul 2018 7:15:35 PM|3259|3398|95.91|Common|Gold
6637|Laser Survivor|Making light of the situation.|3613|20 Jul 2018 7:09:57 PM|3257|3398|95.85|Common|Silver
6637|Running into Walls|Sometimes, a hidden passage opens up.|3612|20 Jul 2018 7:06:00 PM|3241|3398|95.38|Common|Gold
6637|Death From Above|Should’ve kept an eye out.|3611|20 Jul 2018 7:01:27 PM|3267|3398|96.14|Common|Silver
6637|Bottom of the Pool|Darkest depths.|3610|20 Jul 2018 6:53:22 PM|3256|3398|95.82|Common|Gold
6637|Jump for Fun|Raindrops keep fallin’ on my head.|3609|20 Jul 2018 6:44:55 PM|3291|3398|96.85|Common|Gold
6637|Shock Therapy|It’ll learn.|3608|20 Jul 2018 6:27:37 PM|3313|3398|97.5|Common|Gold
6637|Spiderbot|Spider-bot, spider-bot…|3607|20 Jul 2018 6:17:52 PM|3278|3398|96.47|Common|Gold
6637|Boogie Time|Just dance.|3606|20 Jul 2018 6:11:19 PM|3347|3398|98.5|Common|Silver
6637|Wreckage|No way back.|3605|20 Jul 2018 6:11:03 PM|3291|3398|96.85|Common|Silver
7854|Platinum Destronaut|Get all the trophies|3604|20 Jul 2018 5:57:22 PM|732|745|98.26|Common|Platinum
7854|Countdown|Reach 10K in Time Attack Mode|3603|20 Jul 2018 5:57:22 PM|738|745|99.06|Common|Gold
7854|Saving the galaxy|Reach 1K in Hardcore Mode|3602|20 Jul 2018 5:55:31 PM|737|745|98.93|Common|Gold
7854|Challenge me|Complete 12 challenges|3601|20 Jul 2018 5:53:37 PM|733|745|98.39|Common|Gold
7854|Mastering challenges|Complete 6 challenges|3600|20 Jul 2018 5:43:19 PM|737|745|98.93|Common|Gold
7854|I like challenges|Complete 3 challenges|3599|20 Jul 2018 5:41:50 PM|741|745|99.46|Common|Gold
7854|Up for a challenge|Complete 1 challenge|3598|20 Jul 2018 5:39:55 PM|743|745|99.73|Common|Gold
7854|Excellent|Reach to 100K points in Classic Mode|3597|20 Jul 2018 5:39:09 PM|736|745|98.79|Common|Gold
7854|Working hard|Reach to 50K points in Classic Mode|3596|20 Jul 2018 5:39:07 PM|739|745|99.19|Common|Gold
7854|Well done|Reach to 25K points in Classic Mode|3595|20 Jul 2018 5:39:05 PM|742|745|99.6|Common|Gold
7854|Changing weapons|Kill 1 special red enemy|3594|20 Jul 2018 5:35:55 PM|744|745|99.87|Common|Gold
7854|The whole crew was lost|Die once|3593|20 Jul 2018 5:35:28 PM|744|745|99.87|Common|Silver
7854|Persistent|Hit one of the grey enemies|3592|20 Jul 2018 5:35:01 PM|744|745|99.87|Common|Gold
7854|Starter|Kill 1 enemy|3591|20 Jul 2018 5:34:56 PM|744|745|99.87|Common|Silver
7852|Platinum Destronaut|Get all the trophies|3590|20 Jul 2018 5:19:34 PM|1702|1735|98.1|Common|Platinum
7852|Countdown|Reach 10K in Time Attack Mode|3589|20 Jul 2018 5:19:34 PM|1716|1735|98.9|Common|Gold
7852|Challenge me|Complete 12 challenges|3588|20 Jul 2018 5:17:20 PM|1710|1735|98.56|Common|Gold
7852|Excellent|Reach to 100K points in Classic Mode|3587|20 Jul 2018 5:08:53 PM|1711|1735|98.62|Common|Gold
7852|Well done|Reach to 25K points in Classic Mode|3586|20 Jul 2018 5:08:52 PM|1714|1735|98.79|Common|Gold
7852|Working hard|Reach to 50K points in Classic Mode|3585|20 Jul 2018 5:08:52 PM|1712|1735|98.67|Common|Gold
7852|Saving the galaxy|Reach 1K in Hardcore Mode|3584|20 Jul 2018 5:04:07 PM|1714|1735|98.79|Common|Gold
7852|The whole crew was lost|Die once|3583|20 Jul 2018 5:00:13 PM|1729|1735|99.65|Common|Silver
7852|Mastering challenges|Complete 6 challenges|3582|20 Jul 2018 4:59:03 PM|1715|1735|98.85|Common|Gold
7852|I like challenges|Complete 3 challenges|3581|20 Jul 2018 4:57:02 PM|1718|1735|99.02|Common|Gold
7852|Changing weapons|Kill 1 special red enemy|3580|20 Jul 2018 4:55:38 PM|1727|1735|99.54|Common|Gold
7852|Up for a challenge|Complete 1 challenge|3579|20 Jul 2018 4:54:26 PM|1721|1735|99.19|Common|Gold
7852|Persistent|Hit one of the grey enemies|3578|20 Jul 2018 4:54:11 PM|1728|1735|99.6|Common|Gold
7852|Starter|Kill 1 enemy|3577|20 Jul 2018 4:54:03 PM|1729|1735|99.65|Common|Silver
7073|Platinum Midnight|Become a master collector|3576|19 Jul 2018 8:38:07 PM|4621|5508|83.9|Common|Platinum
7073|So close|Die with 35 fragments|3575|19 Jul 2018 8:38:07 PM|4746|5508|86.17|Common|Gold
7073|The greatest gift|Get 36 fragments|3574|19 Jul 2018 8:30:35 PM|4805|5508|87.24|Common|Gold
7073|The fastest one|Get 36 fragments in less than 6 Min|3573|19 Jul 2018 8:30:35 PM|4636|5508|84.17|Common|Gold
7073|Super fast|Get 36 fragments in less than 10 Min|3572|19 Jul 2018 8:30:35 PM|4791|5508|86.98|Common|Gold
7073|That IS bad luck|Die with 36 fragments|3571|19 Jul 2018 8:21:03 PM|4822|5508|87.55|Common|Gold
7073|Only the half left|Get 18 fragments|3570|19 Jul 2018 8:09:48 PM|5270|5508|95.68|Common|Gold
7073|Stuned|Die by a laser|3569|19 Jul 2018 7:57:32 PM|5477|5508|99.44|Common|Gold
7073|Cutted in half|Die by a saw|3568|19 Jul 2018 7:57:11 PM|5483|5508|99.55|Common|Gold
7073|At least you tried|Die with only 1 fragments|3567|19 Jul 2018 7:56:51 PM|5461|5508|99.15|Common|Gold
7073|Squared unicorn|Die by a spike|3566|19 Jul 2018 7:56:50 PM|5473|5508|99.36|Common|Gold
7073|Baby steps|Get 1 fragments|3565|19 Jul 2018 7:56:43 PM|5492|5508|99.71|Common|Gold
3774|Sky Clad Observer|Unlocked all trophies.|3564|19 Jul 2018 7:31:17 PM|2318|6169|37.57|Uncommon|Platinum
3774|100% CG Achievement|Unlocked all CGs.|3563|19 Jul 2018 7:31:17 PM|2365|6169|38.34|Uncommon|Silver
3774|All Worldlines Complete|Completed all endings.|3562|19 Jul 2018 7:29:45 PM|2486|6169|40.3|Uncommon|Gold
3774|Open The Steins Gate|Reached Steins Gate.|3561|19 Jul 2018 7:29:19 PM|2585|6169|41.9|Uncommon|Gold
3774|Paradox Meltdown|Reached Kurisu's ending.|3560|19 Jul 2018 7:16:04 PM|2574|6169|41.72|Uncommon|Silver
3774|Froggy Fad Demise|[Phone Trigger] Received all Gero Froggy wallpapers.|3559|19 Jul 2018 6:50:13 PM|2404|6169|38.97|Uncommon|Silver
3774|Cat's Tea Time|[Phone Trigger] Offered tea by Faris.|3558|19 Jul 2018 5:31:05 PM|2609|6169|42.29|Uncommon|Bronze
3774|Genius Girl's Melancholy|Made friends with Kurisu via email.|3557|19 Jul 2018 5:29:32 PM|2730|6169|44.25|Uncommon|Silver
3774|Stardust Sky|Reached Mayuri's ending.|3556|19 Jul 2018 5:11:51 PM|2675|6169|43.36|Uncommon|Silver
3774|Endless Apoptosis|Chapter 9 Clear|3555|19 Jul 2018 5:05:53 PM|2789|6169|45.21|Uncommon|Bronze
3774|75% CG Achievement|Unlocked 75% of CGs.|3554|19 Jul 2018 6:47:37 AM|2792|6169|45.26|Uncommon|Silver
3774|Link of Corruption and Rebirth|Reached Luka's ending.|3553|19 Jul 2018 6:39:50 AM|2753|6169|44.63|Uncommon|Silver
3774|Fractal Androgynous|Chapter 8 Clear|3552|19 Jul 2018 6:33:56 AM|2803|6169|45.44|Uncommon|Bronze
3774|Made in Complex|Chapter 7 Clear|3551|19 Jul 2018 4:56:00 AM|2834|6169|45.94|Uncommon|Bronze
3774|Isolated Jamais Vu|Reached Faris's ending.|3550|19 Jul 2018 2:18:31 AM|2806|6169|45.49|Uncommon|Silver
3774|Metaphysics Necrosis|Chapter 6 Clear|3549|18 Jul 2018 8:29:36 PM|2904|6169|47.07|Uncommon|Bronze
3774|Irreversible Reboot|Reached Suzuha's ending.|3548|17 Jul 2018 6:23:59 AM|2999|6169|48.61|Uncommon|Silver
3774|Message of Oblivion|[Phone Trigger] Cleared someone's mail without reading it.|3547|17 Jul 2018 6:23:56 AM|2908|6169|47.14|Uncommon|Bronze
3774|50% CG Achievement|Unlocked 50% of CGs.|3546|17 Jul 2018 5:03:07 AM|3094|6169|50.15|Common|Silver
3774|Dogma in Event Horizon|Chapter 5 Clear|3545|17 Jul 2018 2:40:14 AM|3144|6169|50.96|Common|Bronze
3774|Songs of Chaos|[Phone Trigger] Received 4 songs from a chaotic head.|3544|17 Jul 2018 2:36:16 AM|2401|6169|38.92|Uncommon|Silver
3774|Princesses of Chaos|[Phone Trigger] Received 3 wallpapers of characters from a chaotic head.|3543|17 Jul 2018 2:34:03 AM|2500|6169|40.53|Uncommon|Silver
3774|Passions Best Forgotten|[Phone Trigger] Learned why Mayuri started making costumes.|3542|17 Jul 2018 2:32:15 AM|2750|6169|44.58|Uncommon|Bronze
3774|Chaos Theory Homeostasis|Chapter 4 Clear|3541|17 Jul 2018 2:27:48 AM|3229|6169|52.34|Common|Bronze
3774|Hero of RaiNet|[Phone Trigger] Received all 13 RaiNet episode summaries.|3540|17 Jul 2018 2:25:56 AM|2387|6169|38.69|Uncommon|Silver
3774|Discontinuous Qualia|[Phone Trigger] Asked by Kurisu to buy cup noodles twice in a row.|3539|17 Jul 2018 2:17:49 AM|2659|6169|43.1|Uncommon|Bronze
3774|25% CG Achievement|Unlocked 25% of CGs.|3538|17 Jul 2018 2:14:22 AM|3277|6169|53.12|Common|Silver
3774|Warrior Girl's Pride|[Phone Trigger] Received an unusual proposition from Suzuha.|3537|16 Jul 2018 8:27:34 PM|2871|6169|46.54|Uncommon|Bronze
3774|Butterfly Effect's Divergence|Chapter 3 Clear|3536|16 Jul 2018 8:14:20 PM|3390|6169|54.95|Common|Bronze
3774|Identity of Complete Isolation|[Phone Trigger] Ignored a phone call.|3535|16 Jul 2018 8:13:32 PM|3348|6169|54.27|Common|Bronze
3774|Interpreter Rendezvous|Chapter 2 Clear|3534|16 Jul 2018 6:59:11 PM|3584|6169|58.1|Common|Bronze
3774|Cruel Sister|Learned about Luka's relationship to his sister.|3533|16 Jul 2018 6:50:23 PM|2780|6169|45.06|Uncommon|Bronze
3774|Time Travel Paranoia|Chapter 1 Clear|3532|16 Jul 2018 5:35:40 PM|4029|6169|65.31|Common|Bronze
3774|RaiNet's Mascot|[Phone Trigger] Received 2 Upa wallpapers.|3531|16 Jul 2018 4:43:13 PM|3267|6169|52.96|Common|Silver
3774|Resonant Reaction|[Phone Trigger] Replied to an email.|3530|15 Jul 2018 4:54:48 AM|4521|6169|73.29|Common|Bronze
3774|Homerun-level Clumsiness|Made 10 mistakes while attempting to set the PhoneWave (name subject to change)'s timer.|3529|15 Jul 2018 2:51:15 AM|3381|6169|54.81|Common|Silver
3774|Memories of the Self|[Phone Trigger] Viewed email send history at least once.|3528|14 Jul 2018 8:28:36 PM|4706|6169|76.28|Common|Bronze
3774|First Sound|[Phone Trigger] Changed ringtone.|3527|14 Jul 2018 8:19:54 PM|4463|6169|72.35|Common|Bronze
3774|Vision Projection|[Phone Trigger] Changed phone wallpaper.|3526|14 Jul 2018 8:19:05 PM|4464|6169|72.36|Common|Bronze
3774|Memories of Another|[Phone Trigger] Read an email.|3525|14 Jul 2018 8:18:01 PM|4821|6169|78.15|Common|Bronze
3774|Prologue of the Beginning and the End|Prologue Clear|3524|14 Jul 2018 8:16:08 PM|5186|6169|84.07|Common|Bronze
3774|The Choice of Steins Gate|Started Steins;Gate.|3523|14 Jul 2018 8:02:33 PM|6112|6169|99.08|Common|Bronze
6964|Captain Planet|… and Fay wept quietly|3522|14 Jul 2018 7:25:10 PM|316|415|76.14|Common|Bronze
6964|Animal lover|No animals were harmed in the making of this game!|3521|14 Jul 2018 7:17:37 PM|314|415|75.66|Common|Gold
6964|A bond for life|Force your luck|3520|14 Jul 2018 7:02:47 PM|316|415|76.14|Common|Bronze
6964|Freestyler|Prove your street cred|3519|14 Jul 2018 6:57:34 PM|316|415|76.14|Common|Bronze
6964|Tease the dragon|I thought you couldn't die here?|3518|14 Jul 2018 6:56:12 PM|316|415|76.14|Common|Silver
6964|Huzzah put balls to the wall|After them!|3517|14 Jul 2018 6:48:14 PM|320|415|77.11|Common|Bronze
6964|Pre-paradox|Back to the future|3516|14 Jul 2018 6:40:21 PM|318|415|76.63|Common|Bronze
6964|Family drama|Darth Vader is Luke Skywalker's father!|3515|14 Jul 2018 6:31:34 PM|321|415|77.35|Common|Bronze
6964|Supercool|Make a fool of yourself|3514|14 Jul 2018 6:26:09 PM|319|415|76.87|Common|Gold
6964|Animal husbandry|Catch 'em all!|3513|14 Jul 2018 6:19:09 PM|321|415|77.35|Common|Silver
6964|Egg race|No egg on your face|3512|14 Jul 2018 5:57:52 PM|323|415|77.83|Common|Silver
6964|Shut up, Simon!|Training is for losers!|3511|14 Jul 2018 5:54:00 PM|323|415|77.83|Common|Silver
6964|What women want|Survive the interview|3510|14 Jul 2018 4:46:50 PM|330|415|79.52|Common|Silver
6964|Collecting agent|Collecting agent|3509|14 Jul 2018 4:39:39 PM|327|415|78.8|Common|Gold
6964|Garden work|Is it Easter already?|3508|14 Jul 2018 4:38:35 PM|331|415|79.76|Common|Silver
6964|Deponia Idol|The Droggeljug searches for the supersinger|3507|12 Jul 2018 8:33:08 PM|329|415|79.28|Common|Silver
6964|T-415411293|I'll be back!|3506|12 Jul 2018 8:30:38 PM|329|415|79.28|Common|Silver
6964|With love from Porta Fisco|Expert in platypus poetry|3505|12 Jul 2018 8:00:06 PM|335|415|80.72|Common|Silver
6964|All mine!|Omnomnom! Nomnomnomnomnomnom!|3504|12 Jul 2018 7:52:19 PM|335|415|80.72|Common|Bronze
6964|Bloody nose|Rake up another achievement!|3503|12 Jul 2018 7:30:46 PM|336|415|80.96|Common|Silver
6964|Endurance test|These foreign models are junk.|3502|12 Jul 2018 7:25:55 PM|337|415|81.2|Common|Silver
6964|Lollipop or love?|Set priorities|3501|12 Jul 2018 5:56:25 PM|348|415|83.86|Common|Bronze
6964|Cheater|I see what you did there...|3500|12 Jul 2018 5:35:57 PM|344|415|82.89|Common|Silver
6964|Huzzah with booze and so forth|Rube Goldberg can pack up and go home|3499|12 Jul 2018 4:48:51 PM|368|415|88.67|Common|Bronze
6964|Blow job|Actually, that would have been Toni's job...|3498|12 Jul 2018 4:41:33 PM|361|415|86.99|Common|Bronze
6964|Huzzah – once more from the top|I didn't do anything?!|3497|12 Jul 2018 4:30:04 PM|381|415|91.81|Common|Bronze
6053|Full Throttle|Unlock all trophies|3496|10 Jul 2018 3:04:04 AM|5081|6986|72.73|Common|Platinum
6053|Thank No Cats|Watch the bunnies overtake the credits|3495|10 Jul 2018 3:04:04 AM|5415|6986|77.51|Common|Bronze
6053|Can't Beat a Corley|Send up a gorge-ous death for Ripburger|3494|10 Jul 2018 2:49:22 AM|5685|6986|81.38|Common|Gold
6053|Burger Well Done|Defeat Ripburger without dying|3493|10 Jul 2018 2:49:22 AM|5169|6986|73.99|Common|Gold
6053|LOOMing Seagull|Kill the LOOM Seagull|3492|10 Jul 2018 2:48:07 AM|5385|6986|77.08|Common|Bronze
6053|Now Boarding|Get Ripburger into the plane|3491|10 Jul 2018 2:44:03 AM|5694|6986|81.51|Common|Silver
6053|Rabbit Ragu|Dice a rabbit in the engine fan|3490|10 Jul 2018 2:42:38 AM|5417|6986|77.54|Common|Silver
6053|Burger Melt|Melt Ripburger's vision of the future|3489|10 Jul 2018 2:40:08 AM|5708|6986|81.71|Common|Bronze
6053|Wisecrack|Kick the crack to open the secret passage|3488|10 Jul 2018 2:37:39 AM|5718|6986|81.85|Common|Bronze
6053|What A Pain Threshold!|Make the Boom Boom Bros go boom|3487|10 Jul 2018 2:31:38 AM|5724|6986|81.94|Common|Silver
6053|Taut a Lesson|Talk your way out of getting quartered|3486|10 Jul 2018 2:20:44 AM|5748|6986|82.28|Common|Bronze
6053|Hare Trigger|Sacrifice bunnies to get through the minefield|3485|10 Jul 2018 2:19:25 AM|5748|6986|82.28|Common|Silver
6053|Invasion of the Bunny Snatcher|Snatch the bunny|3484|9 Jul 2018 8:44:25 PM|5772|6986|82.62|Common|Bronze
6053|Pull a Fast One|Get the battery from the minefield|3483|9 Jul 2018 8:40:21 PM|5774|6986|82.65|Common|Bronze
6053|Pure Evel|Launch over Poyahoga Gorge|3482|9 Jul 2018 8:35:02 PM|5836|6986|83.54|Common|Silver
6053|The Spirit of Ricky Myran|Escape with Ricky's ramp|3481|9 Jul 2018 8:33:42 PM|5858|6986|83.85|Common|Bronze
6053|Gogglor|Use the Cavefish goggles to locate their lair|3480|9 Jul 2018 8:30:17 PM|5885|6986|84.24|Common|Bronze
6053|A Fistful of Fertilizer|Get the chainsaw with the fertilizer|3479|9 Jul 2018 8:11:20 PM|5775|6986|82.67|Common|Silver
6053|Torque Talk|Consume Father Torque's wisdom|3478|9 Jul 2018 8:03:29 PM|5979|6986|85.59|Common|Silver
6053|Fertilized|Use the fertilizer to spin out Nestor and Bolus|3477|9 Jul 2018 7:56:20 PM|5941|6986|85.04|Common|Bronze
6053|Hosed|Get a hose to fix your bike|3476|9 Jul 2018 7:48:57 PM|6081|6986|87.05|Common|Bronze
6053|Hard Tale|Look at the pic of Maureen and Malcom fixing hard tail|3475|9 Jul 2018 7:48:12 PM|5360|6986|76.72|Common|Silver
6053|A New Hope|Grab the Fake ID from Miranda|3474|9 Jul 2018 7:46:39 PM|6123|6986|87.65|Common|Bronze
6053|I Can Do That|Play a game of five finger fillet|3473|9 Jul 2018 7:43:51 PM|5405|6986|77.37|Common|Silver
6053|News to Me|Watch the entire news broadcast|3472|9 Jul 2018 7:41:10 PM|5349|6986|76.57|Common|Bronze
6053|Unnatural Causes|Listen to Malcolm's last words|3471|9 Jul 2018 7:36:22 PM|6169|6986|88.31|Common|Silver
6053|Right in the Junk|Recover the forks from the junkyard|3470|9 Jul 2018 7:31:49 PM|6228|6986|89.15|Common|Bronze
6053|OK, I'll Put My Lips on That|Siphon gas from Floyd|3469|9 Jul 2018 7:25:10 PM|6272|6986|89.78|Common|Bronze
6053|Annoyed Floyd|Hide from Floyd|3468|9 Jul 2018 7:16:24 PM|6301|6986|90.19|Common|Bronze
6053|Not So Tough After All|Pick the lock to the tower|3467|9 Jul 2018 7:14:22 PM|6368|6986|91.15|Common|Silver
6053|Carry the Torch|Retrieve Mo's welding torch|3466|9 Jul 2018 7:12:43 PM|6341|6986|90.77|Common|Bronze
6053|Trailer Trashed|Kick in the trailer door|3465|9 Jul 2018 7:11:37 PM|6435|6986|92.11|Common|Bronze
6053|Angels with Dirty Faces|Keep talking to Todd|3464|9 Jul 2018 7:08:57 PM|5311|6986|76.02|Common|Bronze
6053|Minking Memories|Check out the photo of Uncle Pete|3463|9 Jul 2018 7:03:45 PM|6470|6986|92.61|Common|Silver
6053|Know Mo|Finish all of Mo's initial dialog|3462|9 Jul 2018 7:03:18 PM|6145|6986|87.96|Common|Silver
6053|A-Number One Polecat Honcho|Take out the first Rottwheeler|3461|9 Jul 2018 6:58:38 PM|6600|6986|94.47|Common|Bronze
6053|Burn-In Rubber|Save your screen from burn-in with 3D animated vehicles|3460|9 Jul 2018 6:51:25 PM|5820|6986|83.31|Common|Bronze
6053|Ring Pull|Get your keys from the bartender|3459|9 Jul 2018 6:48:54 PM|6636|6986|94.99|Common|Silver
6053|Not Puttin' My Lips on That|Keep Your Lips Off of 10 Objects|3458|9 Jul 2018 6:47:53 PM|6032|6986|86.34|Common|Silver
6053|One Final Offer...|Accept Ripburger's Final Offer|3457|9 Jul 2018 6:41:55 PM|6695|6986|95.83|Common|Bronze
4239|LEVEL 22|Get to your office|3456|9 Jul 2018 5:53:08 PM|2310|7457|30.98|Uncommon|Bronze
4239|OV40|Complete the puzzle of OV40|3455|9 Jul 2018 5:46:15 PM|2155|7457|28.9|Uncommon|Bronze
4239|KAWAIMON|Find the figurine of Kawaimon|3454|9 Jul 2018 5:37:36 PM|2268|7457|30.41|Uncommon|Bronze
4239|GWENN|Find the figurine of Gwenn|3453|9 Jul 2018 5:24:22 PM|2224|7457|29.82|Uncommon|Bronze
4239|TOREE|Find the figurine of Toree|3452|9 Jul 2018 5:08:42 PM|2302|7457|30.87|Uncommon|Bronze
4239|TONORO|Find the figurine of Tonoro|3451|9 Jul 2018 4:59:05 PM|2350|7457|31.51|Uncommon|Bronze
4239|DRALOUX|Find the figurine of Draloux|3450|9 Jul 2018 2:10:55 AM|2467|7457|33.08|Uncommon|Bronze
4239|GNITH|Complete the puzzle of Gnith|3449|9 Jul 2018 1:59:29 AM|2215|7457|29.7|Uncommon|Bronze
4239|LUCA|Find the figurine of Luca|3448|9 Jul 2018 1:51:58 AM|2501|7457|33.54|Uncommon|Bronze
4239|FRANCOIS|Find the figurine of François|3447|9 Jul 2018 1:28:05 AM|2682|7457|35.97|Uncommon|Bronze
4239|PHILIPPE|Find the figurine of Philippe|3446|9 Jul 2018 1:21:20 AM|2852|7457|38.25|Uncommon|Bronze
4239|HYPER FEAT BOY|Find the figurine of Hyper Feat Boy|3445|8 Jul 2018 11:25:23 PM|2888|7457|38.73|Uncommon|Bronze
4239|MISTER OVERYLD|Complete the puzzle of Mister Overyld|3444|8 Jul 2018 11:23:35 PM|2480|7457|33.26|Uncommon|Bronze
4239|BLENDER|Find the figurine of Blender|3443|8 Jul 2018 8:27:37 PM|2980|7457|39.96|Uncommon|Bronze
4239|SMOKE BOY|Find the figurine of Smoke Boy|3442|8 Jul 2018 8:10:40 PM|3160|7457|42.38|Uncommon|Bronze
4239|JULIAN|Find the figurine of Julian|3441|8 Jul 2018 8:06:58 PM|3063|7457|41.08|Uncommon|Bronze
4239|SOLID SMACK|Find the figurine of Solid Smack|3440|8 Jul 2018 7:57:19 PM|3683|7457|49.39|Uncommon|Bronze
4239|MISTER PEPPER|Complete the puzzle of Mister Pepper|3439|8 Jul 2018 7:51:19 PM|2878|7457|38.59|Uncommon|Bronze
4239|WHEEL A|Find the figurine of Wheel A|3438|8 Jul 2018 7:44:36 PM|4317|7457|57.89|Common|Bronze
4239|CLAWVERINE|Find the figurine of Clawverine|3437|8 Jul 2018 7:30:42 PM|5097|7457|68.35|Common|Bronze
4239|THE DARK BAT|Find the figurine of the Dark Bat|3436|8 Jul 2018 7:24:54 PM|6543|7457|87.74|Common|Bronze
5556|Deponia unlocked!|Complete every trophy of the game.|3435|8 Jul 2018 7:08:25 PM|4847|8346|58.08|Common|Platinum
5556|Hussa - The Chorus-Guys Rule!|Finish Deponia!|3434|8 Jul 2018 7:08:25 PM|5064|8346|60.68|Common|Gold
5556|Loving The Truth|Say, Goal...|3433|8 Jul 2018 7:05:16 PM|5002|8346|59.93|Common|Silver
5556|History of Deponia|Inform yourself explicitly about Deponia.|3432|8 Jul 2018 6:30:25 PM|4937|8346|59.15|Common|Silver
5556|Paradox|Meet yourself.|3431|8 Jul 2018 6:28:33 PM|4980|8346|59.67|Common|Gold
5556|Gourmet|A true gourmet is not afraid to try something new!|3430|8 Jul 2018 6:20:42 PM|4942|8346|59.21|Common|Gold
5556|Lever lover|These levers just HAVE to make some sense.|3429|8 Jul 2018 6:16:44 PM|4969|8346|59.54|Common|Bronze
5556|Hussa - Get On With The Plot!|And so the journey continues...|3428|8 Jul 2018 6:11:29 PM|5137|8346|61.55|Common|Silver
5556|Master Of Switches|Help? Just to adjust a few switches? Well, you can count me out!|3427|8 Jul 2018 6:09:53 PM|5103|8346|61.14|Common|Gold
5556|Newton would be proud|Lets see... what else could I invert?|3426|8 Jul 2018 6:50:39 AM|5028|8346|60.24|Common|Silver
5556|DIY'er|I can assemble that all on my own.|3425|7 Jul 2018 8:30:51 PM|5122|8346|61.37|Common|Gold
5556|Hussa - Who's gonna care?|Finally made it out of Kuvaq.|3424|7 Jul 2018 8:20:46 PM|5258|8346|63.0|Common|Silver
5556|Missing Postage|What do you mean “not enough postage“?|3423|7 Jul 2018 7:59:03 PM|5092|8346|61.01|Common|Gold
5556|That seems about right...|I can sort my pigeons without your help.|3422|7 Jul 2018 7:57:06 PM|5116|8346|61.3|Common|Gold
5556|Stand-In Waiter|Did someone order an Espresso?|3421|7 Jul 2018 7:40:03 PM|5443|8346|65.22|Common|Gold
5556|Demolition Expert|A good demolition expert doesn't need a second try.|3420|7 Jul 2018 7:22:34 PM|5222|8346|62.57|Common|Gold
5556|Bullseye|Always keep an eye on your target.|3419|7 Jul 2018 6:37:02 PM|6220|8346|74.53|Common|Silver
5556|Brushhunter|Good tooth care is important.|3418|7 Jul 2018 6:19:00 PM|6635|8346|79.5|Common|Silver
5556|Kindergarten|Learn the first steps.|3417|7 Jul 2018 5:55:09 PM|7209|8346|86.38|Common|Bronze
5531|My Name is Mayo!|Unlock all the trophies!|3416|7 Jul 2018 5:34:47 PM|43704|45221|96.65|Common|Platinum
5531|What do we do now?|Unlock all the rewards!|3415|7 Jul 2018 5:34:47 PM|43712|45221|96.66|Common|Gold
5531|I am Mayonnaise!|Talking about life. (10 hits, follow the life)|3414|7 Jul 2018 5:34:47 PM|44137|45221|97.6|Common|Bronze
5531|Talking about life|Philosophy. (10 hits, follow the life)|3413|7 Jul 2018 5:34:29 PM|44167|45221|97.67|Common|Bronze
5531|Philosophy|Part of life. (10 hits, follow the life)|3412|7 Jul 2018 5:34:12 PM|44194|45221|97.73|Common|Bronze
5531|Part of life|Muscles. (10 hits, follow the life)|3411|7 Jul 2018 5:34:00 PM|44212|45221|97.77|Common|Bronze
5531|Muscles|Move. (10 hits, follow the life)|3410|7 Jul 2018 5:33:40 PM|44233|45221|97.82|Common|Bronze
5531|Move|Just kidding... (10 hits, follow the life)|3409|7 Jul 2018 5:33:18 PM|44258|45221|97.87|Common|Bronze
5531|Just kidding...|The Box of Love. (10 hits, follow the life)|3408|7 Jul 2018 5:33:06 PM|44366|45221|98.11|Common|Bronze
5531|The Box of Love|Something important. (10 hits, follow the life)|3407|7 Jul 2018 5:32:52 PM|44557|45221|98.53|Common|Bronze
5531|A Mime?|In the end... (Hit this 50 times)|3406|7 Jul 2018 5:32:13 PM|44036|45221|97.38|Common|Gold
5531|Support!|While my guitar gently weeps. (Hit this 300 times)|3405|7 Jul 2018 5:31:52 PM|44072|45221|97.46|Common|Bronze
5531|Glam Rock|Follow in his footsteps. (Hit this 100 times)|3404|7 Jul 2018 5:30:55 PM|44132|45221|97.59|Common|Bronze
5531|Best Seller|It's not a phase, it's who I am! (Hit this 10 times)|3403|7 Jul 2018 5:30:24 PM|44166|45221|97.67|Common|Bronze
5531|Identity issues...|Old fashioned and boring. (Hit this 200 times)|3402|7 Jul 2018 5:30:07 PM|44202|45221|97.75|Common|Bronze
5531|Ordinary|Daddy issues. (Hit this 100 times)|3401|7 Jul 2018 5:29:22 PM|44314|45221|97.99|Common|Bronze
5531|Dad|Like that old time Rock and Roll! (Hit this 50 times)|3400|7 Jul 2018 5:28:56 PM|44396|45221|98.18|Common|Bronze
5531|Rock Star!|Young soul. (Hit this 10 times)|3399|7 Jul 2018 5:28:32 PM|44605|45221|98.64|Common|Bronze
5531|I'm just a mayo.|Flipped. (Hit this 500 times)|3398|7 Jul 2018 5:27:47 PM|44003|45221|97.31|Common|Bronze
5531|Vanished...|Screw that. (Hit this 300 times)|3397|7 Jul 2018 5:26:16 PM|44074|45221|97.46|Common|Bronze
5531|Screwed|Drink coffee. (Hit this 150 times)|3396|7 Jul 2018 5:25:04 PM|44122|45221|97.57|Common|Bronze
5531|Catch my cold!|Slap that cheese! (Hit this 250 times)|3395|7 Jul 2018 5:24:27 PM|44147|45221|97.62|Common|Bronze
5531|Cheesy Rap|Drop the bombshell! (Hit this 50 times)|3394|7 Jul 2018 5:23:25 PM|44233|45221|97.82|Common|Bronze
5531|Blonde bombshell!|Zzz... (Hit this 150 times)|3393|7 Jul 2018 5:23:01 PM|44265|45221|97.89|Common|Bronze
5531|Z's|Furry Rain. (Hit this 100 times)|3392|7 Jul 2018 5:22:04 PM|44351|45221|98.08|Common|Bronze
5531|Rain|Spin the yarn. (Hit this 50 times)|3391|7 Jul 2018 5:21:30 PM|44520|45221|98.45|Common|Bronze
5531|Elephant fun times!|Feline Ketchup. (Hit this 500 times)|3390|7 Jul 2018 5:17:20 PM|44016|45221|97.34|Common|Gold
5531|Red Cheetah|Red Mayonnaise. (Hit this 300 times)|3389|7 Jul 2018 5:16:03 PM|44076|45221|97.47|Common|Bronze
5531|Catsup|Starchy fashion. (Hit this 200 times)|3388|7 Jul 2018 5:15:00 PM|44124|45221|97.57|Common|Bronze
5531|Potato!|Banana? (Hit this 300 times)|3387|7 Jul 2018 5:14:14 PM|44177|45221|97.69|Common|Bronze
5531|Banana!|Cool whip is sexy. (Hit this 200 times)|3386|7 Jul 2018 5:13:20 PM|44238|45221|97.83|Common|Bronze
5531|Crème a la Mayo|Tap it wild and free. (Hit this 125 times)|3385|7 Jul 2018 5:12:40 PM|44321|45221|98.01|Common|Bronze
5531|Topless!|Keep wearing the leopard (Hit this 100 times)|3384|7 Jul 2018 5:11:58 PM|44439|45221|98.27|Common|Bronze
5531|Cheetah|Wear the bikini. (Hit this 50 times)|3383|7 Jul 2018 5:11:23 PM|44584|45221|98.59|Common|Bronze
5531|An ingredient to rule them all|Hit 10000 times!|3382|7 Jul 2018 5:08:07 PM|43913|45221|97.11|Common|Gold
5531|*The Crow movie pun*|Hit 8000 times!|3381|7 Jul 2018 5:04:08 PM|43972|45221|97.24|Common|Bronze
5531|Venus-wise|Hit 5000 times!|3380|7 Jul 2018 4:57:09 PM|44222|45221|97.79|Common|Bronze
5531|Knee record|Hit 3000 times!|3379|7 Jul 2018 4:52:12 PM|44403|45221|98.19|Common|Bronze
5531|Short timer|Hit 1500 times!|3378|7 Jul 2018 4:48:27 PM|44647|45221|98.73|Common|Bronze
5531|Club|Hit 700 times!|3377|7 Jul 2018 4:46:18 PM|44826|45221|99.13|Common|Bronze
5531|Nosey Caesar|Hit 550 times!|3376|7 Jul 2018 4:45:56 PM|44863|45221|99.21|Common|Bronze
5531|Go eat cake|Hit 500 times!|3375|7 Jul 2018 4:45:47 PM|44898|45221|99.29|Common|Bronze
5531|20th century diet|Hit 350 times!|3374|7 Jul 2018 4:45:20 PM|44933|45221|99.36|Common|Bronze
5531|Micro downsizing|Hit 200 times!|3373|7 Jul 2018 4:44:57 PM|44977|45221|99.46|Common|Bronze
5531|Balls of yarn|Amazing Story (150 hits)|3372|7 Jul 2018 4:44:49 PM|44989|45221|99.49|Common|Bronze
5531|Something important|A Story About Life. (120 hits)|3371|7 Jul 2018 4:44:48 PM|45009|45221|99.53|Common|Bronze
5531|Young Boy|I am Mayonnaise (90 hits)|3370|7 Jul 2018 4:44:41 PM|45022|45221|99.56|Common|Bronze
5531|Red Bikini!|This will cheer you up! (Hit Mayo 75 times)|3369|7 Jul 2018 4:44:39 PM|45023|45221|99.56|Common|Bronze
5531|Trimmed hearts|Hit 50 times!|3368|7 Jul 2018 4:44:36 PM|45035|45221|99.59|Common|Bronze
5531|No brainer|Hit 20 times!|3367|7 Jul 2018 4:44:33 PM|45051|45221|99.62|Common|Bronze
5531|You can see the hits!|Hit the Mayo 5 times!|3366|7 Jul 2018 4:44:22 PM|45074|45221|99.67|Common|Bronze
3188|We Had Fun, Didn't We?|Complete Tales From The Borderlands|3365|6 Jul 2018 11:57:12 PM|93516|171786|54.44|Common|Platinum
3188|Tales Twice Told|Completed Episode 5|3364|6 Jul 2018 11:57:12 PM|93693|171786|54.54|Common|Gold
3188|What's It Worth?|Completed Chapter 6 of Episode 5|3363|6 Jul 2018 11:39:54 PM|93743|171786|54.57|Common|Silver
3188|Time's A Wastin'|Completed Chapter 5 of Episode 5|3362|6 Jul 2018 11:14:58 PM|93852|171786|54.63|Common|Bronze
3188|Definition Of Insanity|Completed Chapter 4 of Episode 5|3361|6 Jul 2018 10:43:45 PM|93959|171786|54.7|Common|Bronze
3188|Give And Take (Mostly Take)|Completed Chapter 3 of Episode 5|3360|6 Jul 2018 10:34:37 PM|94017|171786|54.73|Common|Bronze
3188|Unforseen Consequences|Completed Chapter 2 of Episode 5|3359|6 Jul 2018 10:12:20 PM|94107|171786|54.78|Common|Bronze
3188|A Maze Of Twisty Passages, All Alike|Completed Chapter 1 of Episode 5|3358|6 Jul 2018 10:04:28 PM|94161|171786|54.81|Common|Bronze
3668|Sixth Sense|Beat the Game|3357|6 Jul 2018 9:31:40 PM|1587|2909|54.55|Common|Silver
3668|Knight Light|Solve the Knight Puzzle|3356|6 Jul 2018 9:25:32 PM|1593|2909|54.76|Common|Bronze
3668|Rest Your Soul|Rest at a bonfire|3355|6 Jul 2018 9:20:45 PM|1390|2909|47.78|Uncommon|Bronze
3668|Family Reunion|Find Your Dad|3354|6 Jul 2018 9:17:50 PM|1631|2909|56.07|Common|Bronze
3668|This S*** is Bananas|Find the Animax logo|3353|6 Jul 2018 9:16:25 PM|1368|2909|47.03|Uncommon|Bronze
3668|Light Light|Find the Night Light logo|3352|6 Jul 2018 9:12:39 PM|1282|2909|44.07|Uncommon|Bronze
3668|Wine Not|Open the Wine Cellar Passage|3351|6 Jul 2018 9:11:20 PM|1636|2909|56.24|Common|Bronze
3668|Ready Corset Ghost!|Set Fleur free|3350|6 Jul 2018 9:10:12 PM|1647|2909|56.62|Common|Bronze
3668|Fantastic Amphibian|Find the amazing frog|3349|6 Jul 2018 9:02:50 PM|1549|2909|53.25|Common|Bronze
3668|Irish He Was Alive|Set Darby Free|3348|6 Jul 2018 8:55:17 PM|1732|2909|59.54|Common|Bronze
3668|Flower Power|Escape the Garden Maze|3347|6 Jul 2018 8:53:46 PM|1739|2909|59.78|Common|Bronze
3668|Itsy Bitsy|Escape the Trophy Room|3346|6 Jul 2018 8:36:43 PM|1856|2909|63.8|Common|Bronze
3668|What does the Fox Say?|Find the fox|3345|6 Jul 2018 8:35:12 PM|1841|2909|63.29|Common|Bronze
3668|What Ghost Up Must Come Down|Create a path for Elena|3344|6 Jul 2018 8:32:53 PM|1887|2909|64.87|Common|Bronze
3668|Free Bird|Set Flying Hawk Free|3343|6 Jul 2018 8:30:36 PM|1955|2909|67.21|Common|Silver
3668|Give Them A Hand|Escape the Basement|3342|6 Jul 2018 8:28:59 PM|1993|2909|68.51|Common|Bronze
3668|It's a Me, Boo|Find the Secret Room|3341|6 Jul 2018 8:23:48 PM|1439|2909|49.47|Uncommon|Bronze
3668|I Ain't Afraid Of No Ghost|Escape the Catacombs|3340|6 Jul 2018 8:21:10 PM|2389|2909|82.12|Common|Bronze
3668|First Contact|Meet Flying Hawk|3339|6 Jul 2018 8:16:32 PM|2745|2909|94.36|Common|Bronze
3663|Sixth Sense|Beat the Game|3338|6 Jul 2018 7:50:01 PM|408|795|51.32|Common|Silver
3663|Knight Light|Solve the Knight Puzzle|3337|6 Jul 2018 7:35:55 PM|407|795|51.19|Common|Bronze
3663|Rest Your Soul|Rest at a bonfire|3336|6 Jul 2018 7:29:07 PM|377|795|47.42|Uncommon|Bronze
3663|Family Reunion|Find Your Dad|3335|6 Jul 2018 7:16:53 PM|415|795|52.2|Common|Bronze
3663|This S*** is Bananas|Find the Animax logo|3334|6 Jul 2018 7:13:22 PM|371|795|46.67|Uncommon|Bronze
3663|Light Light|Find the Night Light logo|3333|6 Jul 2018 6:58:47 PM|353|795|44.4|Uncommon|Bronze
3663|Wine Not|Open the Wine Cellar Passage|3332|6 Jul 2018 6:56:19 PM|416|795|52.33|Common|Bronze
3663|Ready Corset Ghost!|Set Fleur free|3331|6 Jul 2018 6:54:34 PM|419|795|52.7|Common|Bronze
3663|Fantastic Amphibian|Find the amazing frog|3330|6 Jul 2018 6:40:18 PM|404|795|50.82|Common|Bronze
3663|Irish He Was Alive|Set Darby Free|3329|6 Jul 2018 6:28:30 PM|437|795|54.97|Common|Bronze
3663|Flower Power|Escape the Garden Maze|3328|6 Jul 2018 6:25:58 PM|440|795|55.35|Common|Bronze
3663|Itsy Bitsy|Escape the Trophy Room|3327|6 Jul 2018 5:44:52 PM|483|795|60.75|Common|Bronze
3663|What does the Fox Say?|Find the fox|3326|6 Jul 2018 5:41:01 PM|485|795|61.01|Common|Bronze
3663|It's a Me, Boo|Find the Secret Room|3325|6 Jul 2018 5:34:29 PM|416|795|52.33|Common|Bronze
3663|What Ghost Up Must Come Down|Create a path for Elena|3324|6 Jul 2018 2:06:00 AM|488|795|61.38|Common|Bronze
3663|Free Bird|Set Flying Hawk Free|3323|6 Jul 2018 2:00:25 AM|499|795|62.77|Common|Silver
3663|Give Them A Hand|Escape the Basement|3322|6 Jul 2018 1:55:28 AM|511|795|64.28|Common|Bronze
3663|I Ain't Afraid Of No Ghost|Escape the Catacombs|3321|6 Jul 2018 1:36:14 AM|608|795|76.48|Common|Bronze
3663|First Contact|Meet Flying Hawk|3320|6 Jul 2018 1:19:18 AM|725|795|91.19|Common|Bronze
3188|…There You Are|Completed Episode 4|3319|5 Jul 2018 7:34:10 PM|94828|171786|55.2|Common|Silver
3188|No Matter Where You Go…|Completed Chapter 6 of Episode 4|3318|5 Jul 2018 7:23:40 PM|94883|171786|55.23|Common|Silver
3188|Light This Candle|Completed Chapter 5 of Episode 4|3317|5 Jul 2018 7:17:53 PM|94924|171786|55.26|Common|Silver
3188|It's Not The Years, It's The Mileage|Completed Chapter 4 of Episode 4|3316|5 Jul 2018 7:09:01 PM|94988|171786|55.29|Common|Bronze
3188|Ain't My First Rodeo|Completed Chapter 3 of Episode 4|3315|5 Jul 2018 6:52:19 PM|95160|171786|55.39|Common|Silver
3188|Alive And Not Afraid|Completed Chapter 2 of Episode 4|3314|4 Jul 2018 6:51:10 PM|95373|171786|55.52|Common|Bronze
3188|Ain't Got Time To Bleed|Completed Chapter 1 of Episode 4|3313|4 Jul 2018 6:35:27 PM|95639|171786|55.67|Common|Bronze
3188|Angry Eyes|Completed Episode 3|3312|4 Jul 2018 6:16:49 PM|97021|171786|56.48|Common|Gold
3188|Maneater|Completed Chapter 6 of Episode 3|3311|4 Jul 2018 6:11:11 PM|97041|171786|56.49|Common|Silver
3188|Rupture|Completed Chapter 5 of Episode 3|3310|4 Jul 2018 5:54:26 PM|97178|171786|56.57|Common|Bronze
3188|So Many Bandits, So Little Time|Completed Chapter 4 of Episode 3|3309|4 Jul 2018 5:22:00 PM|97514|171786|56.76|Common|Bronze
3188|Point Of No Return|Completed Chapter 3 of Episode 3|3308|4 Jul 2018 4:56:52 PM|98135|171786|57.13|Common|Bronze
3188|Temptation|Completed Chapter 2 of Episode 3|3307|4 Jul 2018 3:06:56 PM|98650|171786|57.43|Common|Bronze
3188|Don't Make Me Wait|Completed Chapter 1 of Episode 3|3306|4 Jul 2018 2:44:05 PM|98896|171786|57.57|Common|Bronze
3188|Miracle of Atlas Engineering|Completed Episode 2|3305|4 Jul 2018 2:32:51 PM|101429|171786|59.04|Common|Gold
3188|Bro or Bot|Completed Chapter 6 of Episode 2|3304|4 Jul 2018 2:15:58 PM|101628|171786|59.16|Common|Silver
3188|Classic Reflexes|Completed Chapter 5 of Episode 2|3303|4 Jul 2018 2:11:01 PM|101984|171786|59.37|Common|Bronze
3188|Funeral Crashers|Completed Chapter 4 of Episode 2|3302|4 Jul 2018 2:08:28 PM|102070|171786|59.42|Common|Bronze
3188|A Plan Came Together|Completed Chapter 3 of Episode 2|3301|4 Jul 2018 1:36:24 PM|103312|171786|60.14|Common|Bronze
7125|Big Adventurer|Obtain all trophies|3300|4 Jul 2018 1:44:05 AM|3751|3830|97.94|Common|Platinum
7125|Stage 3 Completed|Complete Stage 3|3299|4 Jul 2018 1:44:05 AM|3753|3830|97.99|Common|Gold
7125|Level 12 Completed|Complete Level 12|3298|4 Jul 2018 1:43:59 AM|3753|3830|97.99|Common|Gold
7125|Triple the Defense|Raise your Defensive Shield to 3x|3297|4 Jul 2018 1:43:46 AM|3751|3830|97.94|Common|Bronze
7125|Level 11 Completed|Complete Level 11|3296|4 Jul 2018 1:42:54 AM|3755|3830|98.04|Common|Gold
7125|Level 10 Completed|Complete Level 10|3295|4 Jul 2018 1:41:17 AM|3755|3830|98.04|Common|Gold
7125|Level 9 Completed|Complete Level 9|3294|4 Jul 2018 1:40:06 AM|3761|3830|98.2|Common|Gold
7125|Stage 2 Completed|Complete Stage 2|3293|4 Jul 2018 1:38:36 AM|3763|3830|98.25|Common|Gold
7125|Level 8 Completed|Complete Level 8|3292|4 Jul 2018 1:38:28 AM|3764|3830|98.28|Common|Silver
7125|Level 7 Completed|Complete Level 7|3291|4 Jul 2018 1:36:14 AM|3767|3830|98.36|Common|Silver
7125|Level 6 Completed|Complete Level 6|3290|4 Jul 2018 1:27:29 AM|3800|3830|99.22|Common|Silver
7125|Level 5 Completed|Complete Level 5|3289|4 Jul 2018 1:25:57 AM|3810|3830|99.48|Common|Silver
7125|Double the Defense|Raise your Defensive Shield to 2x|3288|4 Jul 2018 1:25:31 AM|3812|3830|99.53|Common|Bronze
7125|Shield Up|Collect your first Defensive Shield|3287|4 Jul 2018 1:24:58 AM|3812|3830|99.53|Common|Bronze
7125|Stage 1 Completed|Complete Stage 1|3286|4 Jul 2018 1:24:24 AM|3815|3830|99.61|Common|Gold
7125|Level 4 Completed|Complete Level 4|3285|4 Jul 2018 1:24:13 AM|3817|3830|99.66|Common|Silver
7125|Triple the Power|Raise your Attack power to 3x|3284|4 Jul 2018 1:23:57 AM|3817|3830|99.66|Common|Bronze
7125|Level 3 Completed|Complete Level 3|3283|4 Jul 2018 1:22:45 AM|3816|3830|99.63|Common|Silver
7125|Double the Power|Raise your Attack power to 2x|3282|4 Jul 2018 1:22:04 AM|3817|3830|99.66|Common|Bronze
7125|Attack Power Up|Collect your first Attack Power Up|3281|4 Jul 2018 1:21:34 AM|3817|3830|99.66|Common|Bronze
7125|Level 2 Completed|Complete Level 2|3280|4 Jul 2018 1:20:46 AM|3819|3830|99.71|Common|Silver
7125|Level 1 Completed|Complete Level 1|3279|4 Jul 2018 1:19:32 AM|3826|3830|99.9|Common|Silver
3188|Till Death Do Us Part|Completed Chapter 2 of Episode 2|3278|3 Jul 2018 8:24:44 PM|103870|171786|60.46|Common|Bronze
3188|Deal With A Ghost|Completed Chapter 1 of Episode 2|3277|3 Jul 2018 8:13:50 PM|104267|171786|60.7|Common|Bronze
3188|Devil on Your Shoulder|Completed Episode 1|3276|3 Jul 2018 6:36:29 PM|118472|171786|68.96|Common|Gold
3188|Blood Money|Completed Chapter 6 of Episode 1|3275|3 Jul 2018 6:31:40 PM|118993|171786|69.27|Common|Gold
3188|2 Fast 2 Fiona|Completed Chapter 5 of Episode 1|3274|3 Jul 2018 6:08:02 PM|120341|171786|70.05|Common|Silver
3188|Not Alone in the Dark|Completed Chapter 4 of Episode 1|3273|3 Jul 2018 5:52:57 PM|122568|171786|71.35|Common|Silver
3188|Partners In Crime|Completed Chapter 3 of Episode 1|3272|3 Jul 2018 5:41:39 PM|123457|171786|71.87|Common|Silver
