7160|Midnight Deluxe|false|true|false|14|2344|https://psnprofiles.com/trophies/7160-midnight-deluxe/|true|29 Jul 2018 11:48:06 AM|29 Jul 2018 12:53:36 PM|true|true
7146|Midnight Deluxe|false|false|true|14|4854|https://psnprofiles.com/trophies/7146-midnight-deluxe/|true|29 Jul 2018 10:51:42 AM|29 Jul 2018 11:41:47 AM|true|true
7008|Squareboy vs Bullies|false|false|true|27|2458|https://psnprofiles.com/trophies/7008-squareboy-vs-bullies/|true|27 Jul 2018 2:17:15 PM|27 Jul 2018 4:56:39 PM|true|true
7081|36 Fragments of Midnight|false|false|true|12|7207|https://psnprofiles.com/trophies/7081-36-fragments-of-midnight/|true|27 Jul 2018 1:38:14 PM|27 Jul 2018 2:10:09 PM|true|true
6453|Batman: The Enemy Within|false|false|true|31|17146|https://psnprofiles.com/trophies/6453-batman-the-enemy-within/|true|24 Jul 2018 1:29:56 PM|27 Jul 2018 1:29:13 PM|true|true
6737|36 Fragments of Midnight|false|true|false|12|3324|https://psnprofiles.com/trophies/6737-36-fragments-of-midnight/|true|26 Jul 2018 1:50:16 PM|26 Jul 2018 11:07:49 PM|true|true
4819|SA7: Silent Ability Seven|false|true|false|28|421|https://psnprofiles.com/trophies/4819-sa7-silent-ability-seven/|true|24 Jul 2018 4:57:38 PM|24 Jul 2018 8:10:15 PM|true|true
60|Sonic's Ultimate Genesis Collection|true|false|false|35|71875|https://psnprofiles.com/trophies/60-sonics-ultimate-genesis-collection/|true|23 Jul 2018 3:17:59 PM|24 Jul 2018 12:56:32 PM|true|true
5682|Battle Garegga Rev.2016|false|false|true|38|1050|https://psnprofiles.com/trophies/5682-battle-garegga-rev2016/|true|23 Jul 2018 11:11:28 AM|23 Jul 2018 2:28:37 PM|true|true
7853|Super Destronaut DX|false|false|true|14|2509|https://psnprofiles.com/trophies/7853-super-destronaut-dx/|true|23 Jul 2018 9:50:34 AM|23 Jul 2018 10:13:01 AM|true|true
1770|Virtua Fighter 2|true|false|false|12|9451|https://psnprofiles.com/trophies/1770-virtua-fighter-2/|false|23 Jul 2018 9:18:30 AM|23 Jul 2018 9:43:41 AM|true|true
1768|Fighting Vipers|true|false|false|15|9673|https://psnprofiles.com/trophies/1768-fighting-vipers/|false|23 Jul 2018 8:25:59 AM|23 Jul 2018 9:09:42 AM|true|true
1127|Daytona USA|true|false|false|12|21147|https://psnprofiles.com/trophies/1127-daytona-usa/|false|23 Jul 2018 7:35:33 AM|23 Jul 2018 8:15:50 AM|true|true
7855|Super Destronaut DX|false|true|false|14|1368|https://psnprofiles.com/trophies/7855-super-destronaut-dx/|true|22 Jul 2018 9:37:08 PM|22 Jul 2018 10:02:51 PM|true|true
7503|InkSplosion|false|false|true|14|3303|https://psnprofiles.com/trophies/7503-inksplosion/|true|21 Jul 2018 4:04:19 PM|21 Jul 2018 4:58:06 PM|true|true
3163|Rugby 15|true|false|false|21|1532|https://psnprofiles.com/trophies/3163-rugby-15/|true|21 Jul 2018 9:18:44 AM|21 Jul 2018 3:34:00 PM|true|true
6778|Squareboy vs Bullies|false|true|false|27|1451|https://psnprofiles.com/trophies/6778-squareboy-vs-bullies/|true|20 Jul 2018 9:21:50 PM|21 Jul 2018 8:28:44 AM|true|true
6809|Chaos;Child|false|false|true|34|422|https://psnprofiles.com/trophies/6809-chaoschild/|true|19 Jul 2018 5:40:59 PM|19 Jul 2018 9:33:21 PM|true|true
3222|Rugby 15|false|false|true|21|1148|https://psnprofiles.com/trophies/3222-rugby-15/|true|19 Jul 2018 1:12:48 PM|19 Jul 2018 4:14:00 PM|true|true
5479|√Letter|false|false|true|27|1723|https://psnprofiles.com/trophies/5479-letter/|true|18 Jul 2018 5:53:46 PM|19 Jul 2018 9:16:37 AM|true|true
7614|Psychedelica of the Ashen Hawk|false|true|false|36|158|https://psnprofiles.com/trophies/7614-psychedelica-of-the-ashen-hawk/|true|17 Jul 2018 10:13:38 AM|17 Jul 2018 2:37:39 PM|true|true
7518|Psychedelica of the Black Butterfly|false|true|false|34|334|https://psnprofiles.com/trophies/7518-psychedelica-of-the-black-butterfly/|true|15 Jul 2018 10:13:49 AM|16 Jul 2018 3:12:56 PM|true|true
5464|√Letter|false|true|false|27|1514|https://psnprofiles.com/trophies/5464-letter/|true|8 Jul 2018 10:22:11 AM|14 Jul 2018 1:33:31 PM|true|true
5478|√Letter|false|true|false|27|1064|https://psnprofiles.com/trophies/5478-letter/|true|8 Jul 2018 10:22:12 AM|10 Jul 2018 12:09:01 PM|true|true
6873|Chaos;Child|false|true|false|34|646|https://psnprofiles.com/trophies/6873-chaoschild/|true|6 Jul 2018 1:17:53 PM|7 Jul 2018 1:26:28 PM|true|true
6874|Chaos;Child|false|true|false|34|514|https://psnprofiles.com/trophies/6874-chaoschild/|true|6 Jul 2018 1:17:54 PM|7 Jul 2018 1:25:02 PM|true|true
4004|Code: Realize - Guardian of Rebirth|false|true|false|32|10820|https://psnprofiles.com/trophies/4004-code-realize-guardian-of-rebirth/|true|5 Jul 2018 12:54:09 PM|6 Jul 2018 12:50:42 PM|true|true
7378|7'scarlet|false|true|false|23|333|https://psnprofiles.com/trophies/7378-7scarlet/|true|5 Jul 2018 10:04:48 AM|5 Jul 2018 12:32:21 PM|true|true
7504|InkSplosion|false|true|false|14|1558|https://psnprofiles.com/trophies/7504-inksplosion/|true|4 Jul 2018 12:49:41 PM|4 Jul 2018 2:12:32 PM|true|true
4718|Zero Time Dilemma|false|true|true|33|11226|https://psnprofiles.com/trophies/4718-zero-time-dilemma/|true|3 Jul 2018 10:04:11 AM|4 Jul 2018 12:31:17 PM|true|true
7343|Hakuoki: Edo Blossoms|false|true|false|36|211|https://psnprofiles.com/trophies/7343-hakuoki-edo-blossoms/|true|1 Jul 2018 11:57:53 AM|2 Jul 2018 2:07:39 PM|true|true
6880|Code: Realize - Future Blessings|false|true|false|32|422|https://psnprofiles.com/trophies/6880-code-realize-future-blessings/|true|1 Jul 2018 10:08:34 AM|1 Jul 2018 11:12:03 AM|true|true
